"Pg","Cassini","HST","Visible=Average_Cassini_HST","F164N","F212N","F335M","D164N=F164N-Visible","D212N=F212N-Visible","D335M=F335M-Visible","DUV=UV-Visible"
-60,6.438,5.06,5.749,6.503,-0.498,0.327,0.754,-6.247,-5.422,-11.661
-59.9,4.501,4.155,4.328,5.258,-0.84,-1.483,0.929,-5.168,-5.811,-9.842
-59.8,3.801,3.328,3.564,4.046,-1.181,-3.089,0.482,-4.746,-6.654,-8.675
-59.7,3.76,2.465,3.113,2.857,-1.581,-4.503,-0.256,-4.693,-7.616,-7.817
-59.6,3.227,1.635,2.431,1.783,-1.983,-5.703,-0.648,-4.415,-8.135,-6.725
-59.5,2.983,0.898,1.94,0.875,-2.439,-6.713,-1.065,-4.379,-8.654,-5.819
-59.4,2.306,0.513,1.41,0.126,-2.94,-7.545,-1.284,-4.35,-8.954,-4.869
-59.3,1.682,0.215,0.949,-0.518,-3.345,-8.323,-1.467,-4.294,-9.271,-3.985
-59.2,1.401,0.007,0.704,-1.153,-3.538,-9.301,-1.857,-4.242,-10.005,-3.313
-59.1,0.962,-0.178,0.392,-1.735,-3.555,-10.356,-2.127,-3.947,-10.748,-2.569
-59,0.416,-0.23,0.093,-2.25,-3.495,-11.23,-2.343,-3.588,-11.323,-1.834
-58.9,-0.396,-0.44,-0.418,-2.692,-3.408,-11.727,-2.274,-2.991,-11.309,-0.882
-58.8,-0.768,-0.67,-0.719,-3.091,-3.317,-12.008,-2.372,-2.598,-11.289,-0.14
-58.7,-0.995,-1.084,-1.039,-3.508,-3.289,-12.255,-2.469,-2.25,-11.216,0.604
-58.6,-1.781,-1.275,-1.528,-4.014,-3.34,-12.622,-2.486,-1.812,-11.094,1.476
-58.5,-2.025,-1.672,-1.848,-4.519,-3.49,-12.897,-2.671,-1.641,-11.049,2.119
-58.4,-2.968,-1.862,-2.415,-4.966,-3.78,-12.96,-2.551,-1.365,-10.545,2.924
-58.3,-3.067,-2.123,-2.595,-5.343,-4.207,-12.754,-2.747,-1.612,-10.159,3.236
-58.2,-3.304,-2.412,-2.858,-5.646,-4.65,-12.463,-2.787,-1.792,-9.605,3.504
-58.1,-3.662,-2.506,-3.084,-5.887,-4.975,-12.288,-2.802,-1.89,-9.204,3.584
-58,-4,-2.329,-3.164,-6.072,-5.177,-12.274,-2.908,-2.012,-9.109,3.3
-57.9,-4.331,-2.016,-3.174,-6.169,-5.32,-12.305,-2.995,-2.146,-9.131,2.795
-57.8,-4.542,-2.116,-3.329,-6.154,-5.472,-12.309,-2.825,-2.143,-8.98,2.322
-57.7,-4.431,-2.286,-3.358,-6.045,-5.633,-12.271,-2.686,-2.275,-8.912,1.648
-57.6,-4.591,-2.557,-3.574,-5.931,-5.72,-12.233,-2.357,-2.146,-8.659,1.122
-57.5,-4.919,-2.79,-3.854,-5.916,-5.67,-12.229,-2.062,-1.816,-8.375,0.66
-57.4,-4.892,-3.041,-3.967,-5.973,-5.49,-12.254,-2.006,-1.523,-8.288,0.067
-57.3,-5.237,-3.31,-4.273,-6.061,-5.285,-12.247,-1.788,-1.012,-7.973,-0.232
-57.2,-5.24,-3.433,-4.337,-6.128,-5.142,-12.147,-1.791,-0.805,-7.81,-0.762
-57.1,-5.498,-3.71,-4.604,-6.209,-5.051,-11.976,-1.605,-0.447,-7.373,-1.071
-57,-5.792,-3.916,-4.854,-6.34,-5.03,-11.788,-1.486,-0.176,-6.934,-1.377
-56.9,-5.658,-4.223,-4.941,-6.562,-5.093,-11.65,-1.621,-0.152,-6.709,-1.821
-56.8,-5.86,-4.522,-5.191,-6.82,-5.219,-11.511,-1.629,-0.028,-6.32,-2.073
-56.7,-5.766,-4.619,-5.193,-7.051,-5.374,-11.33,-1.858,-0.181,-6.137,-2.54
-56.6,-5.695,-4.571,-5.133,-7.231,-5.556,-11.096,-2.098,-0.423,-5.963,-3.031
-56.5,-5.761,-4.64,-5.2,-7.362,-5.707,-10.814,-2.162,-0.506,-5.614,-3.353
-56.4,-5.908,-4.73,-5.319,-7.449,-5.749,-10.497,-2.13,-0.431,-5.178,-3.578
-56.3,-5.806,-4.715,-5.26,-7.505,-5.67,-10.159,-2.245,-0.41,-4.898,-3.93
-56.2,-5.779,-4.617,-5.198,-7.472,-5.506,-9.766,-2.274,-0.309,-4.569,-4.231
-56.1,-5.723,-4.841,-5.282,-7.333,-5.296,-9.333,-2.051,-0.014,-4.05,-4.327
-56,-5.804,-5.097,-5.451,-7.087,-5.05,-8.866,-1.636,0.4,-3.416,-4.276
-55.9,-5.544,-4.93,-5.237,-6.72,-4.791,-8.288,-1.482,0.447,-3.051,-4.54
-55.8,-5.372,-4.84,-5.106,-6.234,-4.563,-7.512,-1.128,0.543,-2.406,-4.65
-55.7,-5.563,-5.174,-5.368,-5.639,-4.371,-6.543,-0.27,0.997,-1.174,-4.292
-55.6,-5.691,-5.909,-5.8,-5.016,-4.213,-5.566,0.783,1.587,0.233,-3.684
-55.5,-5.965,-5.655,-5.81,-4.454,-4.127,-4.748,1.356,1.682,1.062,-3.414
-55.4,-6.961,-4.33,-5.646,-3.948,-4.089,-4.097,1.697,1.556,1.549,-3.23
-55.3,-8.075,-2.422,-5.249,-3.507,-3.976,-3.614,1.742,1.273,1.634,-3.187
-55.2,-9.055,-0.808,-4.931,-3.173,-3.704,-3.28,1.759,1.228,1.651,-2.967
-55.1,-6.753,0.071,-3.341,-2.908,-3.278,-3.107,0.434,0.064,0.234,-3.919
-55,-5.087,0.594,-2.246,-2.606,-2.702,-3.06,-0.36,-0.456,-0.813,-4.271
-54.9,-4.35,1.072,-1.639,-2.241,-2.016,-3.122,-0.601,-0.377,-1.482,-4.026
-54.8,-2.42,2.002,-0.209,-1.762,-1.205,-3.244,-1.553,-0.995,-3.035,"-NaN"
-54.7,-1.055,3.08,1.013,-1.09,-0.303,-3.3,-2.103,-1.316,-4.313,"-NaN"
-54.6,1.054,4.24,2.647,-0.283,0.736,-3.239,-2.93,-1.911,-5.886,"-NaN"
-54.5,1.398,5.15,3.274,0.772,1.761,-3.036,-2.502,-1.513,-6.31,"-NaN"
-54.4,3.42,6.448,4.934,2.118,2.492,-2.621,-2.816,-2.442,-7.556,"-NaN"
-54.3,6.362,7.656,7.009,3.672,2.682,-1.776,-3.337,-4.327,-8.785,"-NaN"
-54.2,7.307,9.857,8.582,5.546,2.811,-0.956,-3.036,-5.771,-9.538,"-NaN"
-54.1,7.819,12.358,10.088,7.742,3.351,-0.703,-2.346,-6.737,-10.791,"-NaN"
-54,9.035,13.933,11.484,10.267,4.509,-1.479,-1.217,-6.975,-12.963,"-NaN"
-53.9,11.503,15.054,13.278,12.991,5.922,-2.139,-0.287,-7.357,-15.417,"-NaN"
-53.8,13.928,16.134,15.031,15.661,7.307,-1.697,0.63,-7.724,-16.728,"-NaN"
-53.7,17.36,19.592,18.476,18.185,8.218,-0.196,-0.291,-10.258,-18.671,"-NaN"
-53.6,19.581,23.119,21.35,20.623,9.311,1.959,-0.726,-12.039,-19.391,"-NaN"
-53.5,19.498,25.915,22.707,23.005,11.039,4.187,0.299,-11.667,-18.52,"-NaN"
-53.4,20.319,27.436,23.878,25.391,13.685,6.766,1.514,-10.193,-17.111,"-NaN"
-53.3,20.635,29.443,25.039,27.544,16.742,9.824,2.505,-8.297,-15.215,"-NaN"
-53.2,21.463,31.704,26.583,29.283,19.682,13.511,2.7,-6.901,-13.072,"-NaN"
-53.1,27.505,33.877,30.691,30.576,22.287,17.702,-0.115,-8.404,-12.989,"-NaN"
-53,31.744,35.552,33.648,31.62,24.876,21.895,-2.029,-8.772,-11.753,"-NaN"
-52.9,32.967,37.066,35.016,32.684,27.709,25.607,-2.332,-7.307,-9.409,"-NaN"
-52.8,35.987,38.499,37.243,33.83,30.78,28.784,-3.413,-6.463,-8.459,"-NaN"
-52.7,36.125,39.827,37.976,34.843,33.562,31.48,-3.133,-4.414,-6.496,"-NaN"
-52.6,35.404,41.103,38.253,35.652,35.753,33.733,-2.601,-2.5,-4.52,"-NaN"
-52.5,37.459,41.931,39.695,36.258,37.312,35.575,-3.437,-2.383,-4.12,"-NaN"
-52.4,36.107,41.882,38.994,36.701,38.031,36.948,-2.293,-0.963,-2.047,"-NaN"
-52.3,35.661,41.448,38.555,37.2,37.879,38.104,-1.355,-0.676,-0.45,"-NaN"
-52.2,37.077,40.414,38.745,37.612,36.901,38.957,-1.134,-1.844,0.212,"-NaN"
-52.1,37.106,39.52,38.313,37.647,35.438,39.229,-0.666,-2.875,0.916,"-NaN"
-52,33.45,38.64,36.045,37.206,34.012,38.986,1.161,-2.033,2.941,-26.045
-51.9,31.369,37.385,34.377,36.261,32.356,38.114,1.883,-2.021,3.737,-24.587
-51.8,29.152,34.943,32.047,34.794,30.507,36.591,2.747,-1.54,4.544,-22.476
-51.7,26.872,31.719,29.295,32.894,28.582,34.513,3.599,-0.713,5.217,-19.952
-51.6,24.956,28.139,26.548,30.563,26.533,31.898,4.016,-0.015,5.35,-17.44
-51.5,22.686,25.092,23.889,28.009,24.387,29.037,4.12,0.498,5.149,-15.023
-51.4,20.017,22.309,21.163,25.497,22.211,26.133,4.334,1.048,4.97,-12.547
-51.3,17.632,19.657,18.645,22.924,19.983,23.251,4.279,1.338,4.607,-10.284
-51.2,15.533,16.92,16.227,20.35,17.723,20.704,4.123,1.496,4.478,-8.126
-51.1,13.267,15.03,14.149,17.728,15.432,18.654,3.579,1.284,4.506,-6.312
-51,11.542,13.28,12.411,15.209,13.151,17.088,2.797,0.74,4.677,-4.842
-50.9,10.346,12.19,11.268,12.965,10.919,15.99,1.697,-0.349,4.722,-3.968
-50.8,9.021,10.363,9.692,11.107,8.699,15.296,1.415,-0.993,5.604,-2.69
-50.7,7.993,9.057,8.525,9.504,6.623,14.953,0.979,-1.902,6.428,-1.827
-50.6,6.622,7.413,7.017,7.995,4.792,14.715,0.978,-2.225,7.697,-0.624
-50.5,5.398,6.405,5.901,6.38,3.225,14.612,0.478,-2.676,8.71,0.195
-50.4,4.275,5.283,4.779,4.866,1.905,14.273,0.087,-2.875,9.494,1.032
-50.3,3.582,3.958,3.77,3.527,0.78,13.214,-0.243,-2.99,9.444,1.776
-50.2,3.065,2.375,2.72,2.418,-0.28,11.178,-0.302,-3,8.458,2.587
-50.1,2.174,1.008,1.591,1.447,-1.168,8.617,-0.143,-2.759,7.027,3.509
-50,0.359,-0.228,0.066,0.499,-1.906,6.033,0.434,-1.972,5.968,4.986
-49.9,-1.06,-1.29,-1.175,-0.507,-2.469,3.546,0.668,-1.294,4.721,6.235
-49.8,-2.286,-2.514,-2.4,-1.535,-2.967,1.043,0.865,-0.567,3.443,7.508
-49.7,-2.739,-3.599,-3.169,-2.618,-3.56,-1.496,0.551,-0.391,1.673,8.35
-49.6,-2.905,-4.735,-3.82,-3.797,-4.409,-4.113,0.023,-0.589,-0.293,9.081
-49.5,-3.183,-5.789,-4.486,-4.978,-5.366,-6.471,-0.492,-0.881,-1.985,9.82
-49.4,-3.785,-6.865,-5.325,-6.074,-6.342,-8.288,-0.749,-1.017,-2.963,10.708
-49.3,-4.048,-7.844,-5.946,-7.059,-7.318,-9.46,-1.113,-1.372,-3.515,11.337
-49.2,-4.905,-8.723,-6.814,-7.965,-8.232,-10.158,-1.151,-1.418,-3.344,12.157
-49.1,-6.096,-9.596,-7.846,-8.836,-9.019,-10.601,-0.989,-1.173,-2.755,13.069
-49,-6.915,-10.493,-8.704,-9.684,-9.68,-10.947,-0.98,-0.976,-2.243,13.718
-48.9,-7.741,-10.987,-9.364,-10.455,-10.154,-11.101,-1.091,-0.79,-1.736,14.064
-48.8,-8.63,-11.862,-10.246,-11.119,-10.368,-11.158,-0.873,-0.122,-0.912,14.115
-48.7,-9.549,-12.978,-11.263,-11.671,-10.301,-11.145,-0.408,0.962,0.118,14.182
-48.6,-10.225,-14.308,-12.267,-12.179,-10.193,-11.148,0.087,2.073,1.118,14.179
-48.5,-11.327,-15.479,-13.403,-12.775,-10.311,-11.317,0.628,3.092,2.086,14.313
-48.4,-11.856,-16.523,-14.189,-13.461,-10.704,-11.681,0.729,3.486,2.509,14.161
-48.3,-12.307,-17.328,-14.817,-14.054,-11.231,-12.185,0.763,3.587,2.632,13.978
-48.2,-12.688,-17.278,-14.983,-14.406,-11.79,-12.804,0.576,3.193,2.179,13.521
-48.1,-12.787,-17.478,-15.132,-14.493,-12.375,-13.533,0.639,2.757,1.599,13.296
-48,-13.13,-17.69,-15.41,-14.461,-12.999,-14.251,0.949,2.411,1.159,13.51
-47.9,-12.972,-17.832,-15.402,-14.539,-13.736,-14.841,0.862,1.666,0.561,14.052
-47.8,-12.671,-17.554,-15.112,-14.728,-14.554,-15.294,0.384,0.558,-0.182,14.631
-47.7,-12.734,-17.153,-14.944,-14.718,-15.085,-15.557,0.225,-0.142,-0.613,15.595
-47.6,-13.555,-16.975,-15.265,-14.244,-15.006,-15.599,1.021,0.258,-0.334,17.261
-47.5,-13.379,-17.484,-15.432,-13.307,-14.396,-15.425,2.124,1.036,0.007,18.933
-47.4,-12.42,-18.285,-15.352,-12.227,-13.487,-15.046,3.126,1.865,0.307,20.467
-47.3,-12.563,-18.15,-15.356,-11.383,-12.583,-14.523,3.974,2.773,0.833,22.14
-47.2,-12.375,-15.456,-13.916,-10.791,-11.686,-13.872,3.125,2.23,0.043,22.371
-47.1,-11.586,-11.951,-11.768,-10.163,-10.67,-13.144,1.605,1.098,-1.375,21.847
-47,-10.192,-9.433,-9.813,-9.277,-9.56,-12.435,0.536,0.252,-2.622,21.413
-46.9,-8.585,-7.769,-8.177,-8.014,-8.372,-11.761,0.163,-0.195,-3.584,20.78
-46.8,-7.898,-6.857,-7.378,-6.721,-7.031,-11.148,0.656,0.346,-3.771,20.897
-46.7,-6.458,-6.545,-6.502,-5.725,-5.555,-10.672,0.777,0.947,-4.17,20.854
-46.6,-4.835,-6.035,-5.435,-5.192,-3.964,-10.351,0.242,1.471,-4.916,20.539
-46.5,-4.471,-3.98,-4.226,-4.706,-2.143,-10.018,-0.481,2.083,-5.792,20.005
-46.4,-2.492,-0.686,-1.589,-3.939,-0.024,-9.617,-2.351,1.565,-8.028,17.97
-46.3,0.863,1.675,1.269,-2.78,2.429,-9.127,-4.048,1.16,-10.396,15.644
-46.2,2.684,2.915,2.8,-1.405,5.024,-8.272,-4.205,2.224,-11.071,14.578
-46.1,4.005,4.63,4.318,0.029,7.562,-6.809,-4.289,3.244,-11.126,13.461
-46,6.315,9.14,7.728,1.475,10.014,-4.736,-6.253,2.287,-12.464,10.393
-45.9,9.939,14.835,12.387,3.061,12.264,-2.3,-9.326,-0.124,-14.688,6.019
-45.8,10.4,18.452,14.426,4.861,14.18,0.237,-9.565,-0.246,-14.189,4.213
-45.7,11.354,19.281,15.318,6.929,15.798,2.834,-8.389,0.48,-12.483,3.504
-45.6,14.535,19.573,17.054,9.02,16.974,5.366,-8.035,-0.08,-11.688,1.904
-45.5,17.458,21.729,19.593,10.891,17.664,7.65,-8.702,-1.929,-11.943,-0.541
-45.4,18.402,24.007,21.204,12.474,17.867,9.672,-8.73,-3.338,-11.533,-2.098
-45.3,17.87,25.341,21.605,13.841,17.752,11.325,-7.764,-3.854,-10.281,-2.48
-45.2,17.265,25.327,21.296,15.023,17.564,12.488,-6.273,-3.732,-8.808,-2.184
-45.1,17.371,25.285,21.328,16.025,17.346,13.129,-5.303,-3.982,-8.199,-2.259
-45,18.441,25.799,22.12,16.96,17.206,13.579,-5.16,-4.914,-8.54,-3.119
-44.9,19.452,26.635,23.044,17.973,17.319,14.215,-5.07,-5.725,-8.829,-4.134
-44.8,20.177,27.974,24.075,19.088,17.705,15.153,-4.987,-6.37,-8.922,-5.275
-44.7,20.969,28.949,24.959,20.317,18.364,16.292,-4.641,-6.594,-8.666,-6.186
-44.6,22.321,29.871,26.096,21.702,19.246,17.651,-4.394,-6.851,-8.445,-7.393
-44.5,23.509,30.567,27.038,23.25,20.324,19.254,-3.788,-6.714,-7.784,-8.441
-44.4,24.271,31.528,27.899,24.916,21.657,20.985,-2.983,-6.243,-6.914,-9.442
-44.3,25.242,32.587,28.914,26.645,23.229,22.679,-2.269,-5.686,-6.235,-10.627
-44.2,26.345,33.766,30.056,28.457,25.054,24.231,-1.598,-5.001,-5.825,-11.963
-44.1,27.912,35.038,31.475,30.21,26.971,25.698,-1.264,-4.504,-5.777,-13.599
-44,29.323,36.227,32.775,31.747,28.767,27.075,-1.028,-4.009,-5.7,-15.134
-43.9,31.566,37.268,34.417,33.027,30.36,28.388,-1.389,-4.057,-6.029,-17.024
-43.8,33.195,37.799,35.497,34.058,31.784,29.587,-1.439,-3.713,-5.91,-18.363
-43.7,35.405,38.194,36.8,34.865,33.026,30.676,-1.935,-3.773,-6.123,-19.929
-43.6,37.268,38.493,37.88,35.587,34.183,31.68,-2.294,-3.698,-6.201,-21.276
-43.5,39.543,38.831,39.187,36.043,35.104,32.545,-3.144,-4.083,-6.642,-22.847
-43.4,40.818,39.109,39.964,36.188,35.744,33.285,-3.776,-4.219,-6.678,-23.881
-43.3,41.753,39.323,40.538,36.077,36.224,33.978,-4.46,-4.314,-6.56,-24.703
-43.2,42.552,39.21,40.881,35.655,36.345,34.48,-5.227,-4.537,-6.401,-25.281
-43.1,42.628,38.542,40.585,34.986,36.036,34.72,-5.599,-4.549,-5.865,-25.014
-43,42.495,37.272,39.884,34.208,35.321,34.831,-5.676,-4.563,-5.053,-24.318
-42.9,41.442,35.934,38.688,33.191,34.214,34.62,-5.498,-4.474,-4.068,-23.107
-42.8,39.47,34.51,36.99,31.949,32.876,34.007,-5.041,-4.114,-2.983,-21.378
-42.7,37.713,32.92,35.316,30.502,31.527,32.92,-4.815,-3.79,-2.397,-19.662
-42.6,35.787,31.16,33.473,28.897,29.965,31.469,-4.576,-3.508,-2.004,-17.771
-42.5,33.928,29.326,31.627,27.278,28.179,29.912,-4.349,-3.448,-1.715,-15.876
-42.4,31.974,27.475,29.725,25.776,26.121,28.613,-3.949,-3.603,-1.112,-13.927
-42.3,30.019,25.395,27.707,24.284,23.918,27.325,-3.423,-3.789,-0.382,-11.872
-42.2,27.959,23.465,25.712,22.782,21.752,25.921,-2.93,-3.959,0.209,-9.851
-42.1,26.091,21.67,23.881,21.249,19.82,24.199,-2.632,-4.061,0.318,-8.011
-42,24.134,19.572,21.853,19.697,18.034,22.364,-2.156,-3.819,0.511,-5.997
-41.9,21.412,17.853,19.632,18.134,16.344,20.655,-1.499,-3.288,1.023,-3.815
-41.8,19.335,16.352,17.843,16.532,14.599,19.353,-1.311,-3.244,1.51,-2.097
-41.7,18.263,15.095,16.679,14.93,12.903,18.258,-1.749,-3.777,1.579,-1.04
-41.6,16.932,14.047,15.489,13.394,11.453,17.187,-2.095,-4.036,1.697,0.003
-41.5,15.616,13.017,14.316,11.969,10.408,15.877,-2.348,-3.908,1.561,0.984
-41.4,14.41,12.31,13.36,10.642,9.712,14.485,-2.718,-3.648,1.125,1.698
-41.3,13.404,11.897,12.65,9.393,9.189,13.17,-3.258,-3.461,0.519,2.111
-41.2,12.823,11.448,12.136,8.155,8.622,12.091,-3.981,-3.513,-0.044,2.271
-41.1,11.296,10.815,11.056,6.964,8.041,11.193,-4.092,-3.015,0.137,2.932
-41,10.191,9.754,9.972,5.872,7.487,10.356,-4.101,-2.485,0.384,3.528
-40.9,9.254,8.808,9.031,4.909,6.968,9.459,-4.122,-2.064,0.427,3.644
-40.8,7.953,7.889,7.921,4.068,6.471,8.499,-3.853,-1.45,0.578,3.86
-40.7,6.182,7.023,6.602,3.293,5.929,7.529,-3.31,-0.674,0.927,4.242
-40.6,4.677,6.366,5.522,2.477,5.275,6.578,-3.045,-0.246,1.056,4.367
-40.5,4.129,5.827,4.978,1.623,4.511,5.653,-3.355,-0.467,0.675,3.963
-40.4,3.561,5.132,4.347,0.843,3.673,4.709,-3.504,-0.673,0.363,3.677
-40.3,2.921,3.727,3.324,0.197,2.792,3.703,-3.127,-0.533,0.379,3.84
-40.2,2.538,1.935,2.237,-0.308,1.867,2.608,-2.545,-0.37,0.371,4.15
-40.1,1.229,0.44,0.834,-0.682,0.954,1.504,-1.516,0.12,0.67,4.883
-40,-1.33,-0.534,-0.932,-0.964,0.118,0.449,-0.032,1.05,1.381,6.112
-39.9,-3.437,-1.281,-2.359,-1.169,-0.634,-0.567,1.19,1.726,1.793,7.159
-39.8,-5.733,-1.752,-3.743,-1.268,-1.291,-1.469,2.474,2.452,2.273,8.345
-39.7,-6.761,-2.587,-4.674,-1.295,-1.864,-2.205,3.378,2.81,2.469,9.214
-39.6,-7.56,-3.579,-5.57,-1.288,-2.425,-2.816,4.281,3.145,2.754,10.171
-39.5,-7.975,-4.922,-6.449,-1.166,-2.816,-3.198,5.283,3.633,3.251,11.228
-39.4,-7.987,-6.137,-7.062,-0.9,-2.947,-3.3,6.162,4.115,3.762,12.127
-39.3,-8.336,-6.522,-7.429,-0.509,-2.803,-3.139,6.92,4.626,4.29,12.878
-39.2,-8.361,-6.817,-7.589,0.026,-2.411,-2.715,7.615,5.178,4.874,13.511
-39.1,-7.903,-6.72,-7.311,0.68,-1.84,-2.124,7.991,5.471,5.187,13.786
-39,-6.215,-6.76,-6.487,1.412,-1.191,-1.51,7.899,5.296,4.977,13.587
-38.9,-6.064,-5.711,-5.888,2.233,-0.416,-0.798,8.12,5.472,5.09,13.679
-38.8,-5.282,-3.053,-4.167,3.085,0.408,-0.02,7.252,4.575,4.147,12.738
-38.7,-4.05,0.971,-1.54,3.896,1.258,0.812,5.436,2.797,2.351,10.939
-38.6,-2.812,3.815,0.501,4.709,2.094,1.666,4.208,1.592,1.165,9.738
-38.5,-1.711,5.153,1.721,5.533,2.813,2.45,3.812,1.091,0.729,9.331
-38.4,-0.264,5.424,2.58,6.362,3.315,3.063,3.782,0.734,0.483,9.22
-38.3,1.888,5.881,3.885,7.204,3.632,3.553,3.319,-0.253,-0.331,8.355
-38.2,3.092,7.197,5.144,8.073,3.841,3.99,2.928,-1.303,-1.154,7.414
-38.1,4.163,9.314,6.738,8.902,3.942,4.443,2.164,-2.796,-2.296,6.036
-38,5.637,11.477,8.557,9.752,3.973,4.897,1.195,-4.584,-3.66,4.347
-37.9,7.644,13.404,10.524,10.769,4.169,5.364,0.245,-6.354,-5.159,2.442
-37.8,9.677,14.99,12.333,12.069,4.723,5.8,-0.264,-7.61,-6.533,0.644
-37.7,12.451,16.238,14.345,13.637,5.64,6.232,-0.707,-8.705,-8.112,-1.39
-37.6,15.404,17.429,16.416,15.376,6.896,6.819,-1.041,-9.521,-9.597,-3.498
-37.5,18.354,19.351,18.853,17.129,8.354,7.648,-1.724,-10.498,-11.205,-5.968
-37.4,21.94,21.84,21.89,18.853,9.956,8.714,-3.037,-11.934,-13.176,-9.019
-37.3,24.139,23.826,23.982,20.707,11.968,10.091,-3.276,-12.014,-13.892,-11.087
-37.2,26.706,25.943,26.325,22.769,14.526,11.767,-3.556,-11.799,-14.558,-13.35
-37.1,29.243,27.632,28.438,25.102,17.694,13.685,-3.336,-10.744,-14.752,-15.31
-37,30.107,30.136,30.121,27.553,21.2,15.955,-2.568,-8.921,-14.166,-16.751
-36.9,31.255,32.152,31.704,29.961,24.71,18.579,-1.743,-6.994,-13.124,-17.981
-36.8,32.673,33.84,33.256,32.224,27.975,21.602,-1.033,-5.281,-11.654,-19.056
-36.7,33.332,35.09,34.211,34.396,31.161,24.841,0.185,-3.05,-9.37,-18.68
-36.6,33.723,36.44,35.081,36.46,34.23,28.01,1.379,-0.851,-7.071,-18.103
-36.5,33.622,37.405,35.514,38.575,37.437,30.922,3.061,1.923,-4.591,-17.059
-36.4,33.872,38.447,36.159,40.519,40.403,33.631,4.359,4.243,-2.528,-16.287
-36.3,33.928,39.649,36.788,42.141,42.837,36.071,5.353,6.049,-0.717,-15.645
-36.2,34.012,41.663,37.838,43.454,44.572,38.369,5.616,6.735,0.532,-15.658
-36.1,34.127,43.998,39.063,44.382,45.686,40.399,5.32,6.624,1.336,-16.17
-36,34.051,46.927,40.489,44.904,46.351,41.922,4.415,5.863,1.433,-17.293
-35.9,34.203,49.249,41.726,45.195,47.017,42.811,3.469,5.291,1.086,-18.726
-35.8,33.995,50.538,42.266,45.143,47.454,43.08,2.876,5.188,0.814,-20.284
-35.7,33.881,50.837,42.359,44.613,47.347,42.918,2.254,4.989,0.56,-21.856
-35.6,33.383,50.29,41.836,43.608,46.517,42.616,1.772,4.68,0.779,-23.164
-35.5,32.291,49.545,40.918,42.132,44.994,42.301,1.214,4.076,1.383,-24.314
-35.4,31.085,48.298,39.692,40.267,43.084,41.809,0.576,3.392,2.117,-25.28
-35.3,30.007,45.673,37.84,38.241,41.214,41.209,0.401,3.374,3.369,-25.634
-35.2,29.073,42.154,35.613,36.109,39.6,40.635,0.495,3.987,5.021,-25.513
-35.1,27.721,38.254,32.988,33.791,37.811,39.848,0.803,4.824,6.86,-24.286
-35,26.469,33.927,30.198,31.35,35.661,38.727,1.152,5.463,8.529,-22.747
-34.9,24.75,30.95,27.85,28.819,33.013,37.284,0.969,5.163,9.434,-21.51
-34.8,23.009,26.84,24.925,26.212,30.127,35.48,1.288,5.202,10.555,-19.564
-34.7,21.413,23.13,22.272,23.619,27.25,33.37,1.348,4.978,11.099,-17.769
-34.6,19.151,20.392,19.771,21.132,24.684,31.024,1.361,4.912,11.253,-16.014
-34.5,17.781,17.981,17.881,18.658,22.186,28.425,0.776,4.305,10.544,-14.764
-34.4,15.621,16.221,15.921,16.154,19.683,25.68,0.233,3.763,9.759,-13.349
-34.3,13.043,13.425,13.234,13.497,17.006,22.828,0.263,3.773,9.594,-11.121
-34.2,11.379,10.891,11.135,10.817,14.31,19.926,-0.319,3.175,8.791,-9.403
-34.1,9.581,8.53,9.056,8.249,11.738,17.145,-0.806,2.682,8.09,-7.636
-34,8.589,6.378,7.484,5.917,9.352,14.636,-1.567,1.868,7.152,-6.316
-33.9,6.962,4.837,5.9,3.783,7.168,12.363,-2.116,1.268,6.463,-4.933
-33.8,4.785,3.694,4.239,1.779,5.242,10.281,-2.46,1.003,6.041,-3.432
-33.7,2.867,2.337,2.602,-0.246,3.652,8.33,-2.848,1.051,5.728,-1.919
-33.6,1.097,0.85,0.973,-2.252,2.394,6.508,-3.226,1.421,5.535,-0.392
-33.5,-0.934,-0.543,-0.739,-4.085,1.215,4.789,-3.346,1.953,5.528,1.236
-33.4,-2.496,-2.055,-2.275,-5.626,-0.195,3.086,-3.351,2.08,5.361,2.695
-33.3,-3.016,-3.254,-3.135,-6.849,-1.984,1.358,-3.714,1.151,4.493,3.474
-33.2,-4.365,-4.902,-4.634,-7.938,-3.838,-0.334,-3.304,0.796,4.3,4.883
-33.1,-5.83,-6.178,-6.004,-9.096,-5.563,-1.978,-3.092,0.441,4.026,6.143
-33,-7.606,-7.57,-7.588,-10.482,-6.983,-3.516,-2.893,0.605,4.072,7.588
-32.9,-8.353,-8.81,-8.581,-11.888,-8.279,-5.053,-3.307,0.302,3.528,8.069
-32.8,-9.261,-10.178,-9.719,-13.224,-9.551,-6.688,-3.505,0.169,3.032,8.703
-32.7,-10.937,-11.608,-11.273,-14.365,-10.992,-8.482,-3.093,0.281,2.791,9.779
-32.6,-13.039,-13.455,-13.247,-15.411,-12.438,-10.415,-2.164,0.809,2.832,11.315
-32.5,-13.043,-15.08,-14.061,-16.448,-13.763,-12.471,-2.387,0.299,1.59,11.749
-32.4,-13.844,-16.538,-15.191,-17.689,-14.883,-14.765,-2.498,0.308,0.426,12.571
-32.3,-14.39,-17.278,-15.834,-19.003,-15.812,-17.175,-3.169,0.022,-1.341,12.995
-32.2,-14.645,-17.425,-16.035,-20.114,-16.575,-19.354,-4.079,-0.54,-3.319,13.083
-32.1,-15.564,-17.445,-16.504,-20.843,-17.31,-21.112,-4.339,-0.806,-4.607,13.56
-32,-16.127,-17.479,-16.803,-21.197,-17.97,-22.427,-4.393,-1.167,-5.624,14.003
-31.9,-15.968,-17.333,-16.65,-21.197,-18.373,-23.169,-4.546,-1.722,-6.518,14.161
-31.8,-15.357,-16.956,-16.157,-20.953,-18.438,-23.282,-4.796,-2.281,-7.126,14.113
-31.7,-14.031,-16.712,-15.371,-20.509,-18.169,-22.799,-5.138,-2.798,-7.428,13.891
-31.6,-13.025,-16.453,-14.739,-19.731,-17.558,-21.747,-4.992,-2.819,-7.008,13.919
-31.5,-11.99,-16.231,-14.111,-18.616,-16.671,-20.318,-4.506,-2.561,-6.207,14.032
-31.4,-11.2,-15.43,-13.315,-17.17,-15.594,-18.678,-3.855,-2.279,-5.363,14.037
-31.3,-9.606,-13.71,-11.658,-15.476,-14.26,-16.785,-3.817,-2.602,-5.127,13.223
-31.2,-8.629,-12.117,-10.373,-13.71,-12.74,-14.845,-3.337,-2.367,-4.473,12.803
-31.1,-6.833,-10.548,-8.691,-12.113,-11.071,-13.017,-3.422,-2.38,-4.326,11.991
-31,-6.061,-8.71,-7.385,-10.498,-9.291,-11.287,-3.113,-1.906,-3.901,11.582
-30.9,-5.824,-6.828,-6.326,-8.84,-7.564,-9.768,-2.514,-1.238,-3.442,11.477
-30.8,-5.163,-4.84,-5.002,-7.07,-6.049,-8.554,-2.069,-1.048,-3.553,11.157
-30.7,-3.468,-3.201,-3.334,-5.244,-4.71,-7.608,-1.909,-1.376,-4.273,10.539
-30.6,-1.735,-1.67,-1.702,-3.449,-3.508,-6.833,-1.747,-1.805,-5.131,9.995
-30.5,0.117,-0.137,-0.01,-1.786,-2.4,-6.101,-1.776,-2.39,-6.091,9.423
-30.4,2.09,1.208,1.649,-0.251,-1.386,-5.427,-1.9,-3.036,-7.077,8.911
-30.3,3.672,2.548,3.11,1.232,-0.447,-4.807,-1.878,-3.558,-7.917,8.617
-30.2,6.073,3.777,4.925,2.737,0.44,-4.181,-2.189,-4.485,-9.106,7.984
-30.1,9.217,4.836,7.026,4.301,1.265,-3.538,-2.725,-5.761,-10.564,7.073
-30,10.398,5.847,8.122,5.853,2.154,-2.899,-2.27,-5.969,-11.022,7.168
-29.9,13.092,6.91,10.001,7.36,3.228,-2.271,-2.641,-6.773,-12.273,6.478
-29.8,15.544,7.809,11.677,8.795,4.531,-1.686,-2.882,-7.145,-13.362,5.98
-29.7,18.447,8.778,13.613,10.181,6.04,-1.066,-3.431,-7.572,-14.679,5.206
-29.6,21.649,9.774,15.712,11.54,7.732,-0.35,-4.172,-7.98,-16.062,4.247
-29.5,23.84,11.356,17.598,12.899,9.573,0.354,-4.699,-8.025,-17.244,3.472
-29.4,24.377,13.3,18.838,14.246,11.556,1.216,-4.592,-7.282,-17.622,3.309
-29.3,24.458,15.428,19.943,15.585,13.581,2.363,-4.358,-6.362,-17.58,3.241
-29.2,24.48,17.602,21.041,16.93,15.527,3.91,-4.111,-5.514,-17.131,3.133
-29.1,23.887,18.695,21.291,18.276,17.411,5.835,-3.015,-3.88,-15.456,3.821
-29,23.063,19.028,21.045,19.61,19.262,7.994,-1.435,-1.783,-13.051,4.945
-28.9,23.121,20.151,21.636,20.907,21.112,10.191,-0.729,-0.524,-11.445,5.168
-28.8,23.731,21.497,22.614,22.158,23.007,12.383,-0.456,0.393,-10.231,4.934
-28.7,23.7,23.738,23.719,23.424,24.803,14.652,-0.295,1.084,-9.066,4.495
-28.6,24.086,25.33,24.708,24.767,26.4,17,0.059,1.692,-7.708,4.09
-28.5,25.262,25.476,25.369,26.292,27.772,19.563,0.923,2.403,-5.806,3.923
-28.4,26.188,26.577,26.382,27.837,28.933,22.069,1.454,2.55,-4.313,3.309
-28.3,27.052,27.122,27.087,29.268,29.92,24.267,2.181,2.833,-2.82,2.903
-28.2,27.285,28.166,27.725,30.56,30.906,25.982,2.834,3.181,-1.744,2.455
-28.1,28.257,28.786,28.522,31.668,31.757,27.292,3.146,3.236,-1.23,1.736
-28,29.132,29.299,29.215,32.523,32.353,28.283,3.308,3.137,-0.932,1
-27.9,29.358,30.02,29.689,33.134,32.642,29.136,3.445,2.953,-0.553,0.359
-27.8,30.006,30.656,30.331,33.483,32.629,29.81,3.151,2.298,-0.521,-0.583
-27.7,31.125,30.968,31.047,33.545,32.382,30.257,2.498,1.336,-0.789,-1.735
-27.6,32.291,31.036,31.664,33.375,32.017,30.533,1.711,0.354,-1.131,-2.933
-27.5,33.871,31.101,32.486,32.993,31.555,30.676,0.507,-0.931,-1.81,-4.486
-27.4,35.351,31.162,33.256,32.389,31.007,30.648,-0.868,-2.249,-2.608,-6.477
-27.3,36.752,31.26,34.006,31.635,30.458,30.496,-2.371,-3.548,-3.51,-8.538
-27.2,37.452,31.138,34.295,30.76,29.939,30.243,-3.535,-4.356,-4.052,-10.163
-27.1,40.24,30.944,35.592,29.803,29.462,29.913,-5.789,-6.13,-5.678,-12.759
-27,44.426,30.92,37.673,28.877,29.081,29.59,-8.797,-8.592,-8.083,-16.037
-26.9,45.148,31.088,38.118,28.092,28.822,29.362,-10.026,-9.295,-8.756,-17.514
-26.8,47.267,31.696,39.481,27.393,28.679,29.167,-12.089,-10.803,-10.314,-19.681
-26.7,48.222,32.54,40.381,26.767,28.628,28.995,-13.614,-11.754,-11.386,-21.035
-26.6,47.293,33.412,40.353,26.184,28.634,28.822,-14.168,-11.719,-11.531,-21.264
-26.5,45.033,34.145,39.589,25.645,28.697,28.654,-13.944,-10.892,-10.935,-20.62
-26.4,42.199,34.804,38.502,25.181,28.808,28.511,-13.32,-9.694,-9.991,-19.576
-26.3,39.2,35.668,37.434,24.796,28.93,28.39,-12.638,-8.504,-9.044,-18.534
-26.2,34.968,36.385,35.677,24.479,29.038,28.277,-11.197,-6.638,-7.399,-16.793
-26.1,32.399,37,34.699,24.237,29.158,28.217,-10.463,-5.541,-6.482,-15.767
-26,30.613,37.044,33.828,24.047,29.29,28.24,-9.781,-4.538,-5.588,-14.796
-25.9,27.892,37.312,32.602,23.863,29.454,28.362,-8.739,-3.148,-4.24,-13.431
-25.8,27.608,37.516,32.562,23.72,29.618,28.564,-8.842,-2.944,-3.998,-13.225
-25.7,25.9,37.54,31.72,23.621,29.751,28.809,-8.099,-1.969,-2.911,-12.203
-25.6,24.902,37.024,30.963,23.569,29.83,29.074,-7.394,-1.133,-1.889,-11.264
-25.5,23.633,35.785,29.709,23.559,29.857,29.353,-6.15,0.148,-0.356,-9.839
-25.4,21.279,34.142,27.711,23.559,29.837,29.6,-4.152,2.126,1.89,-7.692
-25.3,19.623,32.539,26.081,23.551,29.821,29.809,-2.53,3.74,3.729,-5.949
-25.2,18.499,31.316,24.908,23.54,29.809,29.968,-1.368,4.902,5.06,-4.711
-25.1,17.268,30.51,23.889,23.465,29.682,30.002,-0.424,5.793,6.113,-3.687
-25,17.651,29.488,23.57,23.278,29.368,29.902,-0.291,5.798,6.332,-3.436
-24.9,15.906,27.98,21.943,22.994,28.879,29.73,1.051,6.936,7.787,-1.963
-24.8,14.846,26.11,20.478,22.57,28.174,29.301,2.092,7.696,8.823,-0.749
-24.7,13.07,23.862,18.466,21.988,27.245,28.496,3.522,8.78,10.03,0.902
-24.6,10.684,22.088,16.386,21.318,26.167,27.261,4.932,9.781,10.875,2.497
-24.5,9.888,20.229,15.058,20.488,24.881,25.641,5.429,9.823,10.582,3.206
-24.4,9.51,18.374,13.942,19.472,23.417,23.774,5.53,9.475,9.832,3.556
-24.3,7.899,16.711,12.305,18.294,21.835,21.883,5.989,9.53,9.578,4.266
-24.2,6.349,15.136,10.742,16.945,20.128,19.928,6.203,9.386,9.185,4.729
-24.1,5.578,13.694,9.636,15.439,18.34,17.845,5.803,8.704,8.209,4.551
-24,4.416,12.532,8.474,13.832,16.559,15.615,5.358,8.085,7.141,4.231
-23.9,2.994,11.346,7.17,12.173,14.819,13.168,5.003,7.649,5.998,3.844
-23.8,2,10.131,6.065,10.42,13.076,10.749,4.355,7.011,4.684,3.035
-23.7,0.666,8.56,4.613,8.604,11.33,8.584,3.991,6.717,3.971,1.785
-23.6,-1.592,6.926,2.667,6.735,9.579,6.868,4.068,6.912,4.201,0.843
-23.5,-2.888,5.255,1.184,4.834,7.828,5.479,3.65,6.644,4.295,-0.672
-23.4,-3.543,3.553,0.005,2.971,6.082,4.305,2.966,6.077,4.3,-2.525
-23.3,-4.591,2.003,-1.294,1.189,4.304,3.273,2.483,5.598,4.567,-4.214
-23.2,-5.615,0.556,-2.53,-0.509,2.523,2.365,2.021,5.053,4.895,-5.847
-23.1,-7.734,-0.572,-4.153,-2.101,0.816,1.412,2.052,4.969,5.565,-6.897
-23,-10.089,-1.33,-5.71,-3.57,-0.76,0.196,2.14,4.949,5.906,-7.74
-22.9,-11.048,-2.26,-6.654,-4.916,-2.203,-1.318,1.737,4.451,5.336,-8.846
-22.8,-12.644,-3.41,-8.027,-6.181,-3.514,-2.959,1.846,4.514,5.068,-8.889
-22.7,-15.208,-5.92,-10.564,-7.43,-4.71,-4.586,3.134,5.854,5.978,-7.461
-22.6,-17.512,-8.302,-12.907,-8.722,-5.849,-6.136,4.185,7.058,6.771,-5.992
-22.5,-19.283,-11.167,-15.225,-9.981,-6.875,-7.693,5.244,8.35,7.532,-4.386
-22.4,-21.595,-13.873,-17.734,-11.184,-7.794,-9.27,6.551,9.941,8.465,-2.499
-22.3,-23.197,-16.917,-20.057,-12.172,-8.576,-10.747,7.885,11.481,9.31,-0.782
-22.2,-23.988,-19.567,-21.778,-13.123,-9.278,-12.292,8.654,12.5,9.486,0.278
-22.1,-24.327,-21.621,-22.974,-14.245,-10.009,-14.036,8.729,12.965,8.938,0.388
-22,-24.776,-23.962,-24.369,-15.765,-10.826,-16.07,8.604,13.543,8.299,0.635
-21.9,-26.113,-26.633,-26.373,-17.679,-11.728,-18.39,8.694,14.646,7.983,1.448
-21.8,-27.846,-29.198,-28.522,-19.78,-12.848,-20.977,8.742,15.674,7.545,2.38
-21.7,-28.163,-30.935,-29.549,-21.848,-14.303,-23.83,7.701,15.246,5.719,2.184
-21.6,-28.088,-32.86,-30.474,-23.665,-16.147,-27.062,6.81,14.328,3.413,1.9
-21.5,-29.359,-34.858,-32.109,-25.566,-18.263,-30.331,6.543,13.846,1.777,2.357
-21.4,-30.913,-37.101,-34.007,-27.723,-20.504,-33.277,6.283,13.502,0.73,3.129
-21.3,-33.733,-38.986,-36.359,-30.372,-22.529,-35.692,5.987,13.831,0.667,4.426
-21.2,-36.402,-40.645,-38.523,-33.309,-24.636,-37.622,5.215,13.887,0.901,5.623
-21.1,-38.575,-42.379,-40.477,-36.294,-27.024,-39.051,4.184,13.454,1.426,6.776
-21,-41.018,-44.109,-42.564,-39.086,-30.033,-39.979,3.477,12.53,2.584,8.143
-20.9,-43.407,-45.692,-44.55,-41.715,-33.489,-40.416,2.834,11.061,4.134,9.483
-20.8,-45.452,-47.359,-46.406,-44.201,-36.901,-40.605,2.205,9.505,5.801,10.762
-20.7,-47.87,-49.6,-48.735,-46.548,-39.773,-40.832,2.187,8.962,7.903,12.573
-20.6,-49.602,-51.786,-50.694,-48.848,-41.912,-41.159,1.846,8.782,9.535,14.067
-20.5,-54.089,-53.108,-53.598,-50.936,-43.705,-41.657,2.662,9.893,11.941,16.553
-20.4,-56.593,-53.418,-55.006,-52.733,-45.38,-42.518,2.273,9.625,12.488,17.58
-20.3,-57.958,-53.137,-55.548,-54.301,-47.466,-43.993,1.247,8.082,11.555,17.774
-20.2,-59.311,-53.429,-56.37,-55.561,-49.521,-45.906,0.809,6.849,10.464,18.272
-20.1,-60.478,-54.174,-57.326,-56.462,-51.261,-47.945,0.864,6.065,9.381,18.922
-20,-61.586,-54.82,-58.203,-56.944,-52.4,-49.825,1.259,5.802,8.378,19.503
-19.9,-61.063,-55.429,-58.246,-56.978,-52.889,-51.543,1.267,5.357,6.702,18.944
-19.8,-60.012,-56.049,-58.03,-56.902,-53.05,-53.036,1.128,4.98,4.995,18.148
-19.7,-61.942,-56.259,-59.1,-57.123,-53.189,-54.182,1.977,5.911,4.918,18.71
-19.6,-60.184,-56.92,-58.552,-57.952,-53.599,-54.945,0.599,4.953,3.607,17.776
-19.5,-59.406,-56.771,-58.089,-58.94,-54.015,-55.441,-0.852,4.074,2.647,17.099
-19.4,-59.149,-56.855,-58.002,-59.819,-54.4,-55.81,-1.816,3.602,2.192,17.021
-19.3,-59.902,-56.246,-58.074,-60.299,-54.711,-56.305,-2.224,3.363,1.77,17.374
-19.2,-57.014,-55.485,-56.249,-60.556,-54.968,-56.709,-4.307,1.281,-0.459,16.443
-19.1,-52.57,-54.337,-53.454,-60.68,-55.197,-56.984,-7.227,-1.744,-3.531,14.905
-19,-49.373,-52.906,-51.139,-60.924,-55.523,-57.109,-9.785,-4.384,-5.97,14.155
-18.9,-49.184,-51.483,-50.334,-61.213,-56.005,-57.086,-10.88,-5.671,-6.752,15.163
-18.8,-51.004,-49.509,-50.257,-61.211,-56.244,-56.949,-10.954,-5.988,-6.693,17.094
-18.7,-50.028,-48.1,-49.064,-60.66,-55.946,-56.755,-11.596,-6.882,-7.691,18.047
-18.6,-48.454,-46.09,-47.272,-59.393,-55.005,-56.543,-12.121,-7.733,-9.271,18.481
-18.5,-46.271,-44.684,-45.478,-57.754,-53.552,-56.282,-12.277,-8.074,-10.805,18.937
-18.4,-43.963,-43.675,-43.819,-56.07,-51.727,-55.999,-12.251,-7.908,-12.179,19.497
-18.3,-41.431,-42.077,-41.754,-54.831,-49.837,-55.802,-13.077,-8.082,-14.047,19.562
-18.2,-40.175,-40.202,-40.188,-53.603,-47.673,-55.579,-13.415,-7.484,-15.391,19.98
-18.1,-39.118,-38.162,-38.64,-52.22,-45.246,-55.233,-13.58,-6.606,-16.593,20.215
-18,-37.295,-36.203,-36.749,-50.553,-42.532,-54.758,-13.804,-5.783,-18.009,19.849
-17.9,-35.323,-34.637,-34.98,-48.637,-39.559,-54.134,-13.657,-4.579,-19.154,18.921
-17.8,-33.719,-32.668,-33.193,-46.509,-36.604,-53.248,-13.315,-3.411,-20.055,17.8
-17.7,-32.37,-30.76,-31.565,-44.245,-33.982,-52.037,-12.68,-2.417,-20.472,16.694
-17.6,-30.854,-28.832,-29.843,-41.914,-31.917,-50.612,-12.071,-2.074,-20.769,15.382
-17.5,-29.574,-26.913,-28.244,-39.387,-30.083,-48.809,-11.143,-1.839,-20.565,14.112
-17.4,-28.945,-25.138,-27.041,-36.638,-28.277,-46.592,-9.597,-1.235,-19.55,13.189
-17.3,-26.675,-23.431,-25.053,-33.562,-26.133,-44,-8.509,-1.08,-18.946,11.462
-17.2,-28.025,-21.798,-24.912,-30.285,-23.832,-41.011,-5.373,1.08,-16.099,11.594
-17.1,-29.956,-20.104,-25.03,-27.022,-21.665,-37.717,-1.992,3.365,-12.687,12.03
-17,-27.973,-17.97,-22.971,-23.994,-19.852,-34.252,-1.023,3.119,-11.28,10.413
-16.9,-23.054,-15.458,-19.256,-21.252,-18.425,-30.627,-1.995,0.831,-11.37,7.151
-16.8,-16.182,-13.311,-14.746,-18.721,-17.28,-26.954,-3.974,-2.534,-12.208,3.115
-16.7,-14.395,-11.494,-12.944,-16.39,-16.336,-23.435,-3.445,-3.392,-10.491,1.816
-16.6,-6.627,-9.76,-8.193,-14.029,-15.437,-20.168,-5.836,-7.243,-11.975,-2.395
-16.5,-4.306,-7.864,-6.085,-11.892,-14.686,-17.15,-5.807,-8.601,-11.065,-3.915
-16.4,-11.772,-5.875,-8.824,-10.086,-14.057,-14.431,-1.262,-5.233,-5.607,-0.426
-16.3,-6.342,-4.046,-5.194,-8.746,-13.503,-11.968,-3.552,-8.309,-6.773,-3.214
-16.2,1.667,-2.667,-0.5,-7.869,-13.027,-9.758,-7.369,-12.528,-9.259,-6.981
-16.1,0.216,-1.493,-0.638,-7.182,-12.577,-7.911,-6.543,-11.939,-7.273,-5.838
-16,-1.842,0.086,-0.878,-6.36,-12.071,-6.445,-5.482,-11.192,-5.566,-4.524
-15.9,-0.28,1.51,0.615,-5.115,-11.472,-5.331,-5.73,-12.087,-5.946,-4.88
-15.8,4.781,3.57,4.176,-3.864,-10.843,-4.547,-8.039,-15.019,-8.722,-7.25
-15.7,2.636,5.194,3.915,-2.824,-10.212,-3.934,-6.739,-14.127,-7.849,-5.753
-15.6,-7.571,6.694,-0.438,-2.309,-9.659,-3.321,-1.871,-9.221,-2.882,-0.123
-15.5,-9.063,8.087,-0.488,-2.113,-9.107,-2.744,-1.625,-8.619,-2.256,1.233
-15.4,-5.613,9.165,1.776,-1.953,-8.489,-2.137,-3.73,-10.265,-3.913,0.3
-15.3,-3.226,10.273,3.523,-1.527,-7.702,-1.395,-5.05,-11.226,-4.918,-0.1
-15.2,0.666,11.843,6.255,-0.831,-6.775,-0.515,-7.086,-13.03,-6.77,-1.477
-15.1,6.282,13.979,10.131,-0.041,-5.851,0.463,-10.171,-15.982,-9.668,-3.998
-15,7.037,16.7,11.869,0.735,-5.128,1.518,-11.134,-16.997,-10.351,-4.387
-14.9,7.142,19.069,13.105,1.396,-4.768,2.66,-11.71,-17.874,-10.445,-4.291
-14.8,9.363,20.816,15.089,2.082,-4.351,3.831,-13.007,-19.44,-11.258,-4.964
-14.7,10.063,22.029,16.046,2.856,-3.57,4.95,-13.191,-19.616,-11.096,-4.641
-14.6,10.87,23.02,16.945,3.748,-1.957,5.973,-13.197,-18.902,-10.972,-4.297
-14.5,11.574,24.039,17.806,4.751,0.073,6.899,-13.056,-17.734,-10.908,-3.962
-14.4,12.098,25.16,18.629,5.849,2.094,7.696,-12.78,-16.535,-10.934,-3.641
-14.3,12.656,26.227,19.441,7.038,3.548,8.338,-12.403,-15.894,-11.103,-3.37
-14.2,13.31,27.17,20.24,8.318,4.535,8.823,-11.922,-15.706,-11.417,-3.155
-14.1,14.144,28.251,21.198,9.616,5.438,9.205,-11.582,-15.76,-11.993,-3.176
-14,14.854,29.2,22.027,10.837,6.535,9.551,-11.19,-15.492,-12.476,-3.151
-13.9,15.228,30.102,22.665,11.847,8.131,9.832,-10.818,-14.534,-12.834,-3.028
-13.8,15.47,31.109,23.289,12.817,9.867,10.155,-10.472,-13.422,-13.134,-2.989
-13.7,15.591,32.059,23.825,13.859,11.553,10.655,-9.966,-12.272,-13.169,-2.608
-13.6,14.662,32.935,23.798,15.115,12.898,11.437,-8.683,-10.9,-12.361,-1.726
-13.5,15.247,33.593,24.42,16.554,14.016,12.478,-7.866,-10.404,-11.943,-1.595
-13.4,17.256,33.843,25.55,18.053,15.107,13.729,-7.497,-10.443,-11.821,-2.116
-13.3,18.037,33.953,25.995,19.506,16.33,15.137,-6.489,-9.665,-10.858,-2.136
-13.2,18.519,34.412,26.466,20.866,17.827,16.704,-5.6,-8.639,-9.762,-2.406
-13.1,17.162,35.101,26.131,22.203,19.439,18.343,-3.928,-6.692,-7.788,-2.138
-13,17.184,36.181,26.683,23.536,21.096,19.93,-3.146,-5.587,-6.753,-3.062
-12.9,18.341,36.816,27.578,24.934,22.76,21.335,-2.644,-4.818,-6.243,-4.678
-12.8,20.329,37.203,28.766,26.33,24.418,22.652,-2.436,-4.348,-6.114,-7.675
-12.7,21.156,37.385,29.27,27.664,25.975,23.903,-1.607,-3.296,-5.368,-10.369
-12.6,21.203,37.664,29.434,28.907,27.345,25.153,-0.527,-2.089,-4.28,-12.877
-12.5,21.824,38.23,30.027,30.061,28.522,26.406,0.033,-1.505,-3.621,-15.741
-12.4,22.957,38.13,30.543,31.087,29.528,27.573,0.543,-1.015,-2.971,-18.225
-12.3,24.579,38.093,31.336,31.959,30.39,28.606,0.623,-0.946,-2.73,-20.456
-12.2,26.053,37.126,31.589,32.647,31.128,29.399,1.058,-0.461,-2.191,-21.389
-12.1,26.921,37.183,32.052,33.214,31.763,30.061,1.162,-0.289,-1.99,-20.783
-12,28.084,37.554,32.819,33.752,32.39,30.735,0.933,-0.429,-2.084,-19.596
-11.9,29.53,37.953,33.741,34.376,33.144,31.584,0.634,-0.597,-2.157,-17.819
-11.8,30.861,37.878,34.369,35.064,33.999,32.639,0.694,-0.37,-1.731,-15.143
-11.7,32.212,37.344,34.778,35.781,34.865,33.767,1.002,0.087,-1.012,-11.783
-11.6,33.961,37.203,35.582,36.511,35.655,34.883,0.929,0.073,-0.699,-8.494
-11.5,35.869,37.66,36.765,37.224,36.228,35.895,0.459,-0.537,-0.87,-5.4
-11.4,37.426,38.415,37.92,37.973,36.848,36.9,0.053,-1.072,-1.021,-2.236
-11.3,39.725,39.092,39.408,38.787,37.704,37.936,-0.622,-1.704,-1.473,0.498
-11.2,43.079,39.239,41.159,39.632,39.022,39.01,-1.527,-2.137,-2.148,2.733
-11.1,46.67,38.861,42.766,40.552,40.669,40.136,-2.214,-2.096,-2.63,4.734
-11,49.168,38.423,43.796,41.605,42.455,41.34,-2.191,-1.341,-2.456,5.973
-10.9,50.738,38.262,44.5,42.811,44.103,42.625,-1.688,-0.397,-1.874,7.296
-10.8,52.316,38.399,45.358,44.164,45.539,43.984,-1.194,0.182,-1.373,8.249
-10.7,54.484,38.825,46.655,45.69,47.097,45.452,-0.964,0.442,-1.203,8.577
-10.6,57.354,39.178,48.266,47.359,48.976,47.04,-0.906,0.71,-1.226,8.431
-10.5,59.415,39.675,49.545,48.91,51.358,48.75,-0.635,1.813,-0.795,8.485
-10.4,61.31,40.349,50.83,50.723,54.008,50.562,-0.107,3.179,-0.268,8.431
-10.3,63.154,41.292,52.223,53.028,56.719,52.411,0.805,4.496,0.188,8.192
-10.2,64.979,42.677,53.828,56.137,59.237,54.23,2.309,5.409,0.401,7.693
-10.1,66.781,44.719,55.75,59.902,61.673,56.039,4.152,5.923,0.289,6.857
-10,68.76,47.396,58.078,63.891,64.061,57.829,5.813,5.983,-0.249,5.622
-9.9,70.987,50.356,60.671,67.662,66.426,59.627,6.991,5.755,-1.045,4.579
-9.8,73.082,53.53,63.306,71.085,68.842,61.507,7.779,5.536,-1.799,3.475
-9.7,74.932,58.049,66.49,74.296,71.17,63.241,7.806,4.68,-3.249,1.761
-9.6,77.585,61.558,69.572,77.259,73.327,64.662,7.687,3.755,-4.91,0.05
-9.5,79.883,65.764,72.824,80.128,75.266,65.539,7.305,2.443,-7.284,-1.972
-9.4,82.248,69.46,75.854,82.733,76.999,66.061,6.879,1.145,-9.793,-3.952
-9.3,84.849,72.879,78.864,84.973,78.563,66.461,6.109,-0.301,-12.402,-6.133
-9.2,87.723,76.911,82.317,86.789,79.997,66.966,4.472,-2.32,-15.35,-9.017
-9.1,90.87,81.033,85.952,88.179,81.292,67.607,2.227,-4.659,-18.344,-13.153
-9,94.029,85.922,89.976,89.267,82.548,68.417,-0.708,-7.427,-21.559,-18.119
-8.9,96.918,91.91,94.414,90.22,83.9,69.511,-4.194,-10.514,-24.904,-23.836
-8.8,100.34,98.076,99.208,91.247,85.611,70.851,-7.961,-13.596,-28.357,-30.143
-8.7,103.461,103.553,103.507,92.203,87.414,72.514,-11.304,-16.092,-30.993,-36.085
-8.6,106.249,107.717,106.983,93.139,89.13,74.527,-13.844,-17.853,-32.456,-41.234
-8.5,109.284,111.522,110.403,94.17,90.608,76.912,-16.233,-19.795,-33.492,-46.251
-8.4,112.421,115.88,114.151,95.265,91.852,79.681,-18.885,-22.299,-34.47,-51.418
-8.3,115.472,120.593,118.032,96.292,92.841,82.635,-21.741,-25.191,-35.397,-56.439
-8.2,118.581,124.865,121.723,97.166,93.555,85.541,-24.557,-28.168,-36.182,-60.885
-8.1,121.546,127.944,124.745,97.892,94.037,88.43,-26.852,-30.708,-36.315,-64.177
-8,124.521,130.341,127.431,98.432,94.261,91.074,-28.999,-33.169,-36.357,-66.543
-7.9,127.552,131.698,129.625,98.762,94.303,93.186,-30.863,-35.322,-36.439,-67.725
-7.8,129.535,133.739,131.637,98.912,94.211,94.544,-32.725,-37.426,-37.093,-66.654
-7.7,131.121,136.264,133.693,98.86,94.004,95.247,-34.833,-39.689,-38.446,-64.995
-7.6,132.306,138.935,135.621,98.641,93.816,95.518,-36.98,-41.805,-40.103,-62.775
-7.5,133.442,141.926,137.684,98.358,93.792,95.7,-39.326,-43.892,-41.984,-60.451
-7.4,134.81,144.331,139.571,98.047,93.948,95.799,-41.524,-45.623,-43.772,-57.907
-7.3,135.536,145.99,140.763,97.591,94.241,95.663,-43.172,-46.522,-45.099,-54.821
-7.2,136.339,146.143,141.241,96.955,94.66,95.306,-44.286,-46.581,-45.935,-51.371
-7.1,136.829,145.58,141.205,96.044,95.265,94.724,-45.161,-45.94,-46.481,-47.949
-7,136.774,144.7,140.737,94.972,95.955,93.981,-45.765,-44.782,-46.756,-44.837
-6.9,136.423,143.598,140.011,93.917,96.591,93.22,-46.094,-43.419,-46.791,-43.257
-6.8,135.925,142.284,139.105,93.098,97.043,92.592,-46.007,-42.062,-46.513,-42.216
-6.7,135.522,140.687,138.105,92.514,97.303,92.056,-45.591,-40.802,-46.048,-41.677
-6.6,135.29,138.673,136.981,92.011,97.382,91.61,-44.97,-39.6,-45.371,-41.489
-6.5,134.948,136.41,135.679,91.49,97.275,91.253,-44.189,-38.404,-44.426,-41.473
-6.4,134.591,133.699,134.145,90.874,97.013,90.964,-43.271,-37.132,-43.181,-41.453
-6.3,133.878,131.293,132.586,90.223,96.584,90.786,-42.363,-36.002,-41.8,-41.515
-6.2,132.989,129.287,131.138,89.534,96.051,90.727,-41.604,-35.087,-40.411,-41.671
-6.1,131.936,127.035,129.486,88.843,95.535,90.823,-40.642,-33.95,-38.662,-41.483
-6,130.788,124.131,127.459,88.126,94.984,91.036,-39.334,-32.475,-36.424,-40.659
-5.9,129.416,121.213,125.315,87.335,94.344,91.256,-37.979,-30.971,-34.058,-38.42
-5.8,127.755,118.925,123.34,86.423,93.611,91.414,-36.917,-29.73,-31.926,-36.149
-5.7,125.983,116.27,121.126,85.354,92.807,91.546,-35.773,-28.32,-29.581,-33.5
-5.6,124.016,114.47,119.243,84.239,91.877,91.491,-35.004,-27.366,-27.752,-31.104
-5.5,121.901,112.198,117.05,83.179,90.8,91.103,-33.87,-26.25,-25.947,-28.385
-5.4,118.908,109.543,114.226,82.265,89.58,90.285,-31.961,-24.646,-23.941,-25.084
-5.3,116.399,106.473,111.436,81.449,88.222,89.1,-29.988,-23.214,-22.336,-21.93
-5.2,114.357,103.366,108.861,80.717,86.784,87.672,-28.144,-22.078,-21.19,-19.166
-5.1,112.635,101.068,106.851,80.04,85.326,86.189,-26.811,-21.525,-20.663,-17.203
-5,111.037,99.906,105.471,79.418,83.858,84.692,-26.053,-21.613,-20.779,-16.171
-4.9,108.92,98.1,103.51,78.862,82.398,83.061,-24.648,-21.112,-20.449,-15.204
-4.8,106.325,96.917,101.621,78.36,81,81.29,-23.261,-20.621,-20.331,-14.576
-4.7,103.837,95.301,99.569,77.905,79.637,79.101,-21.664,-19.932,-20.468,-13.987
-4.6,102.067,94.174,98.12,77.489,78.366,76.878,-20.631,-19.754,-21.243,-14.141
-4.5,101.014,92.947,96.981,77.071,77.234,74.977,-19.909,-19.747,-22.003,-14.684
-4.4,99.574,91.706,95.64,76.511,76.325,73.66,-19.129,-19.314,-21.98,-15.042
-4.3,97.688,90.628,94.158,75.887,75.671,72.919,-18.271,-18.487,-21.24,-15.213
-4.2,96.584,89.47,93.027,75.384,75.047,72.845,-17.643,-17.98,-20.182,-15.627
-4.1,96.5,88.42,92.46,75.157,74.241,73.501,-17.303,-18.219,-18.959,-15.938
-4,95.338,87.067,91.202,75.276,73.007,74.961,-15.926,-18.196,-16.241,-15.377
-3.9,93.726,86.206,89.966,75.634,71.636,76.951,-14.331,-18.329,-13.015,-14.664
-3.8,92.214,85.385,88.799,76.139,70.318,79.045,-12.66,-18.482,-9.754,-13.86
-3.7,91.113,84.673,87.893,76.57,69.209,80.58,-11.323,-18.684,-7.313,-13.164
-3.6,90.101,84.106,87.104,77.068,68.283,81.837,-10.035,-18.821,-5.267,-12.445
-3.5,89.058,83.643,86.35,77.74,67.556,83.193,-8.611,-18.794,-3.157,-11.631
-3.4,87.751,83.217,85.484,78.652,67.039,84.975,-6.832,-18.445,-0.509,-10.583
-3.3,86.107,82.67,84.388,79.826,66.675,87.389,-4.563,-17.713,3.001,-9.196
-3.2,85.157,81.978,83.568,81.176,66.555,89.932,-2.392,-17.013,6.364,-7.985
-3.1,83.384,80.908,82.146,82.6,66.678,92.239,0.454,-15.468,10.093,-6.083
-3,82.825,79.872,81.349,83.941,67.009,93.794,2.592,-14.34,12.445,-4.727
-2.9,82.477,78.952,80.715,85.323,67.55,94.923,4.608,-13.165,14.208,-3.466
-2.8,81.686,78.192,79.939,86.758,68.211,95.992,6.819,-11.728,16.053,-2.004
-2.7,80.783,77.5,79.141,87.992,68.927,97.332,8.851,-10.214,18.191,-0.473
-2.6,80.042,76.691,78.366,89.189,69.696,98.945,10.823,-8.67,20.578,1.072
-2.5,79.231,75.95,77.59,90.775,70.415,100.759,13.184,-7.175,23.168,2.646
-2.4,78.483,75.665,77.074,93.124,70.781,102.707,16.05,-6.293,25.633,3.977
-2.3,77.745,75.3,76.523,96.696,70.414,104.69,20.174,-6.108,28.167,5.349
-2.2,76.991,75.078,76.035,100.839,70.256,106.999,24.804,-5.779,30.965,6.654
-2.1,76.579,74.416,75.497,104.991,70.981,109.788,29.494,-4.516,34.291,7.993
-2,76.078,73.555,74.816,108.737,73.602,113.06,33.921,-1.215,38.244,9.451
-1.9,75.597,72.972,74.285,112.095,77.89,116.817,37.811,3.605,42.532,10.726
-1.8,75.228,72.622,73.925,114.755,82.745,120.97,40.83,8.82,47.045,11.782
-1.7,74.559,72.33,73.445,116.423,87.279,125.818,42.978,13.834,52.374,12.904
-1.6,73.926,71.734,72.83,117.117,90.281,131.018,44.287,17.451,58.188,14.093
-1.5,73.709,70.69,72.199,116.812,92.721,135.809,44.612,20.522,63.609,15.221
-1.4,73.71,69.388,71.549,115.665,95.121,139.554,44.116,23.572,68.005,16.283
-1.3,73.742,68.492,71.117,113.932,98.619,142.311,42.815,27.502,71.194,17.029
-1.2,73.345,68.113,70.729,111.53,102.63,143.803,40.8,31.9,73.074,17.623
-1.1,72.737,68.133,70.435,108.814,105.845,143.814,38.378,35.41,73.379,18.005
-1,72.368,68.75,70.559,106.068,106.876,142.321,35.509,36.317,71.761,17.841
-0.9,72.243,69.33,70.787,103.168,104.862,139.372,32.381,34.076,68.586,17.143
-0.8,72.334,69.72,71.027,100.701,101.979,135.018,29.674,30.952,63.991,16.375
-0.7,72.408,69.828,71.118,99.283,99.909,129.639,28.165,28.791,58.521,15.715
-0.6,72.26,69.564,70.912,99.626,101.159,123.534,28.714,30.247,52.622,15.325
-0.5,72.023,69.183,70.603,101.29,104.071,116.733,30.687,33.468,46.13,15.029
-0.4,71.804,68.877,70.341,103.554,106.84,109.96,33.213,36.499,39.619,14.691
-0.3,71.881,68.61,70.246,105.58,107.546,103.898,35.334,37.3,33.653,14.207
-0.2,72.147,68.38,70.264,107.215,106.452,98.573,36.951,36.188,28.309,13.646
-0.1,72.214,68.09,70.152,108.837,104.671,94.149,38.685,34.519,23.997,13.268
0,72.474,68,70.237,110.46,102.93,90.871,40.223,32.693,20.634,12.793
0.1,72.18,67.82,70,112.902,102.423,88.705,42.902,32.423,18.705,12.732
0.2,72.078,67.992,70.035,115.075,101.929,87.644,45.04,31.894,17.609,12.452
0.3,72.299,68.054,70.176,116.125,100.953,87.37,45.949,30.777,17.193,12.112
0.4,72.383,68.104,70.244,115.076,98.272,87.485,44.832,28.028,17.241,11.886
0.5,72.437,68.034,70.235,112.098,94.848,88.052,41.862,24.613,17.817,11.772
0.6,72.539,68.062,70.3,108.1,91.712,88.846,37.799,21.412,18.545,11.614
0.7,72.453,68.44,70.447,103.941,89.82,89.498,33.494,19.373,19.051,11.399
0.8,72.979,68.816,70.898,100.407,90.494,90.002,29.509,19.596,19.104,10.898
0.9,73.635,68.64,71.138,96.831,92.215,90.149,25.693,21.077,19.011,10.621
1,74.044,69.381,71.712,93.274,94.001,89.616,21.562,22.289,17.904,10.016
1.1,74.445,70.365,72.405,88.681,94.875,88.163,16.276,22.47,15.758,9.295
1.2,74.673,71.606,73.14,83.849,95.157,85.823,10.709,22.017,12.683,8.461
1.3,74.915,72.066,73.491,80.824,94.842,82.795,7.333,21.351,9.304,8.017
1.4,75.322,71.379,73.35,81.809,93.864,79.34,8.459,20.514,5.99,8.07
1.5,75.509,71.123,73.316,87.972,92.237,75.516,14.656,18.921,2.2,8.024
1.6,75.489,72.27,73.88,95.379,90.072,71.454,21.499,16.192,-2.425,7.384
1.7,76.021,72.75,74.385,100.34,87.677,67.498,25.954,13.291,-6.887,6.807
1.8,76.421,73.518,74.969,100.257,85.463,63.928,25.288,10.493,-11.041,6.156
1.9,76.719,73.129,74.924,97.968,83.05,60.662,23.044,8.126,-14.262,6.138
2,76.845,72.891,74.868,94.852,80.366,57.746,19.984,5.498,-17.122,6.134
2.1,76.91,73.194,75.052,93.116,77.023,55.137,18.063,1.971,-19.915,5.892
2.2,76.989,73.874,75.431,93.286,73.188,52.833,17.855,-2.243,-22.598,5.458
2.3,77.088,75.143,76.115,92.834,69.752,50.96,16.719,-6.363,-25.155,4.72
2.4,77.763,76.98,77.371,90.479,67.686,49.559,13.108,-9.685,-27.813,3.412
2.5,78.464,78.5,78.482,83.315,67.579,48.763,4.833,-10.904,-29.719,2.25
2.6,79.483,79.407,79.445,73.847,68.105,48.271,-5.598,-11.34,-31.174,1.236
2.7,80.532,79.98,80.256,64.694,68.276,47.684,-15.562,-11.98,-32.572,0.374
2.8,81.219,79.881,80.55,58.459,66.675,46.296,-22.091,-13.875,-34.254,0.027
2.9,81.93,80.549,81.24,57.513,63.878,44.396,-23.727,-17.362,-36.844,-0.715
3,82.613,81.858,82.236,58.638,60.762,42.549,-23.597,-21.474,-39.687,-1.766
3.1,82.582,82.936,82.759,59.96,57.999,41.18,-22.799,-24.76,-41.579,-2.347
3.2,83.192,84.615,83.903,59.03,56.262,40.708,-24.874,-27.641,-43.195,-3.551
3.3,85.969,85.36,85.664,57.705,54.862,40.765,-27.96,-30.802,-44.899,-5.375
3.4,86.043,86.825,86.434,56.512,53.566,41.158,-29.922,-32.868,-45.276,-6.211
3.5,86.385,88.055,87.22,56.252,51.981,41.582,-30.968,-35.239,-45.638,-7.068
3.6,87.144,88.975,88.059,56.755,50.021,42.045,-31.304,-38.039,-46.014,-7.983
3.7,87.662,89.412,88.537,57.324,48.248,42.697,-31.213,-40.289,-45.84,-8.54
3.8,88.112,89.213,88.662,57.433,47.009,43.549,-31.229,-41.654,-45.113,-8.752
3.9,88.507,89.081,88.794,56.636,46.421,44.68,-32.159,-42.373,-44.114,-8.976
4,88.751,90.284,89.517,55.392,46.376,45.913,-34.125,-43.141,-43.604,-9.798
4.1,89.386,92.01,90.698,53.922,46.771,47.037,-36.776,-43.927,-43.661,-11.084
4.2,90.331,93.855,92.093,52.363,47.574,47.766,-39.73,-44.52,-44.327,-12.593
4.3,90.628,94.528,92.578,50.714,48.696,48.265,-41.864,-43.882,-44.313,-13.359
4.4,91.038,94.427,92.732,49.256,49.706,48.719,-43.476,-43.026,-44.013,-13.808
4.5,91.935,94.769,93.352,48.29,49.988,49.356,-45.062,-43.364,-43.996,-14.732
4.6,92.834,95.316,94.075,48.201,49.711,50.179,-45.874,-44.365,-43.897,-15.765
4.7,93.812,95.3,94.556,48.574,49.261,50.998,-45.982,-45.296,-43.558,-16.557
4.8,95.644,94.931,95.288,49.072,48.934,51.693,-46.216,-46.353,-43.595,-17.594
4.9,96.766,94.88,95.823,49.18,49.099,52.132,-46.644,-46.724,-43.691,-18.426
5,97.137,96.638,96.887,49.008,49.483,52.473,-47.88,-47.404,-44.415,-19.773
5.1,96.988,98.398,97.693,48.905,49.978,52.819,-48.789,-47.715,-44.874,-20.843
5.2,97.464,99.875,98.669,49.069,50.463,53.346,-49.601,-48.206,-45.323,-22.059
5.3,98.694,100.313,99.504,49.542,50.94,53.979,-49.962,-48.564,-45.525,-23.105
5.4,99.837,100.363,100.1,50.319,51.45,54.586,-49.781,-48.65,-45.514,-23.88
5.5,100.547,100.922,100.734,51.412,51.99,55.065,-49.322,-48.744,-45.67,-24.655
5.6,101.359,101.791,101.575,52.915,52.621,55.354,-48.659,-48.954,-46.221,-25.593
5.7,102.53,102.529,102.53,54.711,53.243,55.545,-47.818,-49.287,-46.985,-26.598
5.8,103.581,103.134,103.357,56.493,53.758,55.695,-46.865,-49.599,-47.662,-27.424
5.9,104.104,102.809,103.457,57.904,54.1,55.646,-45.553,-49.357,-47.811,-27.465
6,105.385,102.452,103.919,58.881,54.284,55.617,-45.037,-49.635,-48.301,-27.806
6.1,107.633,103.35,105.491,59.677,54.331,55.899,-45.814,-51.16,-49.593,-29.191
6.2,109.562,104.861,107.211,60.459,54.285,56.688,-46.752,-52.926,-50.524,-30.604
6.3,110.201,106.086,108.144,61.469,54.146,57.968,-46.675,-53.998,-50.176,-31.173
6.4,110.134,107.164,108.649,62.435,53.919,59.837,-46.214,-54.73,-48.812,-31.272
6.5,110.998,106.26,108.629,63.24,53.64,62.343,-45.389,-54.989,-46.286,-30.815
6.6,111.662,105.838,108.75,63.615,53.284,65.525,-45.134,-55.466,-43.224,-30.482
6.7,112.528,105.767,109.147,63.646,52.91,69.294,-45.502,-56.237,-39.854,-30.421
6.8,113.682,106.216,109.949,63.757,52.609,73.305,-46.192,-57.34,-36.644,-30.775
6.9,113.014,107.432,110.223,64.312,52.455,77.24,-45.911,-57.769,-32.983,-30.623
7,112.033,108.192,110.113,65.472,52.439,81.108,-44.64,-57.673,-29.005,-30.049
7.1,113.308,108.058,110.683,67.064,52.609,84.668,-43.619,-58.074,-26.015,-30.154
7.2,112.082,107.895,109.989,68.994,52.998,87.586,-40.995,-56.991,-22.402,-29.008
7.3,111.677,107.63,109.654,71.215,53.621,89.835,-38.439,-56.033,-19.819,-28.249
7.4,109.924,108.022,108.973,73.713,54.438,91.317,-35.26,-54.535,-17.656,-27.189
7.5,105.055,108.878,106.967,76.202,55.354,92.006,-30.764,-51.613,-14.961,-24.861
7.6,102.083,108.892,105.488,78.386,56.225,91.938,-27.102,-49.262,-13.55,-23.135
7.7,101.244,108.653,104.948,80.213,57.031,91.114,-24.735,-47.918,-13.834,-22.437
7.8,100.434,108.167,104.3,81.646,57.907,89.832,-22.655,-46.394,-14.469,-21.735
7.9,99.728,107.815,103.772,82.6,58.939,88.534,-21.172,-44.832,-15.238,-21.272
8,99.343,107.929,103.636,83.117,60.162,87.445,-20.519,-43.474,-16.191,-21.125
8.1,98.934,107.503,103.218,83.157,61.417,86.422,-20.062,-41.801,-16.796,-20.777
8.2,98.117,107.008,102.563,82.76,62.57,85.58,-19.803,-39.993,-16.983,-20.282
8.3,97.254,105.983,101.618,81.979,63.488,84.983,-19.639,-38.131,-16.635,-19.598
8.4,96.255,104.428,100.342,80.784,64.276,84.605,-19.557,-36.066,-15.736,-18.691
8.5,95.555,103.023,99.289,79.523,64.985,84.404,-19.766,-34.303,-14.885,-18.126
8.6,95.193,101.759,98.476,78.59,65.696,84.323,-19.886,-32.78,-14.153,-17.928
8.7,94.846,101.132,97.989,78.402,66.381,84.358,-19.586,-31.608,-13.631,-18.193
8.8,94.585,101.086,97.836,78.602,67.024,84.472,-19.234,-30.812,-13.364,-18.938
8.9,94.128,100.403,97.266,78.994,67.63,84.582,-18.272,-29.636,-12.683,-19.421
9,92.962,99.865,96.413,79.351,68.257,84.684,-17.062,-28.156,-11.729,-19.785
9.1,92.146,99.258,95.702,79.729,68.84,84.734,-15.973,-26.862,-10.969,-20.465
9.2,91.061,98.823,94.942,80.091,69.351,84.633,-14.852,-25.591,-10.31,-21.277
9.3,89.902,98.464,94.183,80.376,69.754,84.303,-13.807,-24.429,-9.88,-22.283
9.4,88.853,97.684,93.269,80.606,70.045,83.742,-12.663,-23.224,-9.527,-23.73
9.5,88.038,96.726,92.382,80.685,70.284,82.972,-11.697,-22.098,-9.41,-25.431
9.6,87.402,95.962,91.682,80.531,70.558,82.022,-11.151,-21.124,-9.66,-27.46
9.7,85.672,94.811,90.242,80.05,70.976,80.816,-10.191,-19.266,-9.426,-28.803
9.8,83.552,93.19,88.371,79.331,71.356,79.544,-9.04,-17.015,-8.828,-29.686
9.9,81.579,91.54,86.559,78.523,71.583,78.442,-8.037,-14.976,-8.117,-30.511
10,79.958,90.02,84.989,77.819,71.495,77.835,-7.17,-13.494,-7.154,-31.374
10.1,78.193,88.612,83.403,77.222,71.194,77.588,-6.181,-12.208,-5.814,-31.933
10.2,76.276,86.375,81.325,76.627,70.84,77.44,-4.698,-10.486,-3.885,-31.625
10.3,74.746,82.684,78.715,76,70.611,77.151,-2.715,-8.104,-1.564,-29.904
10.4,73.585,78.256,75.92,75.288,70.544,76.643,-0.633,-5.376,0.723,-27.642
10.5,71.79,74.382,73.086,74.543,70.513,76.022,1.458,-2.572,2.936,-25.08
10.6,69.133,71.43,70.281,73.8,70.46,75.298,3.518,0.179,5.016,-22.388
10.7,66.994,69.046,68.02,73.116,70.347,74.584,5.095,2.327,6.564,-20.175
10.8,64.945,67.116,66.031,72.476,70.189,73.771,6.446,4.158,7.74,-18.269
10.9,63.191,65.592,64.391,71.823,69.973,72.79,7.431,5.582,8.399,-16.845
11,61.191,64.639,62.915,71.108,69.724,71.588,8.193,6.809,8.673,-15.815
11.1,59.041,63.805,61.423,70.308,69.441,70.165,8.885,8.018,8.742,-15.606
11.2,57.278,62.567,59.923,69.459,69.047,68.611,9.537,9.125,8.688,-15.637
11.3,55.749,60.981,58.365,68.587,68.51,67.051,10.223,10.145,8.687,-15.798
11.4,54.513,59.495,57.004,67.787,67.864,65.606,10.783,10.86,8.602,-16.285
11.5,52.391,58.73,55.561,66.969,67.041,64.104,11.408,11.48,8.543,-16.762
11.6,51.157,58.383,54.77,66.059,66.02,62.473,11.29,11.25,7.703,-17.902
11.7,50.253,57.59,53.922,65,64.81,60.64,11.078,10.889,6.718,-18.938
11.8,49.478,55.614,52.546,63.79,63.41,58.662,11.244,10.864,6.116,-19.341
11.9,48.937,52.975,50.956,62.462,61.884,56.619,11.506,10.928,5.663,-19.365
12,48.319,50.471,49.395,61.05,60.337,54.574,11.655,10.941,5.179,-19.195
12.1,47.405,48.624,48.014,59.615,58.788,52.524,11.601,10.774,4.51,-18.528
12.2,46.62,47.225,46.923,58.114,57.19,50.522,11.191,10.267,3.599,-17.94
12.3,44.893,45.058,44.975,56.572,55.55,48.63,11.597,10.574,3.654,-16.331
12.4,43.286,42.308,42.797,55.052,53.904,46.983,12.255,11.108,4.186,-14.373
12.5,41.88,38.409,40.145,53.536,52.219,45.421,13.391,12.074,5.276,-11.869
12.6,40.38,34.463,37.421,51.964,50.491,43.814,14.542,13.069,6.393,-9.268
12.7,38.885,30.512,34.698,50.302,48.724,42.042,15.604,14.026,7.343,-6.688
12.8,37.517,27.419,32.468,48.555,46.92,40.117,16.087,14.452,7.649,-4.666
12.9,36.098,25.431,30.765,46.712,45.079,38.051,15.947,14.314,7.287,-3.285
13,34.457,23.684,29.071,44.778,43.222,35.854,15.708,14.151,6.784,-2.071
13.1,32.779,22.367,27.573,42.783,41.44,33.623,15.21,13.868,6.051,-1.468
13.2,31.089,20.78,25.935,40.708,39.594,31.225,14.773,13.659,5.29,-0.852
13.3,28.94,18.883,23.911,38.578,37.588,28.612,14.666,13.677,4.701,0.044
13.4,26.95,17.251,22.101,36.443,35.305,25.585,14.343,13.204,3.484,0.646
13.5,24.44,15.524,19.982,34.305,32.822,22.33,14.322,12.839,2.347,1.498
13.6,22.136,13.889,18.013,32.117,30.276,19.204,14.104,12.263,1.192,2.167
13.7,20.376,12.453,16.414,29.859,27.859,16.563,13.445,11.444,0.149,2.453
13.8,18.447,11.286,14.867,27.507,25.575,14.458,12.64,10.708,-0.409,2.699
13.9,16.413,10.385,13.399,25.102,23.271,12.708,11.704,9.872,-0.691,2.901
14,14.686,9.341,12.013,22.694,20.86,11.2,10.68,8.847,-0.813,3.055
14.1,12.885,7.97,10.427,20.326,18.048,9.666,9.899,7.62,-0.761,3.411
14.2,11.59,6.411,9,17.994,15.192,8.339,8.994,6.192,-0.661,3.622
14.3,10.645,4.819,7.732,15.707,12.565,7.225,7.975,4.833,-0.507,3.702
14.4,9.364,3.2,6.282,13.457,10.441,6.35,7.175,4.159,0.068,4.003
14.5,8.14,1.773,4.957,11.169,8.779,5.715,6.213,3.822,0.758,4.235
14.6,7.203,0.567,3.885,9.007,7.438,5.155,5.122,3.553,1.27,4.279
14.7,5.851,-0.379,2.736,7.085,6.277,4.487,4.349,3.542,1.751,4.483
14.8,4.055,-0.95,1.553,5.478,5.188,3.577,3.926,3.635,2.024,4.815
14.9,3.028,-1.523,0.752,4.141,4.26,2.539,3.389,3.508,1.787,4.871
15,0.746,-2.33,-0.792,2.982,3.43,1.405,3.774,4.222,2.197,5.792
15.1,-0.827,-3.585,-2.206,1.887,2.626,0.225,4.093,4.832,2.431,6.697
15.2,-3.538,-4.826,-4.182,0.858,1.869,-1.018,5.04,6.051,3.164,8.278
15.3,-4.957,-6.001,-5.479,-0.129,1.114,-2.311,5.35,6.593,3.168,9.282
15.4,-5.085,-7.014,-6.049,-1.154,0.295,-3.648,4.895,6.345,2.402,9.653
15.5,-5.725,-7.996,-6.861,-2.251,-0.588,-5.038,4.609,6.273,1.823,10.345
15.6,-6.676,-8.871,-7.774,-3.396,-1.5,-6.381,4.377,6.273,1.393,11.209
15.7,-7.187,-9.424,-8.306,-4.597,-2.423,-7.579,3.709,5.883,0.727,11.751
15.8,-8.593,-10.175,-9.384,-5.849,-3.361,-8.564,3.536,6.023,0.821,12.888
15.9,-9.713,-11.459,-10.586,-7.153,-4.289,-9.41,3.433,6.297,1.176,14.186
16,-10.741,-13.294,-12.018,-8.49,-5.172,-10.18,3.528,6.846,1.838,15.726
16.1,-11.651,-15.082,-13.366,-9.842,-5.918,-10.977,3.525,7.448,2.39,17.245
16.2,-13.049,-16.016,-14.532,-11.208,-6.607,-11.745,3.325,7.925,2.787,18.631
16.3,-14.379,-16.254,-15.317,-12.57,-7.364,-12.462,2.747,7.953,2.854,19.674
16.4,-15.535,-16.369,-15.952,-13.907,-8.319,-13.104,2.045,7.633,2.848,20.591
16.5,-16.754,-16.763,-16.758,-15.227,-9.454,-13.67,1.532,7.304,3.089,21.69
16.6,-17.283,-17.412,-17.348,-16.504,-10.674,-14.237,0.843,6.674,3.11,22.571
16.7,-18.254,-18.056,-18.155,-17.717,-11.902,-14.888,0.438,6.253,3.267,23.655
16.8,-19.018,-18.797,-18.908,-18.916,-13.122,-15.728,-0.009,5.785,3.18,24.656
16.9,-19.157,-19.082,-19.119,-20.046,-14.315,-16.618,-0.927,4.804,2.501,25.076
17,-19.479,-19.156,-19.317,-21.032,-15.423,-17.461,-1.715,3.895,1.857,25.429
17.1,-19.959,-19.081,-19.52,-21.849,-16.511,-18.176,-2.33,3.009,1.344,25.72
17.2,-19.936,-19.067,-19.501,-22.509,-17.517,-18.779,-3.008,1.984,0.722,25.438
17.3,-19.51,-19.227,-19.369,-22.961,-18.28,-19.268,-3.592,1.089,0.1,24.959
17.4,-19.1,-19.495,-19.298,-23.19,-18.681,-19.685,-3.892,0.617,-0.387,24.484
17.5,-18.632,-19.898,-19.265,-23.26,-18.773,-20.101,-3.995,0.492,-0.836,24.014
17.6,-18.579,-20.427,-19.503,-23.12,-18.466,-20.337,-3.617,1.037,-0.834,23.805
17.7,-18.795,-20.34,-19.568,-22.822,-17.76,-20.292,-3.254,1.808,-0.724,23.439
17.8,-18.176,-19.802,-18.989,-22.478,-16.716,-19.935,-3.489,2.273,-0.945,22.47
17.9,-17.72,-18.79,-18.255,-22.084,-15.318,-19.264,-3.829,2.937,-1.009,21.411
18,-17.069,-18.005,-17.537,-21.549,-13.677,-18.333,-4.012,3.86,-0.796,20.457
18.1,-16.18,-17.287,-16.733,-20.856,-11.999,-17.266,-4.123,4.734,-0.532,19.533
18.2,-14.754,-16.363,-15.558,-20.032,-10.327,-16.062,-4.474,5.231,-0.503,18.376
18.3,-13.087,-15.19,-14.139,-19.046,-8.564,-14.677,-4.908,5.574,-0.538,17.139
18.4,-11.872,-13.903,-12.887,-17.92,-6.723,-13.139,-5.032,6.164,-0.252,15.926
18.5,-10.596,-12.453,-11.524,-16.755,-4.8,-11.426,-5.231,6.724,0.098,14.716
18.6,-9.943,-10.523,-10.233,-15.467,-2.829,-9.646,-5.234,7.404,0.587,13.74
18.7,-8.514,-8.747,-8.63,-14.034,-0.874,-7.947,-5.404,7.757,0.683,12.663
18.8,-6.624,-6.511,-6.567,-12.462,0.977,-6.501,-5.894,7.544,0.066,11.384
18.9,-5.455,-4.463,-4.959,-10.749,2.774,-5.219,-5.79,7.733,-0.259,10.866
19,-4.755,-2.225,-3.49,-8.928,4.569,-4.015,-5.438,8.059,-0.525,10.842
19.1,-3.789,0.358,-1.715,-7.074,6.393,-2.785,-5.359,8.108,-1.07,10.915
19.2,-2.457,3.267,0.405,-5.272,8.244,-1.53,-5.677,7.839,-1.935,11.148
19.3,-0.976,6.029,2.527,-3.396,10.157,-0.315,-5.922,7.631,-2.842,11.772
19.4,0.997,8.287,4.642,-1.39,12.158,0.788,-6.032,7.516,-3.854,12.685
19.5,3.757,10.479,7.118,0.724,14.184,1.601,-6.394,7.066,-5.518,13.409
19.6,5.3,12.879,9.089,2.989,16.342,2.514,-6.101,7.253,-6.576,14.699
19.7,6.663,15.83,11.246,5.424,18.699,3.842,-5.823,7.453,-7.404,15.754
19.8,8.655,18.81,13.733,8.02,21.267,5.827,-5.713,7.534,-7.905,16.17
19.9,10.61,21.794,16.202,10.778,24.052,8.339,-5.424,7.85,-7.862,16.568
20,12.538,24.933,18.736,13.675,27.021,11.234,-5.06,8.285,-7.502,16.855
20.1,15.024,28.103,21.564,16.647,30.08,14.225,-4.916,8.516,-7.339,16.791
20.2,18.191,31.355,24.773,19.631,33.229,17.313,-5.142,8.456,-7.46,16.277
20.3,21.782,34.743,28.263,22.692,36.52,20.722,-5.57,8.257,-7.54,15.403
20.4,26.333,38.02,32.177,25.825,39.931,24.539,-6.352,7.754,-7.638,14.016
20.5,32.429,41.098,36.764,29.007,43.418,29.016,-7.757,6.654,-7.748,11.855
20.6,35.931,44.507,40.219,32.25,47.035,33.699,-7.969,6.816,-6.52,10.714
20.7,41.254,49.324,45.289,35.537,50.777,38.123,-9.752,5.488,-7.166,7.837
20.8,44.619,54.694,49.656,38.792,54.596,41.911,-10.865,4.94,-7.745,5.529
20.9,48.328,59.878,54.103,42.015,58.521,45.128,-12.088,4.418,-8.975,2.997
21,51.974,64.007,57.991,45.348,62.546,47.767,-12.643,4.556,-10.224,0.512
21.1,55.307,68.059,61.683,48.89,66.664,49.978,-12.792,4.981,-11.705,-1.98
21.2,58.225,72.672,65.448,52.685,70.875,51.837,-12.763,5.426,-13.611,-4.704
21.3,62.446,77.262,69.854,56.658,75.093,52.91,-13.196,5.239,-16.945,-8.181
21.4,69.189,81.974,75.581,60.73,79.242,52.825,-14.851,3.661,-22.757,-13.048
21.5,72.269,87.033,79.651,64.835,83.431,52.198,-14.816,3.779,-27.454,-16.282
21.6,76.854,91.802,84.328,68.983,87.402,53.888,-15.345,3.074,-30.44,-20.103
21.7,81.218,96.85,89.034,73.095,90.93,57.802,-15.939,1.896,-31.232,-23.887
21.8,85.056,101.847,93.451,77.16,93.785,63.411,-16.291,0.334,-30.04,-27.272
21.9,89.25,107.191,98.22,81.15,96.196,70.218,-17.071,-2.025,-28.002,-30.855
22,92.744,112.41,102.577,84.963,98.433,77.732,-17.614,-4.144,-24.845,-33.825
22.1,97.015,116.609,106.812,88.525,100.82,85.34,-18.286,-5.992,-21.472,-36.43
22.2,101.113,119.77,110.442,91.832,103.306,92.806,-18.61,-7.136,-17.635,-38.142
22.3,103.552,122.386,112.969,94.906,105.847,100.624,-18.063,-7.122,-12.345,-37.488
22.4,105.93,124.848,115.389,97.8,108.47,108.44,-17.589,-6.918,-6.949,-36.406
22.5,108.208,127.487,117.847,100.543,111.166,115.906,-17.305,-6.682,-1.942,-35.142
22.6,110.361,130.21,120.286,103.173,113.965,122.67,-17.113,-6.321,2.384,-33.734
22.7,112.231,133.191,122.711,105.834,116.881,128.525,-16.877,-5.83,5.814,-32.289
22.8,113.31,135.905,124.607,108.63,119.996,133.572,-15.977,-4.611,8.964,-30.391
22.9,115.453,138.345,126.899,111.555,123.221,137.982,-15.344,-3.678,11.083,-29.062
23,117.049,140.675,128.862,114.659,126.384,141.504,-14.203,-2.478,12.642,-27.677
23.1,119.338,143.399,131.369,118,129.41,144.176,-13.369,-1.959,12.807,-27.208
23.2,122.058,146.162,134.11,121.59,132.299,146.129,-12.52,-1.811,12.019,-27.445
23.3,124.491,148.728,136.609,125.319,134.833,147.185,-11.29,-1.777,10.576,-28.009
23.4,126.993,150.566,138.78,129.069,136.863,147.487,-9.711,-1.917,8.707,-28.884
23.5,129.591,151.403,140.497,132.874,138.434,147.167,-7.624,-2.063,6.67,-29.728
23.6,132.724,151.895,142.31,136.566,139.446,146.257,-5.743,-2.864,3.947,-31.026
23.7,134.607,151.798,143.202,139.938,139.91,145.09,-3.264,-3.292,1.888,-31.702
23.8,135.477,151.24,143.358,143.068,140.07,144.142,-0.291,-3.289,0.783,-31.501
23.9,136.148,150.042,143.095,145.77,139.715,143.062,2.675,-3.38,-0.032,-31.081
24,136.223,148.672,142.448,147.868,138.922,141.856,5.42,-3.526,-0.592,-30.48
24.1,135.417,146.626,141.022,149.382,137.925,140.63,8.36,-3.097,-0.391,-29.304
24.2,134.069,143.199,138.634,150.315,136.617,139.314,11.681,-2.018,0.68,-27.373
24.3,132.273,136.88,134.577,150.483,134.942,137.781,15.907,0.365,3.205,-23.978
24.4,130.287,128.632,129.459,149.891,132.998,135.981,20.432,3.539,6.522,-19.732
24.5,128.105,120.642,124.374,148.856,130.825,133.921,24.483,6.452,9.547,-15.727
24.6,125.417,114.38,119.898,147.011,128.319,131.571,27.113,8.42,11.673,-12.544
24.7,123.033,110.151,116.592,144.365,125.518,128.979,27.773,8.927,12.387,-10.741
24.8,120.266,106.066,113.166,141.103,122.639,126.16,27.937,9.473,12.995,-9.033
24.9,117.005,101.46,109.233,137.14,119.401,123.204,27.907,10.168,13.972,-7.032
25,113.999,96.673,105.336,132.672,115.716,119.717,27.336,10.381,14.381,-5.284
25.1,109.399,91.391,100.395,128.063,111.552,115.215,27.669,11.157,14.82,-2.709
25.2,104.283,86.609,95.446,123.261,106.961,109.93,27.816,11.515,14.484,-0.346
25.3,99.975,81.926,90.951,118.255,102.147,104.07,27.305,11.196,13.119,1.452
25.4,96.607,77.461,87.034,113.166,97.319,97.843,26.132,10.284,10.809,2.415
25.5,93.571,73.936,83.754,108.008,92.446,91.457,24.255,8.692,7.704,2.519
25.6,90.771,70.646,80.709,102.836,87.639,85.121,22.128,6.93,4.413,2.201
25.7,88.32,66.496,77.408,97.763,83.026,79.042,20.355,5.618,1.634,1.988
25.8,85.8,61.906,73.853,92.858,78.615,73.428,19.005,4.762,-0.425,1.914
25.9,83.598,57.397,70.497,88.066,74.436,68.487,17.569,3.939,-2.01,1.56
26,80.902,53.434,67.168,83.366,70.516,64.426,16.197,3.348,-2.742,1.134
26.1,78.272,50.23,64.251,78.657,66.692,61.485,14.406,2.441,-2.766,0.287
26.2,75.104,47.558,61.331,74,63.145,59.105,12.669,1.814,-2.226,-0.531
26.3,72.404,45.065,58.735,69.489,59.974,56.566,10.754,1.239,-2.168,-1.883
26.4,70.637,42.597,56.617,65.144,57.249,54.071,8.527,0.632,-2.546,-3.768
26.5,68.902,40.203,54.553,60.949,54.95,51.613,6.396,0.398,-2.94,-5.677
26.6,65.925,38.068,51.997,56.999,52.885,49.109,5.003,0.889,-2.888,-6.98
26.7,61.286,36.161,48.724,53.324,50.79,46.441,4.601,2.066,-2.283,-7.369
26.8,56.742,34.505,45.624,49.883,48.61,43.633,4.259,2.987,-1.99,-7.648
26.9,53.281,33.086,43.183,46.721,46.454,40.836,3.538,3.271,-2.347,-8.221
27,48.696,31.668,40.182,43.8,44.316,38.173,3.619,4.134,-2.009,-7.782
27.1,44.086,30.35,37.218,40.956,42.191,35.683,3.738,4.973,-1.534,-6.22
27.2,39.865,29.25,34.557,38.323,40.078,33.359,3.766,5.521,-1.198,-4.375
27.3,35.704,28.15,31.927,35.923,37.971,31.214,3.997,6.044,-0.713,-2.068
27.4,32.979,27.435,30.207,33.673,35.796,29.215,3.466,5.589,-0.992,-0.277
27.5,30.156,26.711,28.433,31.624,33.633,27.381,3.191,5.2,-1.053,1.867
27.6,26.368,26.256,26.312,29.819,31.564,25.66,3.507,5.252,-0.652,4.562
27.7,22.939,25.81,24.374,28.219,29.676,23.933,3.845,5.302,-0.441,7.18
27.8,20.702,25.376,23.039,26.823,27.949,22.299,3.784,4.91,-0.74,9.206
27.9,19.001,24.851,21.926,25.635,26.297,20.771,3.709,4.372,-1.155,10.925
28,17.27,24.241,20.755,24.594,24.613,19.356,3.839,3.858,-1.399,12.52
28.1,15.132,23.548,19.34,23.663,22.87,18.044,4.324,3.531,-1.296,14.082
28.2,12.594,22.627,17.61,22.84,21.159,16.786,5.229,3.548,-0.825,15.585
28.3,11.196,21.382,16.289,22.042,19.533,15.46,5.753,3.244,-0.829,16.211
28.4,9.954,19.766,14.86,21.217,18.055,14.066,6.357,3.195,-0.794,15.351
28.5,8.734,17.69,13.212,20.365,16.603,12.772,7.153,3.391,-0.44,14.313
28.6,7.959,15.55,11.754,19.427,15.071,11.704,7.673,3.317,-0.051,12.772
28.7,7.209,13.309,10.259,18.367,13.288,10.997,8.107,3.028,0.738,11.036
28.8,7.905,11.222,9.563,17.186,11.407,10.454,7.622,1.844,0.891,8.352
28.9,7.78,8.978,8.379,15.894,9.578,9.898,7.515,1.199,1.519,6.089
29,7.405,6.938,7.172,14.542,8.054,9.216,7.371,0.883,2.044,3.865
29.1,6.731,5.025,5.878,13.132,6.708,8.416,7.254,0.83,2.538,1.823
29.2,5.381,3.067,4.224,11.607,5.262,7.417,7.383,1.038,3.194,0.322
29.3,2.431,1.185,1.808,9.951,3.411,6.128,8.143,1.603,4.32,-0.157
29.4,-1.301,-0.642,-0.972,8.168,1.152,4.472,9.14,2.123,5.444,0.072
29.5,-3.468,-2.743,-3.106,6.275,-1.205,2.63,9.38,1.901,5.736,0.101
29.6,-5.425,-5.457,-5.441,4.32,-3.391,0.787,9.761,2.05,6.228,0.563
29.7,-6.45,-8.814,-7.632,2.39,-5.227,-0.783,10.022,2.405,6.848,1.12
29.8,-7.463,-12.481,-9.972,0.415,-6.957,-2.281,10.387,3.015,7.691,2.073
29.9,-9.261,-14.87,-12.065,-1.609,-8.7,-3.82,10.456,3.365,8.245,3.034
30,-10.855,-16.56,-13.707,-3.742,-10.712,-5.549,9.965,2.995,8.158,3.807
30.1,-12.726,-16.971,-14.849,-5.918,-12.734,-7.419,8.931,2.115,7.43,4.223
30.2,-14.456,-17.835,-16.146,-8.011,-14.613,-9.256,8.134,1.533,6.889,5.072
30.3,-15.677,-19.09,-17.383,-9.909,-16.196,-10.943,7.475,1.187,6.441,6.108
30.4,-16.44,-20.784,-18.612,-11.624,-17.509,-12.489,6.989,1.103,6.123,7.347
30.5,-17.864,-22.409,-20.137,-13.211,-18.644,-13.894,6.926,1.493,6.243,9.06
30.6,-19.677,-23.481,-21.579,-14.728,-19.732,-15.157,6.851,1.847,6.422,10.837
30.7,-20.869,-24.419,-22.644,-16.198,-20.812,-16.28,6.446,1.832,6.364,12.348
30.8,-21.746,-26.094,-23.92,-17.613,-21.737,-17.317,6.308,2.183,6.604,14.15
30.9,-22.83,-28.669,-25.749,-19.022,-22.458,-18.372,6.728,3.291,7.378,16.549
31,-23.93,-31.198,-27.564,-20.55,-22.971,-19.509,7.014,4.593,8.055,18.758
31.1,-24.82,-32.911,-28.865,-22.016,-23.304,-20.586,6.85,5.561,8.279,20.533
31.2,-24.518,-33.94,-29.229,-23.297,-23.536,-21.524,5.932,5.693,7.705,21.439
31.3,-24.148,-32.87,-28.509,-24.372,-23.755,-22.272,4.137,4.754,6.237,21.319
31.4,-23.745,-32.23,-27.987,-25.209,-23.857,-22.89,2.778,4.13,5.097,21.444
31.5,-23.455,-30.602,-27.028,-25.786,-23.83,-23.446,1.243,3.198,3.583,21.168
31.6,-22.877,-29.793,-26.335,-26.155,-23.721,-24.176,0.18,2.614,2.159,21.181
31.7,-22.124,-28.722,-25.423,-26.296,-23.482,-24.842,-0.873,1.941,0.581,20.99
31.8,-21.403,-27.224,-24.313,-26.195,-23.108,-25.234,-1.881,1.205,-0.921,20.603
31.9,-20.204,-25.32,-22.762,-25.923,-22.74,-25.301,-3.161,0.023,-2.539,19.767
32,-18.859,-23.074,-20.967,-25.506,-22.282,-25,-4.539,-1.315,-4.033,18.667
32.1,-17.564,-20.268,-18.916,-24.9,-21.541,-24.232,-5.984,-2.624,-5.316,17.232
32.2,-16.442,-17.279,-16.861,-24.166,-20.403,-22.944,-7.305,-3.542,-6.083,15.789
32.3,-15.7,-14.661,-15.181,-23.408,-18.864,-21.13,-8.227,-3.683,-5.949,14.715
32.4,-15.109,-12.525,-13.817,-22.457,-16.974,-19.007,-8.64,-3.157,-5.19,13.951
32.5,-14.297,-10.99,-12.643,-21.253,-14.84,-16.916,-8.61,-2.197,-4.273,13.368
32.6,-12.763,-9.45,-11.107,-19.828,-12.497,-15.006,-8.722,-1.391,-3.899,12.412
32.7,-11.641,-7.89,-9.765,-18.14,-10.009,-13.069,-8.375,-0.243,-3.304,11.641
32.8,-10.13,-6.22,-8.175,-16.223,-7.544,-11.06,-8.048,0.632,-2.885,10.607
32.9,-8.93,-3.93,-6.43,-14.163,-5.207,-8.901,-7.733,1.223,-2.471,9.404
33,-7.098,-1.69,-4.394,-11.918,-2.946,-6.716,-7.524,1.448,-2.322,7.894
33.1,-6.229,0.712,-2.759,-9.559,-0.797,-4.61,-6.8,1.961,-1.851,6.797
33.2,-5.295,3.21,-1.043,-7.158,1.323,-2.719,-6.115,2.366,-1.676,5.608
33.3,-4.162,6.008,0.923,-4.712,3.3,-0.92,-5.635,2.377,-1.843,4.154
33.4,-2.139,8.823,3.342,-2.293,5.031,0.871,-5.635,1.689,-2.47,2.231
33.5,1.499,11.469,6.484,0.008,6.318,2.75,-6.476,-0.166,-3.734,-0.434
33.6,4.35,13.817,9.084,2.192,7.326,4.688,-6.892,-1.757,-4.395,-2.576
33.7,6.256,15.917,11.086,4.304,8.385,6.666,-6.783,-2.701,-4.42,-4.143
33.8,8.286,17.937,13.112,6.394,9.862,8.672,-6.718,-3.249,-4.44,-5.756
33.9,10.473,20.043,15.258,8.476,11.755,10.7,-6.782,-3.503,-4.558,-7.517
34,13.469,22.142,17.805,10.511,13.819,12.758,-7.294,-3.987,-5.047,-9.705
34.1,16.939,24.19,20.564,12.499,15.859,14.84,-8.065,-4.706,-5.725,-11.879
34.2,19.695,26.517,23.106,14.464,17.784,16.952,-8.642,-5.322,-6.154,-13.827
34.3,22.635,28.732,25.684,16.359,19.734,19.071,-9.325,-5.95,-6.613,-15.829
34.4,24.779,30.273,27.526,18.16,21.74,21.163,-9.366,-5.786,-6.363,-17.139
34.5,26.705,31.031,28.868,19.885,23.975,23.311,-8.983,-4.893,-5.557,-18.019
34.6,28.835,31.2,30.017,21.512,26.206,25.385,-8.506,-3.811,-4.632,-18.803
34.7,30.581,31.1,30.841,23.052,28.236,27.238,-7.789,-2.605,-3.602,-19.382
34.8,31.346,31.007,31.176,24.643,29.965,28.88,-6.534,-1.211,-2.297,-19.621
34.9,31.787,30.761,31.274,26.158,31.384,30.219,-5.116,0.11,-1.055,-19.795
35,31.836,30.449,31.142,27.436,32.459,31.136,-3.707,1.316,-0.006,-19.94
35.1,31.837,30.076,30.956,28.396,33.296,31.671,-2.561,2.339,0.715,-20.256
35.2,31.709,29.828,30.768,29.036,33.822,31.767,-1.732,3.054,0.999,-21.105
35.3,31.343,29.656,30.499,29.373,33.97,31.455,-1.126,3.471,0.955,-22.114
35.4,30.312,29.8,30.056,29.519,33.776,30.808,-0.537,3.72,0.753,-23.123
35.5,29.485,30.225,29.855,29.476,33.235,29.84,-0.379,3.38,-0.015,-24.483
35.6,28.31,30.465,29.388,29.18,32.44,28.754,-0.208,3.053,-0.634,-25.616
35.7,26.669,30.496,28.582,28.646,31.548,27.811,0.064,2.966,-0.771,-26.385
35.8,25.398,30.353,27.876,27.869,30.583,27.016,-0.007,2.707,-0.859,-27.16
35.9,24.3,30.074,27.187,26.976,29.596,26.324,-0.211,2.409,-0.863,-27.793
36,23.36,30.166,26.763,26.157,28.693,25.751,-0.606,1.93,-1.012,-28.463
36.1,22.136,30.88,26.508,25.501,27.871,25.306,-1.007,1.363,-1.201,-28.605
36.2,20.971,31.601,26.286,24.949,27.232,24.942,-1.337,0.946,-1.344,-28.537
36.3,20.575,31.448,26.012,24.511,26.896,24.592,-1.5,0.884,-1.419,-28.213
36.4,19.865,30.74,25.302,24.2,27.067,24.221,-1.103,1.765,-1.081,-27.29
36.5,19.506,29.599,24.553,23.971,27.378,23.833,-0.582,2.826,-0.72,-26.203
36.6,19.485,28.75,24.118,23.75,27.47,23.39,-0.368,3.352,-0.728,-25.344
36.7,17.583,26.79,22.187,23.53,27.065,23.042,1.343,4.878,0.855,-22.944
36.8,17.519,24.009,20.764,23.259,26.323,22.56,2.495,5.559,1.796,-21.046
36.9,16.336,21.297,18.816,22.855,25.296,21.756,4.038,6.48,2.94,-18.655
37,16.969,18.322,17.645,22.3,24.283,20.412,4.655,6.637,2.767,-17.113
37.1,15.65,16.072,15.861,21.57,23.001,18.676,5.709,7.14,2.815,-15.069
37.2,13.948,14.429,14.189,20.635,21.276,16.815,6.447,7.088,2.626,-13.289
37.3,11.319,13.263,12.291,19.539,18.941,15.288,7.248,6.65,2.997,-11.716
37.4,8.035,10.929,9.482,18.262,16.097,13.894,8.78,6.615,4.412,-9.328
37.5,5.196,7.586,6.391,16.768,13.085,12.257,10.377,6.694,5.865,-6.729
37.6,2.298,3.643,2.97,15.096,10.259,10.005,12.125,7.288,7.035,-3.848
37.7,-0.022,0.303,0.141,13.248,7.557,7.15,13.108,7.416,7.009,-1.579
37.8,-2.315,-1.984,-2.15,11.231,5.001,4.17,13.38,7.151,6.319,0.154
37.9,-3.821,-3.879,-3.85,9.088,2.619,1.508,12.938,6.469,5.358,1.326
38,-3.918,-5.269,-4.593,6.823,0.413,-0.757,11.416,5.007,3.837,1.593
38.1,-4.361,-6.915,-5.638,4.546,-1.576,-2.793,10.184,4.062,2.845,2.308
38.2,-5.079,-9.453,-7.266,2.369,-3.394,-4.711,9.634,3.871,2.554,3.652
38.3,-5.951,-11.719,-8.835,0.279,-5.071,-6.61,9.114,3.764,2.225,4.981
38.4,-6.745,-13.432,-10.089,-1.587,-6.483,-8.264,8.502,3.605,1.824,6.032
38.5,-7.634,-14.293,-10.964,-3.098,-7.59,-9.575,7.866,3.374,1.389,6.74
38.6,-8.711,-14.817,-11.764,-4.142,-8.375,-10.514,7.623,3.389,1.25,7.404
38.7,-9.314,-16.108,-12.711,-4.922,-8.956,-11.159,7.789,3.755,1.552,8.243
38.8,-11.968,-16.735,-14.352,-5.698,-9.516,-11.658,8.653,4.835,2.694,9.799
38.9,-14.693,-16.427,-15.56,-6.721,-10.295,-12.163,8.839,5.265,3.397,10.943
39,-13.957,-15.49,-14.723,-7.76,-11.023,-12.56,6.963,3.701,2.163,10.058
39.1,-14.178,-15.28,-14.729,-8.74,-11.578,-12.88,5.989,3.15,1.849,10.029
39.2,-14.726,-16.879,-15.802,-9.612,-11.824,-13.217,6.191,3.978,2.585,10.948
39.3,-13.261,-19.232,-16.247,-10.396,-11.878,-13.476,5.851,4.369,2.771,11.248
39.4,-13.23,-20.321,-16.775,-11.099,-11.883,-13.623,5.677,4.893,3.153,11.65
39.5,-13.811,-20.45,-17.13,-11.846,-12.074,-13.684,5.284,5.056,3.446,11.906
39.6,-13.634,-19.76,-16.697,-12.513,-12.304,-13.621,4.184,4.393,3.076,11.412
39.7,-13.494,-18.745,-16.12,-12.939,-12.417,-13.418,3.181,3.703,2.702,10.821
39.8,-13.32,-16.974,-15.147,-12.951,-12.268,-13.093,2.196,2.879,2.054,9.89
39.9,-11.911,-14.914,-13.412,-12.634,-11.916,-12.64,0.778,1.496,0.772,8.263
40,-11.165,-13.088,-12.126,-12.232,-11.499,-12.103,-0.106,0.627,0.023,7.159
40.1,-10.639,-11.359,-10.999,-12.02,-11.217,-11.584,-1.021,-0.218,-0.585,6.299
40.2,-9.67,-9.513,-9.592,-11.96,-10.988,-11.023,-2.369,-1.396,-1.431,5.324
40.3,-8.836,-8.146,-8.491,-11.96,-10.667,-10.375,-3.469,-2.176,-1.884,4.744
40.4,-7.905,-7.269,-7.587,-12.014,-10.166,-9.578,-4.427,-2.578,-1.991,4.424
40.5,-7.091,-6.682,-6.886,-12.12,-9.489,-8.676,-5.234,-2.603,-1.789,4.344
40.6,-6.457,-6.125,-6.291,-12.146,-8.671,-7.797,-5.855,-2.38,-1.506,4.381
40.7,-5.615,-5.375,-5.495,-11.999,-7.729,-7.077,-6.505,-2.234,-1.582,4.203
40.8,-4.649,-4.491,-4.57,-11.696,-6.677,-6.496,-7.126,-2.107,-1.926,3.857
40.9,-3.941,-3.536,-3.738,-11.113,-5.622,-5.99,-7.375,-1.883,-2.251,3.538
41,-3.451,-2.462,-2.957,-10.179,-4.752,-5.56,-7.223,-1.795,-2.604,3.06
41.1,-2.788,-1.343,-2.066,-8.89,-4.065,-5.204,-6.824,-1.999,-3.138,2.401
41.2,-1.824,-0.246,-1.035,-7.297,-3.316,-4.736,-6.262,-2.281,-3.701,1.541
41.3,-0.465,1.117,0.326,-5.543,-2.306,-3.99,-5.869,-2.632,-4.316,0.301
41.4,0.944,2.63,1.787,-3.752,-0.998,-2.932,-5.539,-2.785,-4.719,-1.079
41.5,2.324,4.129,3.226,-1.793,0.478,-1.618,-5.02,-2.748,-4.845,-2.464
41.6,3.558,5.594,4.576,0.332,1.999,-0.112,-4.244,-2.578,-4.688,-3.778
41.7,4.126,6.696,5.411,2.651,3.503,1.557,-2.76,-1.908,-3.855,-4.583
41.8,4.858,7.931,6.394,5.029,5.083,3.341,-1.365,-1.312,-3.053,-5.532
41.9,6.302,9.404,7.853,7.297,6.79,5.122,-0.556,-1.063,-2.731,-6.941
42,8.222,11.581,9.901,9.401,8.697,6.937,-0.5,-1.204,-2.965,-8.914
42.1,9.648,13.579,11.613,11.341,10.546,8.602,-0.272,-1.067,-3.011,-10.513
42.2,11.306,15.683,13.495,13.1,12.11,9.91,-0.395,-1.385,-3.585,-12.099
42.3,12.914,16.621,14.768,14.795,13.318,10.756,0.027,-1.45,-4.012,-13.048
42.4,14.287,17.138,15.713,16.238,14.179,11.213,0.525,-1.534,-4.499,-13.655
42.5,16.325,17.222,16.773,17.33,14.711,11.417,0.557,-2.062,-5.357,-14.377
42.6,17.171,17.3,17.236,18.151,15.032,11.554,0.916,-2.204,-5.682,-14.515
42.7,17.898,17.19,17.544,18.589,15.031,11.471,1.045,-2.513,-6.073,-14.527
42.8,18.105,16.97,17.538,18.654,14.75,11.19,1.116,-2.788,-6.348,-14.266
42.9,18.611,16.55,17.581,18.47,14.299,10.779,0.89,-3.281,-6.801,-14.11
43,17.629,15.724,16.676,17.956,13.62,10.201,1.279,-3.057,-6.475,-13.076
43.1,15.685,14.599,15.142,17.179,12.805,9.522,2.037,-2.337,-5.62,-11.58
43.2,14.356,12.987,13.672,16.298,11.98,8.828,2.627,-1.692,-4.844,-10.222
43.3,12.8,11.44,12.12,15.226,11.085,8.087,3.106,-1.035,-4.033,-8.844
43.4,11.218,9.708,10.463,14.008,10.156,7.327,3.544,-0.307,-3.137,-7.404
43.5,10.309,8.157,9.233,12.698,9.233,6.562,3.465,-0,-2.671,-6.42
43.6,8.879,6.9,7.889,11.302,8.31,5.809,3.413,0.42,-2.08,-5.335
43.7,7.842,5.879,6.86,9.91,7.411,5.124,3.049,0.55,-1.736,-4.562
43.8,7.668,4.921,6.295,8.593,6.541,4.56,2.298,0.247,-1.734,-4.234
43.9,6.246,4.273,5.26,7.344,5.713,4.091,2.084,0.453,-1.169,-3.404
44,5.053,3.991,4.522,6.195,4.958,3.662,1.673,0.436,-0.86,-2.822
44.1,3.926,3.513,3.72,5.125,4.274,3.214,1.406,0.554,-0.506,-2.007
44.2,3.562,2.99,3.276,4.169,3.672,2.775,0.892,0.396,-0.501,-1.508
44.3,2.459,2.35,2.404,3.354,3.17,2.345,0.95,0.766,-0.059,-0.546
44.4,1.166,2.009,1.588,2.67,2.733,1.907,1.083,1.145,0.32,0.384
44.5,1.302,1.795,1.548,2.125,2.383,1.475,0.577,0.835,-0.073,0.55
44.6,0.474,1.745,1.109,1.693,2.149,1.066,0.584,1.04,-0.043,1.121
44.7,-0.85,1.774,0.462,1.281,2.006,0.647,0.819,1.544,0.185,1.894
44.8,-1.129,1.862,0.367,0.931,1.965,0.255,0.564,1.598,-0.112,2.099
44.9,-1.065,1.98,0.457,0.695,2.05,-0.021,0.238,1.593,-0.478,2.093
45,-1.235,2.137,0.451,0.565,2.215,-0.141,0.114,1.764,-0.592,2.149
45.1,-1.105,2.288,0.592,0.551,2.477,-0.101,-0.04,1.885,-0.693,1.904
45.2,-0.943,2.581,0.819,0.684,2.888,0.093,-0.135,2.069,-0.726,1.533
45.3,0.035,2.972,1.503,0.949,3.469,0.36,-0.555,1.966,-1.144,0.676
45.4,0.58,3.51,2.045,1.347,4.209,0.745,-0.698,2.164,-1.3,-0.056
45.5,0.433,3.992,2.213,1.847,5.018,1.311,-0.366,2.805,-0.902,-0.421
45.6,0.929,4.511,2.72,2.358,5.756,2.042,-0.362,3.036,-0.678,-1.12
45.7,1.235,5.111,3.173,2.914,6.449,2.953,-0.259,3.276,-0.221,-1.75
45.8,1.559,5.901,3.73,3.557,7.194,4.024,-0.173,3.464,0.294,-2.456
45.9,2.394,6.685,4.539,4.306,8.094,5.231,-0.233,3.554,0.692,-3.377
46,3.173,7.815,5.494,5.149,9.115,6.558,-0.345,3.622,1.064,-4.392
46.1,4.508,9.255,6.881,6.03,10.099,7.881,-0.852,3.217,1,-5.781
46.2,5.42,11.184,8.302,6.858,10.907,9.105,-1.444,2.605,0.803,-7.091
46.3,6.361,12.996,9.679,7.655,11.552,10.219,-2.023,1.873,0.54,-8.308
46.4,7.564,14.996,11.28,8.498,12.077,11.148,-2.782,0.797,-0.132,-9.713
46.5,9.138,16.52,12.829,9.479,12.571,11.859,-3.35,-0.258,-0.97,-11.039
46.6,10.8,17.545,14.173,10.569,13.007,12.349,-3.604,-1.166,-1.823,-12.146
46.7,11.942,18.374,15.158,11.629,13.291,12.605,-3.529,-1.867,-2.553,-12.89
46.8,12.816,19.011,15.913,12.551,13.373,12.665,-3.363,-2.54,-3.249,-13.413
46.9,13.614,19.375,16.495,13.329,13.265,12.535,-3.165,-3.23,-3.959,-13.748
47,14.293,19.196,16.744,13.961,13.058,12.281,-2.783,-3.686,-4.463,-13.742
47.1,14.509,18.601,16.555,14.502,12.869,12.014,-2.053,-3.686,-4.541,-13.298
47.2,14.418,17.664,16.041,14.926,12.688,11.742,-1.115,-3.353,-4.299,-12.539
47.3,14.238,16.298,15.268,15.137,12.507,11.493,-0.131,-2.761,-3.775,-11.54
47.4,13.818,15.041,14.43,15.123,12.425,11.344,0.693,-2.005,-3.086,-10.503
47.5,13.143,13.717,13.43,14.877,12.394,11.308,1.447,-1.036,-2.122,-9.34
47.6,12.257,12.493,12.375,14.426,12.202,11.289,2.051,-0.173,-1.086,-8.168
47.7,11.425,10.847,11.136,13.867,11.664,11.24,2.731,0.528,0.104,-6.865
47.8,10.262,9.084,9.673,13.185,10.808,11.152,3.511,1.135,1.479,-5.402
47.9,8.835,6.61,7.723,12.373,9.785,10.916,4.651,2.062,3.193,-3.523
48,7.857,4.11,5.983,11.523,8.772,10.413,5.54,2.789,4.429,-2.024
48.1,8.159,2.305,5.232,10.595,7.747,9.648,5.363,2.515,4.416,-1.595
48.2,7.376,1.57,4.473,9.541,6.678,8.792,5.069,2.205,4.319,-1.225
48.3,6.051,1.028,3.54,8.325,5.492,7.987,4.785,1.953,4.448,-0.735
48.4,4.707,0.31,2.508,6.966,4.27,7.245,4.457,1.762,4.736,-0.186
48.5,4.097,-0.62,1.739,5.588,3.228,6.64,3.85,1.489,4.902,0.075
48.6,2.438,-1.483,0.478,4.303,2.592,6.181,3.826,2.114,5.704,0.815
48.7,1.135,-2.409,-0.637,3.112,2.27,5.916,3.748,2.907,6.553,1.411
48.8,1.299,-3.033,-0.867,2.038,2.042,5.943,2.905,2.909,6.81,1.139
48.9,0.935,-3.502,-1.284,1.065,1.677,6.463,2.348,2.96,7.747,1.083
49,0.328,-3.877,-1.774,0.214,1.258,7.259,1.989,3.033,9.034,1.145
49.1,-0.42,-4.055,-2.237,-0.439,0.819,7.891,1.798,3.057,10.128,1.237
49.2,-0.975,-4.058,-2.517,-0.854,0.381,8.007,1.663,2.898,10.524,1.299
49.3,-1.188,-4.068,-2.628,-1.058,-0.07,7.69,1.57,2.558,10.318,1.233
49.4,-1.487,-4.185,-2.836,-1.173,-0.543,6.969,1.663,2.293,9.805,1.298
49.5,-1.682,-4.246,-2.964,-1.325,-1.021,5.937,1.639,1.943,8.901,1.309
49.6,-1.741,-4.381,-3.061,-1.503,-1.521,4.573,1.558,1.54,7.634,1.308
49.7,-1.555,-4.485,-3.02,-1.755,-2.078,2.911,1.265,0.942,5.931,1.181
49.8,-1.593,-4.577,-3.085,-2.139,-2.773,0.988,0.946,0.312,4.073,1.164
49.9,-1.817,-4.373,-3.095,-2.629,-3.546,-1.165,0.466,-0.452,1.929,1.09
50,-2.552,-4.214,-3.383,-3.177,-4.233,-3.158,0.205,-0.85,0.225,1.283
50.1,-3.1,-4.051,-3.576,-3.746,-4.692,-4.634,-0.17,-1.116,-1.058,1.369
50.2,-3.181,-4.035,-3.608,-4.331,-4.961,-5.606,-0.723,-1.353,-1.998,1.294
50.3,-3.281,-4.131,-3.706,-4.887,-5.109,-6.134,-1.181,-1.403,-2.427,1.276
50.4,-3.512,-4.181,-3.847,-5.42,-5.261,-6.331,-1.573,-1.414,-2.484,1.286
50.5,-3.767,-4.361,-4.064,-5.884,-5.327,-6.181,-1.819,-1.263,-2.117,1.353
50.6,-4.029,-4.28,-4.154,-6.191,-5.27,-5.838,-2.037,-1.116,-1.684,1.265
50.7,-4.083,-4.34,-4.211,-6.337,-5.062,-5.475,-2.126,-0.851,-1.263,1.111
50.8,-3.887,-4.22,-4.054,-6.291,-4.751,-5.06,-2.238,-0.697,-1.006,0.587
50.9,-4.066,-4.154,-4.11,-6.05,-4.421,-4.71,-1.94,-0.311,-0.6,0.211
51,-4.405,-4.12,-4.262,-5.636,-4.112,-4.457,-1.374,0.15,-0.194,-0.12
51.1,-4.803,-4.02,-4.412,-5.071,-3.85,-4.351,-0.66,0.562,0.061,-0.491
51.2,-4.888,-3.895,-4.391,-4.461,-3.71,-4.462,-0.07,0.682,-0.07,-1.052
51.3,-4.823,-3.585,-4.204,-3.859,-3.746,-4.821,0.345,0.459,-0.617,-1.788
51.4,-4.931,-3.458,-4.194,-3.283,-3.911,-5.37,0.911,0.283,-1.175,-2.34
51.5,-5.035,-3.579,-4.307,-2.803,-4.142,-6.003,1.504,0.165,-1.696,-2.746
51.6,-5.499,-3.831,-4.665,-2.396,-4.397,-6.671,2.269,0.268,-2.006,-2.872
51.7,-5.553,-4.049,-4.801,-2.149,-4.672,-7.335,2.651,0.128,-2.535,-3.169
51.8,-5.346,-4.224,-4.785,-2.133,-4.915,-7.894,2.653,-0.13,-3.108,-3.551
51.9,-5.383,-4.497,-4.94,-2.413,-5.116,-8.331,2.527,-0.176,-3.391,-3.684
52,-5.363,-4.411,-4.887,-2.849,-5.251,-8.603,2.039,-0.364,-3.715,-3.929
52.1,-5.28,-4.184,-4.732,-3.249,-5.302,-8.674,1.483,-0.57,-3.942,-4.168
52.2,-5.566,-3.918,-4.742,-3.51,-5.28,-8.561,1.233,-0.538,-3.819,-4.024
52.3,-5.346,-3.912,-4.629,-3.714,-5.15,-8.255,0.915,-0.521,-3.626,-3.904
52.4,-5.021,-3.808,-4.415,-3.883,-4.905,-7.818,0.532,-0.49,-3.403,-3.794
52.5,-4.738,-3.821,-4.279,-4.032,-4.543,-7.283,0.248,-0.264,-3.004,-3.522
52.6,-4.914,-3.921,-4.418,-4.129,-4.112,-6.643,0.288,0.305,-2.226,-2.9
52.7,-4.481,-4.133,-4.307,-4.173,-3.71,-5.956,0.134,0.597,-1.649,-2.459
52.8,-3.962,-4.291,-4.127,-4.166,-3.361,-5.236,-0.039,0.765,-1.109,-2.027
52.9,-3.989,-4.08,-4.034,-4.11,-2.965,-4.5,-0.076,1.069,-0.465,-1.455
53,-3.788,-3.528,-3.658,-4.05,-2.45,-3.798,-0.392,1.207,-0.141,-1.122
53.1,-3.68,-2.8,-3.24,-3.982,-1.818,-3.134,-0.742,1.423,0.106,-0.792
53.2,-3.499,-2.362,-2.93,-3.839,-1.145,-2.486,-0.909,1.786,0.444,-0.324
53.3,-3.307,-2.096,-2.701,-3.589,-0.52,-1.82,-0.888,2.182,0.882,0.247
53.4,-3.202,-1.777,-2.49,-3.233,0.07,-1.152,-0.743,2.56,1.337,0.849
53.5,-2.484,-1.327,-1.905,-2.781,0.666,-0.556,-0.876,2.572,1.35,1.085
53.6,-2.132,-0.838,-1.485,-2.273,1.296,-0.106,-0.788,2.781,1.379,1.485
53.7,-1.614,-0.283,-0.949,-1.698,1.95,0.25,-0.75,2.898,1.198,1.762
53.8,-1.015,0.428,-0.294,-1.07,2.609,0.61,-0.776,2.903,0.904,1.912
53.9,0.313,1.399,0.856,-0.451,3.251,1.049,-1.307,2.396,0.193,1.561
54,0.943,2.319,1.631,0.203,3.889,1.547,-1.428,2.258,-0.084,1.578
54.1,2.082,2.954,2.518,0.94,4.535,2.12,-1.578,2.016,-0.398,1.477
54.2,2.815,3.538,3.176,1.728,5.202,2.75,-1.449,2.026,-0.427,1.6
54.3,3.11,4.432,3.771,2.626,5.88,3.458,-1.145,2.109,-0.313,1.782
54.4,4.106,5.387,4.746,3.69,6.553,4.24,-1.056,1.807,-0.506,1.581
54.5,4.276,6.286,5.281,4.961,7.188,5.05,-0.32,1.907,-0.231,1.816
54.6,5.628,7.29,6.459,6.369,7.823,5.935,-0.09,1.364,-0.524,1.407
54.7,6.426,8.7,7.563,7.792,8.5,6.9,0.229,0.937,-0.663,1.07
54.8,7.453,10.33,8.892,9.095,9.215,7.948,0.204,0.323,-0.944,0.508
54.9,8.228,12.094,10.161,10.42,10,9.052,0.259,-0.161,-1.109,0.005
55,9.202,13.324,11.263,11.854,10.886,10.169,0.591,-0.377,-1.094,-0.329
55.1,10.733,14.752,12.742,13.496,11.917,11.312,0.754,-0.825,-1.43,-1.04
55.2,12.538,16.282,14.41,15.102,12.996,12.373,0.692,-1.414,-2.037,-1.937
55.3,13.727,17.868,15.798,16.452,14.033,13.261,0.654,-1.765,-2.537,-2.551
55.4,15.334,19.012,17.173,17.503,15.031,13.971,0.33,-2.143,-3.202,-3.149
55.5,16.786,20.232,18.509,18.369,15.855,14.449,-0.14,-2.655,-4.061,-3.704
55.6,17.939,21.495,19.717,19.223,16.391,14.712,-0.494,-3.326,-5.005,-4.125
55.7,18.946,22.581,20.764,20.063,16.629,14.76,-0.701,-4.135,-6.004,-4.38
55.8,19.684,23.316,21.5,20.677,16.612,14.563,-0.823,-4.888,-6.937,-4.319
55.9,20.001,23.247,21.624,20.969,16.489,14.17,-0.655,-5.135,-7.454,-3.637
56,19.748,22.063,20.905,20.944,16.26,13.581,0.038,-4.645,-7.324,-2.105
56.1,19.255,20.374,19.815,20.675,15.784,12.862,0.861,-4.031,-6.952,-0.193
56.2,18.467,18.541,18.504,20.373,14.979,12.13,1.868,-3.525,-6.375,1.948
56.3,17.101,17.115,17.108,19.928,13.89,11.375,2.82,-3.219,-5.733,4.184
56.4,15.427,16.176,15.801,19.185,12.752,10.61,3.383,-3.049,-5.191,6.342
56.5,13.843,15.694,14.768,18.094,11.878,9.901,3.326,-2.89,-4.867,8.238
56.6,12.08,15.101,13.59,16.697,11.106,9.207,3.107,-2.485,-4.384,10.29
56.7,10.465,14.403,12.434,15.13,10.26,8.477,2.696,-2.174,-3.957,12.333
56.8,9.101,13.024,11.063,13.578,9.083,7.684,2.515,-1.98,-3.379,14.605
56.9,7.828,10.71,9.269,11.926,7.87,6.833,2.657,-1.399,-2.436,17.313
57,6.556,8.53,7.543,10.2,6.879,5.93,2.657,-0.664,-1.613,19.968
57.1,5.466,6.59,6.028,8.349,6.346,4.965,2.321,0.318,-1.064,22.428
57.2,5.066,4.271,4.669,6.531,5.983,3.973,1.863,1.314,-0.696,24.748
57.3,4.034,1.976,3.005,4.915,5.529,3.012,1.91,2.524,0.007,27.39
57.4,3.39,-0.064,1.663,3.538,4.797,2.096,1.875,3.134,0.433,29.727
57.5,2.702,-0.582,1.06,2.424,4.05,1.241,1.364,2.989,0.18,31.343
57.6,1.74,-1.464,0.138,1.55,3.465,0.463,1.412,3.327,0.326,33.299
57.7,0.142,-2.4,-1.129,0.897,3.12,-0.235,2.026,4.249,0.894,35.618
57.8,-1.071,-2.997,-2.034,0.501,2.824,-0.864,2.535,4.858,1.17,37.596
57.9,-1.414,-2.815,-2.115,0.326,2.385,-1.451,2.441,4.5,0.664,38.771
58,-1.73,-2.579,-2.155,0.356,1.798,-2,2.511,3.953,0.155,39.927
58.1,-2.13,-2.77,-2.45,0.453,1.249,-2.533,2.903,3.699,-0.084,41.36
58.2,-2.563,-2.958,-2.761,0.465,0.906,-3.14,3.225,3.667,-0.379,42.833
58.3,-2.91,-3.19,-3.05,0.393,0.733,-3.784,3.444,3.783,-0.734,44.308
58.4,-3.06,-3.57,-3.315,0.19,0.572,-4.313,3.505,3.887,-0.998,45.782
58.5,-3.216,-4.391,-3.804,-0.202,0.296,-4.787,3.602,4.1,-0.983,47.507
58.6,-3.445,-5.257,-4.351,-0.725,-0.058,-5.065,3.627,4.293,-0.714,49.316
58.7,-3.1,-5.847,-4.473,-1.275,-0.475,-4.803,3.199,3.998,-0.33,50.727
58.8,-3.358,-6.213,-4.785,-1.803,-0.92,-3.695,2.983,3.866,1.09,52.354
58.9,-3.371,-6.434,-4.902,-2.306,-1.422,-1.978,2.596,3.48,2.924,53.815
59,-3.596,-6.79,-5.193,-2.73,-1.994,-0.142,2.462,3.198,5.05,55.479
59.1,-4.03,-7.04,-5.535,-3.049,-2.689,1.528,2.487,2.846,7.064,57.223
59.2,-4.171,-6.804,-5.487,-3.351,-3.384,3.046,2.137,2.104,8.534,58.608
59.3,-4.302,-6.78,-5.541,-3.734,-3.942,4.288,1.807,1.599,9.829,60.126
59.4,-4.431,-6.088,-5.259,-4.203,-4.301,5.311,1.057,0.958,10.57,61.339
59.5,-4.517,-6.012,-5.265,-4.683,-4.53,5.759,0.582,0.735,11.023,62.873
59.6,-4.364,-5.657,-5.01,-5.135,-4.701,5.349,-0.124,0.31,10.36,64.179
59.7,-4.183,-5.722,-4.952,-5.551,-4.854,4.036,-0.599,0.098,8.988,65.716
59.8,-4.002,-5.668,-4.835,-5.884,-4.918,2.293,-1.049,-0.083,7.128,67.228
59.9,-4.125,-5.526,-4.825,-6.139,-4.857,0.699,-1.314,-0.032,5.525,68.883
60,-4.575,-5.29,-4.932,-6.281,-4.677,-0.71,-1.349,0.256,4.222,70.69
