"Lat Ctr","U (m/s)","N","Err(U) m/s","Lat Graph","Porco et al. (2002)"
,,,,,"A. Vasavada"
-90,0,1,0,-89.999759028179
-89.9,0,1,0,-89.912313064833
-89.8,0,1,0,-89.824866975669
-89.7,0,1,0,-89.737420635323
-89.6,0,1,0,-89.649973918434
-89.5,0,1,0,-89.56252669964
-89.4,0,1,0,-89.475078853583
-89.3,0,1,0,-89.387630254904
-89.2,0,1,0,-89.300180778251
-89.1,0,1,0,-89.212730298272
-89,0,1,0,-89.125278689619
-88.9,0,1,0,-89.03782582695
-88.8,0,1,0,-88.950371584924
-88.7,0,1,0,-88.862915838209
-88.6,0,1,0,-88.775458461475
-88.5,0,1,0,-88.687999329401
-88.4,0,1,0,-88.600538316668
-88.3,0,1,0,-88.513075297969
-88.2,0,1,0,-88.425610147999
-88.1,0,1,0,-88.338142741465
-88,0,1,0,-88.25067295308
-87.9,0,1,0,-88.163200657566
-87.8,0,1,0,-88.075725729652
-87.7,0,1,0,-87.988248044081
-87.6,0,1,0,-87.900767475602
-87.5,0,1,0,-87.813283898975
-87.4,0,1,0,-87.725797188973
-87.3,0,1,0,-87.638307220377
-87.2,0,1,0,-87.550813867983
-87.1,0,1,0,-87.463317006597
-87,0,1,0,-87.375816511039
-86.9,0,1,0,-87.288312256141
-86.8,0,1,0,-87.200804116749
-86.7,0,1,0,-87.113291967724
-86.6,0,1,0,-87.025775683939
-86.5,0,1,0,-86.938255140286
-86.4,0,1,0,-86.850730211668
-86.3,0,1,0,-86.763200773007
-86.2,0,1,0,-86.675666699239
-86.1,0,1,0,-86.58812786532
-86,0,1,0,-86.500584146221
-85.9,0,1,0,-86.41303541693
-85.8,0,1,0,-86.325481552455
-85.7,0,1,0,-86.237922427822
-85.6,0,1,0,-86.150357918078
-85.5,0,1,0,-86.062787898285
-85.4,0,1,0,-85.975212243529
-85.3,0,1,0,-85.887630828917
-85.2,0,1,0,-85.800043529574
-85.1,0,1,0,-85.712450220649
-85,0.827586,29,13.8308,-85.624850777311
-84.9,7.68966,29,9.66623,-85.537245074754
-84.8,10.6296,27,5.50628,-85.449632988193
-84.7,7.41379,29,8.65001,-85.362014392867
-84.6,5.39286,28,11.8551,-85.274389164039
-84.5,4.73077,26,11.6672,-85.186757176996
-84.4,2.42308,26,11.7377,-85.099118307051
-84.3,2.34483,29,11.4151,-85.011472429541
-84.2,3.10714,28,11.6344,-84.923819419829
-84.1,2.27586,29,11.6861,-84.836159153306
-84,3.86207,29,11.9634,-84.748491505388
-83.9,1.10345,29,12.9514,-84.660816351518
-83.8,1.03448,29,13.2732,-84.573133567169
-83.7,1.46429,28,14.7183,-84.485443027841
-83.6,1.89286,28,15.1666,-84.397744609063
-83.5,0.428571,28,16.8686,-84.310038186392
-83.4,-1.28571,28,16.3024,-84.222323635417
-83.3,-2.03704,27,16.771,-84.134600831756
-83.2,-0.518519,27,17.6011,-84.046869651057
-83.1,0.310345,29,16.7761,-83.959129969002
-83,0.192308,26,16.8333,-83.871381661302
-82.9,0.615385,26,17.1443,-83.783624603701
-82.8,1,28,15.1144,-83.695858671978
-82.7,2.10345,29,16.0409,-83.608083741942
-82.6,-0.428571,28,16.2991,-83.520299689438
-82.5,0.107143,28,17.9409,-83.432506390344
-82.4,1.35714,28,18.8566,-83.344703720575
-82.3,-1.96552,29,19.2418,-83.256891556078
-82.2,-2.25,28,19.4053,-83.169069772839
-82.1,-3.37931,29,18.9669,-83.081238246879
-82,-0.172414,29,19.0901,-82.993396854257
-81.9,0.333333,27,19.0263,-82.905545471067
-81.8,0.142857,28,19.1228,-82.817683973443
-81.7,-2.86207,29,17.6933,-82.729812237557
-81.6,-7,29,17.1797,-82.641930139621
-81.5,-5.75,28,18.5983,-82.554037555885
-81.4,-3.06897,29,18.8735,-82.466134362639
-81.3,-2.51724,29,18.1671,-82.378220436216
-81.2,-1.34483,29,18.2625,-82.290295652987
-81.1,-0.241379,29,18.5889,-82.202359889366
-81,0.142857,28,19.1596,-82.114413021811
-80.9,1.48276,29,17.2888,-82.026454926821
-80.8,0.407407,27,19.9215,-81.938485480937
-80.7,7.22222,27,18.7295,-81.850504560746
-80.6,2.92593,27,20.1836,-81.76251204288
-80.5,3.5,28,20.2457,-81.674507804014
-80.4,-0.827586,29,19.4827,-81.586491720869
-80.3,1.10714,28,15.8192,-81.498463670212
-80.2,-1.67857,28,17.6238,-81.410423528859
-80.1,-4.75,28,16.7324,-81.322371173669
-80,-4.59259,27,18.8358,-81.234306481552
-79.9,-4.03704,27,17.0192,-81.146229329466
-79.8,-0.5,26,16.3615,-81.058139594416
-79.7,-0.333333,27,14.655,-80.970037153458
-79.6,4.17241,29,12.9919,-80.881921883698
-79.5,1.25926,27,16.6862,-80.793793662293
-79.4,1.80769,26,16.221,-80.705652366449
-79.3,-2.11111,27,15.7464,-80.617497873426
-79.2,-5,26,16.2432,-80.529330060535
-79.1,-2.78571,28,16.0101,-80.441148805142
-79,-2,29,13.7555,-80.352953984664
-78.9,-1.34483,29,14.241,-80.264745476573
-78.8,1.48148,27,12.2612,-80.176523158396
-78.7,-0.769231,26,15.6238,-80.088286907715
-78.6,0.291667,24,14.4086,-80.000036602169
-78.5,1.11111,27,9.75994,-79.911772119451
-78.4,0,26,12.9615,-79.823493337314
-78.3,-1.78571,28,11.3116,-79.735200133566
-78.2,-1,26,12.2768,-79.646892386076
-78.1,-1.23077,26,10.8933,-79.558569972769
-78,0.0714286,28,10.7701,-79.470232771632
-77.9,-1.34615,26,11.7403,-79.38188066071
-77.8,-1.4,25,9.69536,-79.293513518112
-77.7,-0.791667,24,12.1189,-79.205131222004
-77.6,-1.30435,23,11.2792,-79.116733650618
-77.5,0.347826,23,11.1625,-79.028320682246
-77.4,0.826087,23,10.4779,-78.939892195245
-77.3,0.72,25,9.88062,-78.851448068034
-77.2,3.15385,26,10.1496,-78.762988179097
-77.1,3.18519,27,10.1793,-78.674512406986
-77,1.70833,24,11.8119,-78.586020630315
-76.9,0.76,25,11.3258,-78.497512727767
-76.8,0.16,25,10.5857,-78.40898857809
-76.7,1.23077,26,10.3317,-78.320448060102
-76.6,1.24,25,8.76679,-78.231891052687
-76.5,3.08696,23,12.2916,-78.143317434801
-76.4,-0.4,25,11.1355,-78.054727085466
-76.3,1.8,25,9.57862,-77.966119883779
-76.2,2.24,25,9.47488,-77.877495708903
-76.1,2.65217,23,9.19787,-77.788854440077
-76,1.77273,22,7.79458,-77.70019595661
-75.9,1.91304,23,7.29204,-77.611520137885
-75.8,2.08,25,6.86124,-77.522826863358
-75.7,2.875,24,6.89242,-77.43411601256
-75.6,3.56,25,6.4941,-77.345387465097
-75.5,3.71429,21,6.69435,-77.256641100651
-75.4,4.09091,22,6.53131,-77.16787679898
-75.3,2.3913,23,5.24612,-77.079094439921
-75.2,1.36,25,5.76541,-76.990293903385
-75.1,1.16667,24,5.56125,-76.901475069366
-75,2,20,5.8938,-76.812637817934
-74.9,1.89474,19,5.84898,-76.723782029242
-74.8,2.16667,24,4.21866,-76.63490758352
-74.7,2.07692,26,4.93091,-76.546014361083
-74.6,3.04348,23,5.24386,-76.457102242326
-74.5,4.25,20,5.34962,-76.368171107728
-74.4,3.78261,23,4.88929,-76.279220837851
-74.3,2.65217,23,5.74938,-76.190251313341
-74.2,2.3913,23,4.28251,-76.10126241493
-74.1,2.04545,22,3.44311,-76.012254023436
-74,1.54167,24,4.33368,-75.923226019762
-73.9,3.18182,22,7.19548,-75.834178284901
-73.8,4.40909,22,6.64515,-75.74511069993
-73.7,4.04167,24,4.77748,-75.656023146018
-73.6,3.79167,24,5.38903,-75.566915504424
-73.5,3.77273,22,5.58,-75.477787656494
-73.4,2.45,20,5.28628,-75.388639483669
-73.3,1.9,20,3.94568,-75.299470867478
-73.2,1.38095,21,3.93035,-75.210281689547
-73.1,1.80769,26,3.63339,-75.12107183159
-73,1.85185,27,3.55943,-75.031841175421
-72.9,2.03571,28,3.86324,-74.942589602944
-72.8,2.07407,27,4.20554,-74.853316996163
-72.7,2.46429,28,6.26266,-74.764023237174
-72.6,2.32143,28,7.08704,-74.674708208174
-72.5,1.14286,28,5.31744,-74.585371791457
-72.4,1.32,25,4.98932,-74.496013869415
-72.3,0.791667,24,3.8105,-74.406634324542
-72.2,-0.259259,27,3.19366,-74.317233039429
-72.1,-0.25,24,3.03959,-74.227809896772
-72,-0.62963,27,3.34144,-74.138364779368
-71.9,-0.391304,23,3.62741,-74.048897570115
-71.8,-0.521739,23,3.36924,-73.959408152017
-71.7,-0.5,26,3.38526,-73.869896408182
-71.6,-0.892857,28,3.90953,-73.780362221825
-71.5,-1.03704,27,3.40228,-73.690805476264
-71.4,-1.6,25,3.02765,-73.601226054927
-71.3,-1.33333,27,3.45298,-73.51162384135
-71.2,-1.79167,24,3.43864,-73.421998719175
-71.1,-2,24,3.61158,-73.332350572157
-71,-1.96154,26,3.1557,-73.24267928416
-70.9,-2.37037,27,3.17621,-73.152984739161
-70.8,-1.88,25,3.05941,-73.063266821246
-70.7,-1.81481,27,2.48127,-72.973525414617
-70.6,-2.03704,27,2.5941,-72.883760403591
-70.5,-1.84615,26,2.80987,-72.793971672596
-70.4,-1.90909,22,3.26466,-72.704159106179
-70.3,-1.55556,27,3.51188,-72.614322589004
-70.2,-1.84615,26,2.60296,-72.524462005849
-70.1,-2.125,24,2.78681,-72.434577241616
-70,-3,23,4.31699,-72.344668181321
-69.9,-2.20833,24,4.43287,-72.254734710104
-69.8,-2.69565,23,4.71395,-72.164776713225
-69.7,-3.23077,26,4.58962,-72.074794076066
-69.6,-3.11111,27,4.56014,-71.984786684132
-69.5,-3.52,25,4.73568,-71.894754423052
-69.4,-3.88,25,4.63069,-71.804697178581
-69.3,-3.11538,26,4.64178,-71.714614836599
-69.2,-3.30769,26,4.07695,-71.624507283112
-69.1,-3.76923,26,4.90965,-71.534374404255
-69,-3.65385,26,4.07865,-71.444216086292
-68.9,-4.74074,27,3.66472,-71.354032215616
-68.8,-4.74074,27,3.51472,-71.263822678749
-68.7,-4.82143,28,3.51772,-71.173587362348
-68.6,-4.92593,27,3.03728,-71.083326153199
-68.5,-4.96429,28,3.41546,-70.993038938224
-68.4,-5.2963,27,2.99762,-70.90272560448
-68.3,-5.10714,28,3.4463,-70.812386039156
-68.2,-5.28571,28,3.99868,-70.72202012958
-68.1,-5.55556,27,3.64094,-70.631627763219
-68,-5.25,28,3.38433,-70.541208827674
-67.9,-5.77778,27,3.30888,-70.450763210689
-67.8,-5.41379,29,4.18771,-70.360290800147
-67.7,-5.07407,27,5.0606,-70.269791484073
-67.6,-4.88889,27,6.369,-70.179265150635
-67.5,-5.38462,26,7.84386,-70.088711688142
-67.4,-5.58333,24,8.39729,-69.998130985051
-67.3,-3.47826,23,12.8695,-69.907522929962
-67.2,-2.65385,26,11.8522,-69.816887411622
-67.1,-3.11538,26,6.42076,-69.726224318927
-67,-3.31818,22,6.0897,-69.635533540919
-66.9,-2.34615,26,5.72673,-69.544814966793
-66.8,-1.45833,24,5.25009,-69.454068485891
-66.7,-0.695652,23,4.86579,-69.363293987711
-66.6,-0.333333,27,4.01918,-69.272491361901
-66.5,0.692308,26,4.03752,-69.181660498263
-66.4,1.55556,27,3.81629,-69.090801286754
-66.3,1.92593,27,3.49644,-68.99991361749
-66.2,3.21429,28,3.79431,-68.90899738074
-66.1,5.69231,26,6.51011,-68.818052466935
-66,8.56,25,8.34206,-68.727078766661
-65.9,7.74074,27,7.16075,-68.636076170669
-65.8,9.37931,29,8.24367,-68.545044569868
-65.7,11.7778,27,8.91556,-68.453983855332
-65.6,12.0345,29,9.45094,-68.362893918299
-65.5,13.8929,28,9.024,-68.271774650168
-65.4,14.6897,29,8.43929,-68.18062594251
-65.3,16,28,7.80788,-68.089447687058
-65.2,17.3214,28,8.40218,-67.998239775715
-65.1,17.8148,27,10.3554,-67.907002100555
-65,18.3214,28,10.8936,-67.81573455382
-64.9,19.5172,29,11.5716,-67.724437027926
-64.8,21.2414,29,11.6517,-67.63310941546
-64.7,23,28,12.5226,-67.541751609184
-64.6,23.7586,29,13.3675,-67.450363502035
-64.5,26.1379,29,12.8722,-67.358944987127
-64.4,31.1429,28,7.76848,-67.267495957749
-64.3,32.8214,28,7.30324,-67.176016307372
-64.2,33.2857,28,6.41097,-67.084505929644
-64.1,32.069,29,9.03932,-66.992964718398
-64,33.8966,29,7.17309,-66.901392567645
-63.9,33.8966,29,7.40822,-66.809789371581
-63.8,31.8276,29,10.4883,-66.718155024588
-63.7,31.931,29,10.278,-66.626489421232
-63.6,32.069,29,10.2537,-66.534792456267
-63.5,33.1034,29,9.5257,-66.443064024636
-63.4,32.6207,29,9.67107,-66.35130402147
-63.3,32.2069,29,7.85757,-66.259512342091
-63.2,31.2069,29,7.27216,-66.167688882016
-63.1,30.3103,29,7.02599,-66.075833536951
-63,29.2414,29,8.12692,-65.983946202799
-62.9,29.1724,29,7.72782,-65.892026775657
-62.8,28.4828,29,7.7026,-65.800075151822
-62.7,24.2759,29,8.58527,-65.708091227787
-62.6,16.25,28,23.1191,-65.616074900245
-62.5,18.6071,28,6.82772,-65.524026066089
-62.4,17.0345,29,6.81114,-65.431944622417
-62.3,17.0345,29,5.96707,-65.339830466526
-62.2,15.3448,29,4.93729,-65.247683495922
-62.1,14.4828,29,4.57962,-65.155503608315
-62,13.8276,29,4.24322,-65.063290701621
-61.9,13.1034,29,3.86694,-64.971044673968
-61.8,12.069,29,4.0083,-64.878765423691
-61.7,10.7241,29,3.98118,-64.786452849336
-61.6,9.34483,29,3.56847,-64.694106849665
-61.5,8.34483,29,3.14275,-64.60172732365
-61.4,7.06897,29,2.2824,-64.50931417048
-61.3,6.37931,29,2.44093,-64.416867289562
-61.2,5.82143,28,2.46537,-64.324386580517
-61.1,4.71429,28,2.20869,-64.231871943188
-61,3.76923,26,2.06509,-64.13932327764
-60.9,3.86364,22,1.90976,-64.046740484156
-60.8,3.29167,24,2.21613,-63.954123463245
-60.7,3.20833,24,2.39527,-63.861472115641
-60.6,3.32,25,2.51197,-63.768786342303
-60.5,3.15385,26,2.37811,-63.676066044417
-60.4,3.15385,26,2.42804,-63.583311123398
-60.3,2.96154,26,2.27122,-63.490521480894
-60.2,3,27,2.32048,-63.397697018781
-60.1,2.85185,27,2.17863,-63.304837639169
-60,2.48148,27,1.90889,-63.211943244404
-59.9,2.83333,24,1.73623,-63.119013737067
-59.8,2.53846,26,1.81617,-63.026049019975
-59.7,2.92308,26,1.91673,-62.933048996185
-59.6,2.96552,29,2.04385,-62.840013568995
-59.5,3.58621,29,1.68008,-62.746942641943
-59.4,4.2069,29,1.7192,-62.653836118811
-59.3,5,29,1.75255,-62.560693903625
-59.2,5.68966,29,1.58347,-62.467515900656
-59.1,6.24138,29,1.68301,-62.374302014425
-59,7,29,1.98206,-62.281052149699
-58.9,7.65517,29,2.05767,-62.187766211497
-58.8,8.68966,29,2.13982,-62.09444410509
-58.7,9.48276,29,2.50172,-62.001085736
-58.6,10.2759,29,2.28186,-61.907691010007
-58.5,11.3448,29,2.70285,-61.814259833146
-58.4,12.3793,29,2.73096,-61.720792111708
-58.3,13.2069,29,2.90786,-61.627287752245
-58.2,14.3448,29,3.05048,-61.53374666157
-58.1,15.6897,29,2.80438,-61.440168746757
-58,16.8966,29,2.84536,-61.346553915144
-57.9,18.1724,29,3.2079,-61.252902074337
-57.8,19,29,3.29502,-61.159213132204
-57.7,19.931,29,3.35869,-61.065486996885
-57.6,21.1724,29,3.4024,-60.971723576789
-57.5,22,29,3.0706,-60.877922780596
-57.4,21.931,29,3.22857,-60.78408451726
-57.3,20.931,29,3.91819,-60.690208696008
-57.2,18.4483,29,6.12131,-60.596295226343
-57.1,16.2069,29,6.59209,-60.502344018048
-57,15.5,28,5.19615,-60.408354981184
-56.9,12.3448,29,5.4725,-60.314328026092
-56.8,11,28,4.89898,-60.220263063396
-56.7,8.86207,29,4.71869,-60.126160004004
-56.6,7.13793,29,3.62259,-60.032018759109
-56.5,5.13793,29,2.26344,-59.937839240193
-56.4,3.89655,29,2.11026,-59.843621359025
-56.3,3.85714,28,1.9947,-59.749365027665
-56.2,3.59259,27,1.7378,-59.655070158464
-56.1,3,27,1.6641,-59.560736664068
-56,2.92,25,1.57903,-59.466364457417
-55.9,2.04,25,1.54056,-59.37195345175
-55.8,1.6087,23,1.4058,-59.277503560602
-55.7,1.34783,23,1.5553,-59.183014697809
-55.6,0.9,20,1.37267,-59.088486777509
-55.5,0.375,16,1.5864,-58.993919714143
-55.4,-0.4,20,1.72901,-58.899313422457
-55.3,-0.76,25,1.45144,-58.804667817505
-55.2,-0.923077,26,1.32433,-58.709982814647
-55.1,-1.75,24,1.67462,-58.615258329555
-55,-1.83333,24,1.73623,-58.520494278213
-54.9,-2.86957,23,1.17954,-58.425690576915
-54.8,-3,24,1.17954,-58.330847142275
-54.7,-3.23077,26,1.39449,-58.23596389122
-54.6,-3.46154,26,1.74885,-58.141040740996
-54.5,-3.92,25,1.77764,-58.046077609171
-54.4,-4.08,25,1.57903,-57.951074413634
-54.3,-4.51852,27,1.71801,-57.856031072595
-54.2,-4.5,28,1.68874,-57.760947504594
-54.1,-4.42857,28,1.83442,-57.665823628493
-54,-4.68966,29,1.8728,-57.570659363486
-53.9,-4.96552,29,1.89892,-57.475454629096
-53.8,-4.89655,29,2.11026,-57.380209345179
-53.7,-5.28571,28,2.12319,-57.284923431925
-53.6,-5.24138,29,2.23055,-57.189596809857
-53.5,-5.51724,29,2.4293,-57.09422939984
-53.4,-5.7931,29,2.16101,-56.998821123073
-53.3,-5.65517,29,2.56732,-56.903371901099
-53.2,-5.85714,28,2.82468,-56.807881655803
-53.1,-5.77778,27,2.56205,-56.712350309414
-53,-5.7037,27,2.64306,-56.616777784507
-52.9,-5.71429,28,2.53651,-56.521164004006
-52.8,-5.92857,28,2.27594,-56.425508891183
-52.7,-5.78571,28,2.20029,-56.329812369662
-52.6,-5.85714,28,2.23961,-56.234074363421
-52.5,-5.64286,28,2.31283,-56.138294796793
-52.4,-5.86207,29,2.19942,-56.042473594466
-52.3,-5.65517,29,2.33415,-55.946610681488
-52.2,-5.44828,29,1.9926,-55.850705983268
-52.1,-5.37931,29,2.14499,-55.754759425576
-52,-5.7037,27,2.58419,-55.658770934546
-51.9,-5.71429,28,3.29823,-55.562740436678
-51.8,-6.21429,28,6.74596,-55.466667858841
-51.7,-7.32143,28,8.45491,-55.370553128271
-51.6,-8.30769,26,8.58729,-55.274396172578
-51.5,-8.95833,24,9.16268,-55.178196919741
-51.4,-6.23077,26,7.52227,-55.081955298119
-51.3,-4.96,25,7.3228,-54.985671236444
-51.2,-4.22727,22,7.06387,-54.889344663828
-51.1,-2.28571,21,5.95099,-54.792975509763
-51,-1,19,4.28174,-54.696563704125
-50.9,1.05263,19,3.73383,-54.600109177171
-50.8,1.36,25,3.40196,-54.503611859546
-50.7,3.21739,23,2.99934,-54.407071682282
-50.6,6.16,25,6.78651,-54.310488576803
-50.5,7.21429,28,6.8926,-54.213862474922
-50.4,7.72414,29,5.63723,-54.117193308845
-50.3,8.62069,29,5.54471,-54.020481011176
-50.2,11,29,4.34248,-53.923725514914
-50.1,13.1379,29,6.73331,-53.826926753458
-50,16.2414,29,9.08946,-53.730084660607
-49.9,19.3448,29,9.78802,-53.633199170564
-49.8,19.3929,28,8.49549,-53.536270217937
-49.7,19.8571,28,7.26082,-53.439297737739
-49.6,20.8966,29,8.00154,-53.342281665392
-49.5,20.5862,29,11.8065,-53.24522193673
-49.4,23.6897,29,11.3613,-53.148118487996
-49.3,31.0357,28,15.5623,-53.050971255852
-49.2,31.7241,29,13.2123,-52.95378017737
-49.1,34.2069,29,8.69474,-52.856545190047
-49,36.7586,29,10.9141,-52.759266231793
-48.9,35.5172,29,9.14026,-52.661943240945
-48.8,35.7241,29,11.9699,-52.564576156262
-48.7,37.931,29,8.81529,-52.467164916927
-48.6,35.3103,29,15.6139,-52.369709462554
-48.5,36.069,29,10.6064,-52.272209733184
-48.4,37.2759,29,8.11919,-52.17466566929
-48.3,36.6552,29,7.65915,-52.077077211779
-48.2,32.6552,29,10.7247,-51.979444301993
-48.1,31.1034,29,10.1817,-51.88176688171
-48,28.7586,29,9.57174,-51.78404489315
-47.9,26.5862,29,10.2138,-51.686278278971
-47.8,24.7241,29,9.00356,-51.588466982277
-47.7,22.4483,29,8.86239,-51.490610946615
-47.6,19.8276,29,8.39247,-51.39271011598
-47.5,17.5172,29,7.00826,-51.294764434815
-47.4,15.4643,28,5.43979,-51.196773848014
-47.3,13.2414,29,5.18001,-51.098738300926
-47.2,11.5517,29,4.44479,-51.000657739352
-47.1,10.3793,29,3.57984,-50.902532109551
-47,9.06897,29,3.0698,-50.80436135824
-46.9,8.06897,29,2.69829,-50.706145432598
-46.8,6.72414,29,2.08561,-50.607884280266
-46.7,5.51724,29,1.84431,-50.509577849348
-46.6,4.37931,29,2.38168,-50.411226088417
-46.5,3.65517,29,2.12596,-50.312828946514
-46.4,3.13636,22,2.07698,-50.214386373149
-46.3,2.41176,17,2.15229,-50.115898318306
-46.2,0.631579,19,2.11373,-50.017364732444
-46.1,-0.777778,18,2.0738,-49.918785566495
-46,-2.11111,18,1.74521,-49.820160771873
-45.9,-2.66667,21,0.966092,-49.721490300471
-45.8,-2.88462,26,1.27521,-49.622774104664
-45.7,-3.03704,27,1.01835,-49.524012137312
-45.6,-3.71429,28,1.65232,-49.425204351761
-45.5,-3.93103,29,1.83091,-49.326350701845
-45.4,-4.58621,29,2.16329,-49.22745114189
-45.3,-5.82759,29,2.17237,-49.12850562671
-45.2,-6.65517,29,2.36456,-49.029514111618
-45.1,-7.51724,29,2.13174,-48.930476552419
-45,-8.27586,29,2.01595,-48.831392905421
-44.9,-9.37931,29,2.04265,-48.732263127428
-44.8,-9.86207,29,2.06543,-48.633087175746
-44.7,-11.0345,29,1.78251,-48.533865008189
-44.6,-11.7241,29,1.92533,-48.434596583074
-44.5,-12.069,29,2.03419,-48.335281859226
-44.4,-12.6897,29,2.2851,-48.235920795982
-44.3,-12.6207,29,2.82102,-48.136513353188
-44.2,-13.1034,29,3.05129,-48.037059491208
-44.1,-13.0345,29,3.72715,-47.937559170918
-44,-12.8276,29,3.74232,-47.838012353715
-43.9,-12.5517,29,4.00523,-47.738419001515
-43.8,-13.2069,29,6.06147,-47.638779076754
-43.7,-13.7931,29,6.61912,-47.539092542395
-43.6,-12.5517,29,5.98562,-47.439359361926
-43.5,-12.4828,29,5.73598,-47.339579499361
-43.4,-12.5862,29,5.96728,-47.239752919245
-43.3,-11.8621,29,5.71792,-47.139879586657
-43.2,-10.9655,29,5.96108,-47.039959467206
-43.1,-9,29,5.33185,-46.939992527039
-43,-8.17857,28,5.36141,-46.839978732841
-42.9,-7.27586,29,4.84692,-46.739918051836
-42.8,-5.21429,28,3.80406,-46.639810451789
-42.7,-4.53846,26,3.77604,-46.53965590101
-42.6,-3.86364,22,4.15527,-46.439454368354
-42.5,-0.0416667,24,5.40112,-46.339205823223
-42.4,1.88,25,5.95343,-46.23891023557
-42.3,3.79167,24,6.67233,-46.138567575898
-42.2,4.70833,24,6.70807,-46.038177815264
-42.1,9.16,25,9.76251,-45.937740925282
-42,10.3846,26,9.73274,-45.83725687812
-41.9,10.6071,28,9.65838,-45.736725646509
-41.8,13.2963,27,9.54671,-45.636147203739
-41.7,16.6207,29,11.6079,-45.535521523663
-41.6,18.3103,29,11.2824,-45.434848580702
-41.5,18.069,29,10.7601,-45.33412834984
-41.4,17.4483,29,9.08526,-45.233360806633
-41.3,17.1724,29,6.41465,-45.132545927208
-41.2,18.1034,29,5.16406,-45.031683688263
-41.1,19.1724,29,4.55968,-44.930774067073
-41,20,29,4.65986,-44.829817041488
-40.9,20.6552,29,3.60828,-44.728812589939
-40.8,21.931,29,2.59024,-44.627760691436
-40.7,23.2759,29,2.35882,-44.526661325571
-40.6,24.0345,29,1.65794,-44.425514472521
-40.5,25.0345,29,2.0086,-44.324320113051
-40.4,26,29,2.01778,-44.223078228514
-40.3,27.6552,29,1.95075,-44.12178880085
-40.2,28.8966,29,1.98827,-44.020451812595
-40.1,31.2414,29,2.24651,-43.919067246877
-40,32.8276,29,2.52231,-43.817635087421
-39.9,35.1034,29,2.04144,-43.716155318549
-39.8,36.931,29,1.94442,-43.614627925183
-39.7,39.3103,29,1.69249,-43.513052892847
-39.6,40.6897,29,2.07198,-43.411430207667
-39.5,41.6552,29,1.2894,-43.309759856377
-39.4,42.5172,29,1.82484,-43.208041826315
-39.3,42.6207,29,1.9895,-43.10627610543
-39.2,42.5172,29,1.99322,-43.004462682282
-39.1,41.4828,29,2.47301,-42.902601546044
-39,39.4828,29,3.08939,-42.800692686502
-38.9,37.6897,29,3.00123,-42.69873609406
-38.8,35.7241,29,2.88959,-42.59673175974
-38.7,33.8276,29,2.72644,-42.494679675183
-38.6,31.8276,29,2.9649,-42.392579832654
-38.5,29.8276,29,2.57833,-42.290432225039
-38.4,27.7241,29,1.84964,-42.188236845854
-38.3,25.8276,29,1.7742,-42.085993689238
-38.2,23.7586,29,2.94782,-41.983702749961
-38.1,20.931,29,4.09644,-41.881364023424
-38,19.0345,29,4.41978,-41.778977505662
-37.9,18.0345,29,4.26349,-41.676543193342
-37.8,16.5517,29,3.90591,-41.574061083769
-37.7,15.2759,29,3.58466,-41.471531174887
-37.6,14.069,29,3.39044,-41.368953465278
-37.5,13.1379,29,3.05572,-41.266327954166
-37.4,12.5172,29,2.79822,-41.16365464142
-37.3,10.5862,29,2.50025,-41.060933527552
-37.2,9.96552,29,2.16272,-40.958164613723
-37.1,8.62069,29,2.45552,-40.855347901742
-37,7.27586,29,2.6172,-40.752483394067
-36.9,5.2069,29,2.25799,-40.649571093809
-36.8,4.35714,28,2.36039,-40.546611004734
-36.7,3.875,24,2.13282,-40.443603131262
-36.6,3.125,24,1.9407,-40.34054747847
-36.5,2.63636,22,1.70561,-40.237444052095
-36.4,2,17,2.80624,-40.134292858533
-36.3,-0.7,20,4.79144,-40.031093904845
-36.2,-2.71429,21,5.30229,-39.927847198752
-36.1,-5.33333,21,7.57848,-39.824552748644
-36,-6.54545,22,9.17412,-39.721210563577
-35.9,-7.43478,23,9.04447,-39.617820653274
-35.8,-7.95652,23,9.61759,-39.514383028131
-35.7,-7.95833,24,9.90599,-39.410897699214
-35.6,-8.31818,22,9.35738,-39.307364678265
-35.5,-8.36364,22,8.4377,-39.203783977699
-35.4,-7.90476,21,6.93473,-39.100155610609
-35.3,-6.17391,23,6.11743,-38.996479590766
-35.2,-6.05,20,5.86223,-38.892755932622
-35.1,-5.15789,19,5.24153,-38.788984651308
-35,-3.85714,21,5.12138,-38.685165762641
-34.9,-2.59091,22,4.48977,-38.581299283121
-34.8,-1.42857,21,4.16619,-38.477385229934
-34.7,0.222222,18,4.19461,-38.373423620955
-34.6,2.47368,19,3.04354,-38.269414474747
-34.5,3.34783,23,2.55145,-38.165357810565
-34.4,4.73077,26,2.76489,-38.061253648354
-34.3,6.39286,28,3.31483,-37.957102008754
-34.2,8.72414,29,4.36624,-37.852902913102
-34.1,10.7931,29,6.30974,-37.748656383428
-34,14.4138,29,7.96652,-37.644362442461
-33.9,16.7931,29,10.0441,-37.540021113632
-33.8,20.9643,28,10.772,-37.43563242107
-33.7,23.4286,28,12.0475,-37.331196389608
-33.6,25.8966,29,13.2836,-37.226713044782
-33.5,28.8966,29,13.9677,-37.122182412832
-33.4,29.931,29,13.3949,-37.017604520707
-33.3,31.069,29,12.1624,-36.912979396061
-33.2,32.5862,29,11.3594,-36.80830706726
-33.1,33.3103,29,10.1528,-36.703587563378
-33,33.7241,29,9.56518,-36.598820914203
-32.9,33.6207,29,7.92561,-36.494007150235
-32.8,33.8966,29,7.01705,-36.389146302688
-32.7,33.931,29,6.05882,-36.284238403492
-32.6,34.0345,29,5.21319,-36.179283485295
-32.5,34.1379,29,4.42173,-36.074281581463
-32.4,34.0345,29,4.10994,-35.96923272608
-32.3,34.2414,29,3.71921,-35.864136953953
-32.2,33.8276,29,3.09457,-35.75899430061
-32.1,33.8276,29,3.29577,-35.653804802302
-32,32.7931,29,3.7548,-35.548568496004
-31.9,31.6552,29,3.9756,-35.443285419418
-31.8,30.3103,29,4.76673,-35.337955610971
-31.7,29.4828,29,4.94701,-35.23257910982
-31.6,28.0345,29,5.79706,-35.127155955849
-31.5,26.7931,29,5.66556,-35.021686189673
-31.4,25.0345,29,5.79706,-34.916169852639
-31.3,23.1724,29,4.93579,-34.810606986825
-31.2,21.5172,29,4.6799,-34.704997635045
-31.1,19.1379,29,5.22169,-34.599341840844
-31,17.6786,28,4.92201,-34.493639648504
-30.9,15.3214,28,6.07395,-34.387891103046
-30.8,12.6429,28,6.07493,-34.282096250225
-30.7,11.0357,28,5.54097,-34.176255136536
-30.6,9.10714,28,4.79459,-34.070367809216
-30.5,8.25,24,3.98093,-33.964434316238
-30.4,6,23,4.1451,-33.858454706321
-30.3,3.84,25,4.10974,-33.752429028924
-30.2,1.90909,22,4.77004,-33.646357334251
-30.1,0,17,5.3033,-33.540239673247
-30,-2.25,20,3.87808,-33.434076097607
-29.9,-2.72727,22,4.02589,-33.32786665977
-29.8,-4.09091,22,3.27921,-33.22161141292
-29.7,-5.55,20,3.54631,-33.115310410992
-29.6,-7.5,20,4.07173,-33.008963708669
-29.5,-8.33333,27,4.87537,-32.902571361381
-29.4,-9.31034,29,5.68898,-32.796133425311
-29.3,-11.1379,29,6.728,-32.689649957393
-29.2,-13.25,28,6.70889,-32.583121015312
-29.1,-13,29,6.77179,-32.476546657504
-29,-14.1724,29,7.00035,-32.369926943161
-28.9,-14.4483,29,6.64178,-32.263261932228
-28.8,-14.8966,29,6.28686,-32.156551685405
-28.7,-16.069,29,5.60568,-32.049796264145
-28.6,-15.9655,29,5.65359,-31.942995730661
-28.5,-15.7586,29,5.66729,-31.83615014792
-28.4,-14.3448,29,4.62351,-31.729259579646
-28.3,-13.2759,29,3.99014,-31.622324090322
-28.2,-12.1034,29,3.6287,-31.51534374519
-28.1,-11.3103,29,4.124,-31.408318610249
-28,-9.62069,29,3.52961,-31.301248752259
-27.9,-8.55556,27,3.78594,-31.19413423874
-27.8,-6.64286,28,4.64451,-31.086975137972
-27.7,-6,27,4.0762,-30.979771518997
-27.6,-5.71429,21,3.90055,-30.872523451617
-27.5,-4.71429,21,3.49489,-30.765231006398
-27.4,-2.6087,23,4.17502,-30.657894254666
-27.3,-0.954545,22,3.86039,-30.550513268512
-27.2,1.35,20,4.81527,-30.443088120789
-27.1,3.125,24,4.88398,-30.335618885113
-27,5.11538,26,4.64178,-30.228105635866
-26.9,8.86957,23,3.85303,-30.120548448192
-26.8,10.125,24,4.72102,-30.012947398002
-26.7,12.9615,26,6.95402,-29.905302561968
-26.6,15.6071,28,9.51544,-29.797614017532
-26.5,18.7586,29,11.0378,-29.689881842896
-26.4,22.1379,29,12.5491,-29.582106117033
-26.3,24.1379,29,12.3599,-29.474286919678
-26.2,24.3448,29,11.7846,-29.366424331332
-26.1,24.4828,29,11.0958,-29.258518433265
-26,24.3214,28,10.7084,-29.150569307511
-25.9,23.3448,29,8.48223,-29.04257703687
-25.8,22.931,29,6.34108,-28.934541704909
-25.7,23.6897,29,5.4452,-28.826463395964
-25.6,23.6897,29,4.81889,-28.718342195134
-25.5,24,29,4.97853,-28.610178188286
-25.4,25.2414,29,4.68016,-28.501971462054
-25.3,26.2414,29,4.94003,-28.393722103839
-25.2,27.1379,29,4.96217,-28.285430201807
-25.1,27.3793,29,4.09192,-28.177095844892
-25,28.6207,29,3.82112,-28.068719122795
-24.9,29.3103,29,3.43411,-27.960300125981
-24.8,29.4828,29,2.78543,-27.851838945683
-24.7,30.7241,29,2.49136,-27.743335673901
-24.6,31.7931,29,2.56876,-27.634790403399
-24.5,33.4828,29,2.75967,-27.526203227707
-24.4,35.069,29,2.2824,-27.417574241122
-24.3,36.6897,29,2.50861,-27.308903538705
-24.2,37.4483,29,9.23343,-27.200191216283
-24.1,40.5517,29,8.7079,-27.091437370447
-24,44.931,29,2.34416,-26.982642098552
-23.9,45.2414,29,10.0877,-26.873805498719
-23.8,48.069,29,2.2824,-26.764927669831
-23.7,47.8276,29,3.73276,-26.656008711535
-23.6,46.3448,29,5.39362,-26.547048724242
-23.5,43.069,29,9.10232,-26.438047809124
-23.4,40.3793,29,9.194,-26.329006068115
-23.3,35.6552,29,12.616,-26.219923603914
-23.2,32.6207,29,14.085,-26.110800519976
-23.1,30.6552,29,12.5393,-26.001636920521
-23,27.7586,29,12.9826,-25.892432910528
-22.9,27.5357,28,10.3512,-25.783188595733
-22.8,25.4138,29,10.534,-25.673904082635
-22.7,24.6296,27,8.17665,-25.56457947849
-22.6,22.7143,28,10.6488,-25.455214891309
-22.5,20.0357,28,12.3273,-25.345810429863
-22.4,19.2143,28,10.3257,-25.236366203679
-22.3,17.2069,29,9.04899,-25.12688232304
-22.2,17.8214,28,2.82913,-25.017358898981
-22.1,16,28,2.62467,-24.907796043296
-22,14.8214,28,2.58276,-24.798193868528
-21.9,12.8276,29,4.01843,-24.688552487974
-21.8,10.3103,29,5.75142,-24.578872015684
-21.7,9.82759,29,5.33231,-24.469152566458
-21.6,9.10714,28,4.20176,-24.359394255844
-21.5,6.86207,29,5.47543,-24.249597200143
-21.4,5.92857,28,4.65816,-24.139761516402
-21.3,4.84,25,4.2,-24.029887322413
-21.2,3.21739,23,3.605,-23.919974736718
-21.1,2.10526,19,4.34479,-23.810023878603
-21,0.666667,18,3.92578,-23.700034868096
-20.9,-1.78571,14,4.17278,-23.59000782597
-20.8,-3.05,20,3.18673,-23.479942873741
-20.7,-3.76,25,2.27816,-23.369840133663
-20.6,-5.11111,27,2.27585,-23.259699728731
-20.5,-6.31034,29,2.53692,-23.14952178268
-20.4,-9.51724,29,9.54546,-23.03930641998
-20.3,-10.7241,29,8.8111,-22.929053765839
-20.2,-12.2414,29,7.994,-22.818763946198
-20.1,-15,28,8.00925,-22.708437087733
-20,-17.5517,29,8.65029,-22.598073317852
-19.9,-19.5172,29,9.42876,-22.487672764694
-19.8,-22.069,29,9.40718,-22.377235557128
-19.7,-23.5172,29,10.4868,-22.266761824749
-19.6,-24.1724,29,9.60308,-22.156251697883
-19.5,-24.5172,29,7.77184,-22.045705307577
-19.4,-25.4483,29,7.69316,-21.935122785605
-19.3,-27.5862,29,8.61692,-21.824504264462
-19.2,-28.1724,29,8.35835,-21.713849877365
-19.1,-28.069,29,8.22857,-21.603159758249
-19,-29.4828,29,8.31359,-21.492434041769
-18.9,-31.3103,29,8.89263,-21.381672863294
-18.8,-34.6207,29,9.04518,-21.27087635891
-18.7,-37.3103,29,7.75105,-21.160044665413
-18.6,-39.6897,29,7.26589,-21.049177920314
-18.5,-42.6552,29,5.85708,-20.938276261831
-18.4,-44.7586,29,5.71749,-20.82733982889
-18.3,-47.6207,29,6.66769,-20.716368761125
-18.2,-49.4138,29,7.1839,-20.605363198873
-18.1,-54.3103,29,13.6017,-20.494323283175
-18,-56.8621,29,14.4734,-20.383249155771
-17.9,-58.2759,29,17.7762,-20.272140959101
-17.8,-59.8276,29,17.1986,-20.160998836302
-17.7,-60.931,29,18.9848,-20.049822931206
-17.6,-61.8621,29,18.2046,-19.938613388338
-17.5,-59.5862,29,10.6252,-19.827370352916
-17.4,-62,29,18.3712,-19.716093970845
-17.3,-60.2414,29,19.9922,-19.604784388719
-17.2,-59.3793,29,20.2915,-19.493441753816
-17.1,-59.1724,29,21.5308,-19.382066214097
-17,-59.6897,29,18.5859,-19.270657918205
-16.9,-55.0345,29,12.0074,-19.159217015463
-16.8,-50.7586,29,23.0088,-19.047743655869
-16.7,-48.6207,29,23.5954,-18.936237990095
-16.6,-50.931,29,12.7865,-18.824700169488
-16.5,-50.1724,29,11.1293,-18.713130346064
-16.4,-48.4828,29,9.60513,-18.601528672507
-16.3,-46.0345,29,9.22529,-18.489895302166
-16.2,-43.4483,29,8.87044,-18.378230389054
-16.1,-40.7586,29,8.37793,-18.266534087845
-16,-39.8621,29,7.96297,-18.154806553872
-15.9,-38.1379,29,7.3374,-18.043047943125
-15.8,-35.8966,29,7.65014,-17.931258412246
-15.7,-34,29,7.37757,-17.81943811853
-15.6,-32.4828,29,7.69796,-17.70758721992
-15.5,-30.7931,29,6.91984,-17.595705875006
-15.4,-29.4138,29,5.60304,-17.483794243023
-15.3,-28.6552,29,5.71512,-17.371852483846
-15.2,-26.1724,29,7.8334,-17.259880757989
-15.1,-29.7931,29,30.6307,-17.147879226604
-15,-28.8276,29,35.9693,-17.035848051474
-14.9,-24.7241,29,36.0366,-16.923787395015
-14.8,-16.5517,29,3.63108,-16.811697420271
-14.7,-14.3793,29,3.81177,-16.699578290911
-14.6,-5.89286,28,37.7196,-16.587430171228
-14.5,-5,28,39.119,-16.475253226135
-14.4,-13.2963,27,43.2273,-16.363047621161
-14.3,0,27,24.1215,-16.250813522451
-14.2,1,23,23.8347,-16.138551096762
-14.1,-1.58333,24,16.0703,-16.026260511458
-14,-0.913043,23,15.6986,-15.913941934512
-13.9,4.75,20,51.3337,-15.801595534498
-13.8,1.92593,27,30.9005,-15.689221480591
-13.7,-9.33333,18,29.2977,-15.576819942562
-13.6,-7.72222,18,30.7739,-15.464391090778
-13.5,-4,20,27.108,-15.351935096197
-13.4,-1.8,20,27.4468,-15.239452130365
-13.3,5.45455,22,4.58494,-15.126942365412
-13.2,7,22,5.24631,-15.014405974052
-13.1,7.11538,26,5.28641,-14.901843129577
-13,9.56,25,4.25323,-14.789254005855
-12.9,10.1538,26,4.61902,-14.676638777327
-12.8,11.1923,26,4.59582,-14.563997619002
-12.7,11.8148,27,5.98098,-14.451330706458
-12.6,12.4444,27,6.33873,-14.338638215835
-12.5,13.1111,27,7.53113,-14.225920323831
-12.4,14.037,27,7.53699,-14.113177207703
-12.3,14.8519,27,7.99857,-14.000409045261
-12.2,15.2593,27,8.39227,-13.887616014863
-12.1,15.5,28,7.91389,-13.774798295416
-12,15.4828,29,8.30499,-13.661956066369
-11.9,14.3571,28,10.4109,-13.54908950771
-11.8,16.8214,28,9.88472,-13.436198799965
-11.7,17.7857,28,10.0935,-13.323284124193
-11.6,18.5926,27,10.7498,-13.21034566198
-11.5,17.1379,29,11.5996,-13.097383595441
-11.4,17.3103,29,11.5391,-12.984398107213
-11.3,18.8276,29,10.5697,-12.871389380449
-11.2,21,28,8.40635,-12.758357598821
-11.1,21.069,29,7.3627,-12.645302946511
-11,21.5862,29,7.34612,-12.53222560821
-10.9,22.6897,29,7.21657,-12.419125769112
-10.8,24.4828,29,6.96738,-12.306003614913
-10.7,26.1379,29,5.88414,-12.192859331806
-10.6,27.1034,29,5.79621,-12.079693106479
-10.5,28.5517,29,5.25484,-11.966505126107
-10.4,30.2069,29,4.80609,-11.853295578353
-10.3,31.6207,29,4.84336,-11.740064651362
-10.2,33.4483,29,4.68726,-11.626812533757
-10.1,35.6552,29,4.46635,-11.513539414635
-10,37.4211,57,5.10234,-11.400245483567
-9.9,40.1053,57,6.62971,-11.286930930587
-9.8,44.0351,57,10.2294,-11.173595946195
-9.7,47.8772,57,11.8775,-11.060240721348
-9.6,50.0175,57,11.8856,-10.946865447461
-9.5,51.7544,57,12.1527,-10.833470316399
-9.4,53.9474,57,10.9388,-10.720055520473
-9.3,57.193,57,11.6641,-10.606621252441
-9.2,59.5439,57,11.0681,-10.493167705496
-9.1,61.6842,57,10.5308,-10.379695073271
-9,63.7719,57,10.2574,-10.266203549826
-8.9,65.8421,57,9.95667,-10.152693329653
-8.8,67.9298,57,9.81773,-10.039164607664
-8.7,70.4211,57,8.83974,-9.9256175791901
-8.6,72.8596,57,8.47778,-9.8120524399797
-8.5,74.9649,57,8.05553,-9.6984693861905
-8.4,77.9825,57,6.49585,-9.5848686143877
-8.3,80.5263,57,6.02407,-9.4712503215386
-8.2,83.3333,57,5.8838,-9.3576147050092
-8.1,86.4211,57,6.16716,-9.2439619625598
-8,89.8947,57,6.23265,-9.1302922923407
-7.9,93.5439,57,6.54127,-9.0166058928876
-7.8,96.8246,57,7.7301,-8.9029029631181
-7.7,100.702,57,8.74227,-8.7891837023268
-7.6,104.175,57,8.60466,-8.6754483101812
-7.5,107.333,57,7.48411,-8.5616969867175
-7.4,110.965,57,7.22586,-8.4479299323359
-7.3,114.404,57,6.94843,-8.3341473477969
-7.2,117.965,57,7.15133,-8.2203494342161
-7.1,121.351,57,6.20625,-8.1065363930605
-7,124.737,57,5.89045,-7.9927084261439
-6.9,128.088,57,6.35914,-7.8788657356222
-6.8,130.053,57,5.85668,-7.7650085239893
-6.7,131.807,57,5.93247,-7.6511369940727
-6.6,132.895,57,5.87575,-7.5372513490285
-6.5,134.579,57,6.25342,-7.4233517923376
-6.4,135.456,57,6.56851,-7.3094385278009
-6.3,136.368,57,7.03976,-7.1955117595346
-6.2,136.86,57,6.51218,-7.0815716919661
-6.1,136.667,57,6.02475,-6.9676185298288
-6,136.211,57,5.76547,-6.8536524781585
-5.9,135.632,57,5.91195,-6.7396737422879
-5.8,135.368,57,5.86646,-6.6256825278425
-5.7,134.982,57,5.5275,-6.511679040736
-5.6,134.579,57,5.19597,-6.3976634871655
-5.5,133.737,57,5.71191,-6.2836360736069
-5.4,132.684,57,5.61935,-6.1695970068104
-5.3,131.421,57,6.41412,-6.0555464937959
-5.2,130.035,57,6.43918,-5.941484741848
-5.1,128.211,57,6.1142,-5.8274119585116
-5,126.228,57,6.36401,-5.7133283515871
-4.9,124,57,7.1239,-5.5992341291258
-4.8,121.526,57,7.52639,-5.4851294994251
-4.7,118.053,57,8.30323,-5.3710146710238
-4.6,115.526,57,8.80362,-5.2568898526972
-4.5,113.298,57,8.57314,-5.1427552534528
-4.4,111.544,57,8.48964,-5.0286110825249
-4.3,109.263,57,9.11342,-4.9144575493704
-4.2,106.333,57,9.83313,-4.8002948636637
-4.1,103.544,57,10.5781,-4.686123235292
-4,101.702,57,10.1752,-4.5719428743503
-3.9,100.561,57,9.60844,-4.4577539911372
-3.8,98.5088,57,9.05366,-4.3435567961492
-3.7,96.6842,57,8.68734,-4.2293515000766
-3.6,96.5965,57,9.97472,-4.1151383137982
-3.5,95.3509,57,8.43355,-4.0009174483766
-3.4,93.5088,57,5.61606,-3.8866891150536
-3.3,91.8596,57,4.84192,-3.7724535252448
-3.2,90.7193,57,4.1307,-3.6582108905351
-3.1,89.4912,57,3.98265,-3.5439614226738
-3,88.2456,57,4.51695,-3.4297053335695
-2.9,86.2807,57,3.87185,-3.3154428352854
-2.8,85.1754,57,4.57526,-3.2011741400342
-2.7,83.2105,57,3.32059,-3.0868994601735
-2.6,82.7719,57,3.45387,-2.9726190082006
-2.5,82.2281,57,3.19049,-2.8583329967474
-2.4,81.1228,57,2.95242,-2.7440416385761
-2.3,80.2807,57,3.00449,-2.6297451465734
-2.2,79.3509,57,2.94286,-2.5154437337465
-2.1,78.4912,57,3.35476,-2.4011376132172
-2,77.6491,57,3.56316,-2.2868269982177
-1.9,76.8246,57,3.08292,-2.1725121020852
-1.8,76.4386,57,3.43832,-2.058193138257
-1.7,75.7368,57,3.31946,-1.9438703202657
-1.6,75.386,57,3.70209,-1.8295438617339
-1.5,74.6667,57,3.93398,-1.7152139763698
-1.4,73.9298,57,3.92273,-1.6008808779612
-1.3,73.7018,57,3.38043,-1.4865447803717
-1.2,73.7193,57,3.22243,-1.3722058975348
-1.1,73.6667,57,3.20899,-1.2578644434492
-1,72.9649,57,3.2894,-1.1435206321741
-0.9,72.4561,57,3.23524,-1.0291746778236
-0.8,72.2456,57,3.4707,-0.91482679456214
-0.7,72.3333,57,3.20899,-0.80047719659934
-0.6,72.4035,57,3.06396,-0.68612609818498
-0.5,72.193,57,2.85631,-0.57177371360397
-0.4,71.9298,57,2.71148,-0.45742025717139
-0.3,71.7719,57,2.85368,-0.34306594322739
-0.2,72.1228,57,2.89748,-0.22871098613226
-0.1,72.1754,57,3.36007,-0.11435560026134
0,72.4737,57,3.6209,0
0.1,72.1404,57,3.69091,0.11435560026134
0.2,72.1053,57,3.65808,0.22871098613226
0.3,72.4035,57,4.10948,0.34306594322739
0.4,72.3509,57,4.92984,0.45742025717139
0.5,72.5789,57,5.01408,0.57177371360397
0.6,72.4211,57,5.0283,0.68612609818498
0.7,72.9825,57,4.83474,0.80047719659934
0.8,73.7193,57,4.18652,0.91482679456214
0.9,74.1404,57,3.92992,1.0291746778236
1,74.5965,57,3.75052,1.1435206321741
1.1,74.7544,57,3.57711,1.2578644434492
1.2,75.2281,57,3.85921,1.3722058975348
1.3,75.5088,57,4.72124,1.4865447803717
1.4,75.4912,57,4.64498,1.6008808779612
1.5,76.1053,57,5.04156,1.7152139763698
1.6,76.5088,57,4.6025,1.8295438617339
1.7,76.807,57,4.69589,1.9438703202657
1.8,76.8596,57,4.4938,2.058193138257
1.9,77,57,4.3136,2.1725121020852
2,77.0351,57,4.39547,2.2868269982177
2.1,77.7719,57,4.1791,2.4011376132172
2.2,78.5965,57,4.19123,2.5154437337465
2.3,79.807,57,4.18517,2.6297451465734
2.4,80.9123,57,3.84188,2.7440416385761
2.5,81.5263,57,4.23887,2.8583329967474
2.6,82.5614,57,4.71327,2.9726190082006
2.7,82.5789,57,5.21313,3.0868994601735
2.8,83.2105,57,5.96938,3.2011741400342
2.9,86.2632,57,10.4052,3.3154428352854
3,85.8947,57,6.34903,3.4297053335695
3.1,86.7895,57,5.87287,3.5439614226738
3.2,87.4561,57,5.01807,3.6582108905351
3.3,87.9825,57,4.76404,3.7724535252448
3.4,88.4737,57,4.72117,3.8866891150536
3.5,88.7544,57,4.99028,4.0009174483766
3.6,89.5088,57,4.87751,4.1151383137982
3.7,90.5439,57,5.26128,4.2293515000766
3.8,90.6842,57,6.01533,4.3435567961492
3.9,91.5439,57,7.01038,4.4577539911372
4,92.6316,57,7.25709,4.5719428743503
4.1,93.5965,57,7.65287,4.686123235292
4.2,95.6491,57,8.29693,4.8002948636637
4.3,96.8596,57,9.38547,4.9144575493704
4.4,97.1404,57,9.2494,5.0286110825249
4.5,97.0175,57,8.86907,5.1427552534528
4.6,98.1404,57,9.11325,5.2568898526972
4.7,99.5789,57,8.69307,5.3710146710238
4.8,100.439,57,9.51318,5.4851294994251
4.9,101.351,57,10.7429,5.5992341291258
5,102.684,57,11.6545,5.7133283515871
5.1,103.807,57,12.9827,5.8274119585116
5.2,104.421,57,14.289,5.941484741848
5.3,106.579,57,15.089,6.0555464937959
5.4,109.123,57,15.2773,6.1695970068104
5.5,110.175,57,15.4482,6.2836360736069
5.6,110.123,57,14.9464,6.3976634871655
5.7,111.105,57,16.8583,6.511679040736
5.8,111.842,57,19.8834,6.6256825278425
5.9,112.912,57,20.4366,6.7396737422879
6,113.895,57,20.5206,6.8536524781585
6.1,111.719,57,19.5556,6.9676185298288
6.2,113.368,57,20.9239,7.0815716919661
6.3,112.105,57,20.9742,7.1955117595346
6.4,111.579,57,20.9412,7.3094385278009
6.5,109.14,57,20.57,7.4233517923376
6.6,103.298,57,15.6912,7.5372513490285
6.7,101.719,57,13.1227,7.6511369940727
6.8,100.737,57,9.89503,7.7650085239893
6.9,99.8421,57,9.65067,7.8788657356222
7,99.3684,57,10.1324,7.9927084261439
7.1,98.8947,57,9.41254,8.1065363930605
7.2,97.9298,57,7.38449,8.2203494342161
7.3,96.9474,57,6.52036,8.3341473477969
7.4,95.8246,57,5.28178,8.4479299323359
7.5,95.3509,57,4.7415,8.5616969867175
7.6,94.9123,57,4.58756,8.6754483101812
7.7,94.614,57,4.40679,8.7891837023268
7.8,94.1053,57,4.62788,8.9029029631181
7.9,92.7719,57,5.18589,9.0166058928876
8,91.8947,57,5.05571,9.1302922923407
8.1,90.5088,57,5.15517,9.2439619625598
8.2,89.3158,57,5.60662,9.3576147050092
8.3,88.1754,57,5.98845,9.4712503215386
8.4,87.5789,57,5.63455,9.5848686143877
8.5,85.7018,57,5.1059,9.6984693861905
8.6,83.2982,57,5.0177,9.8120524399797
8.7,81.1228,57,5.18608,9.9256175791901
8.8,79.3333,57,5.1455,10.039164607664
8.9,77.1754,57,4.86284,10.152693329653
9,75.1579,57,4.43923,10.266203549826
9.1,73.8596,57,4.60372,10.379695073271
9.2,71.9474,57,5.15621,10.493167705496
9.3,68.9649,57,5.02837,10.606621252441
9.4,66.5965,57,5.35143,10.720055520473
9.5,64.2982,57,5.41151,10.833470316399
9.6,62.3684,57,6.00485,10.946865447461
9.7,59.8246,57,6.45347,11.060240721348
9.8,57.7368,57,7.0471,11.173595946195
9.9,55.9123,57,7.82916,11.286930930587
10,54.5088,57,8.51914,11.400245483567
10.1,52.1429,28,9.18418,11.513539414635
10.2,50.9286,28,9.57593,11.626812533757
10.3,49.9286,28,9.56432,11.740064651362
10.4,49.1429,28,8.32539,11.853295578353
10.5,48.6071,28,8.68946,11.966505126107
10.6,47.5357,28,8.43486,12.079693106479
10.7,46.7143,28,7.87334,12.192859331806
10.8,44.7857,28,7.49991,12.306003614913
10.9,43,28,8.2102,12.419125769112
11,41.4286,28,8.02509,12.53222560821
11.1,39.6786,28,7.77962,12.645302946511
11.2,38.0714,28,6.94384,12.758357598821
11.3,36.5357,28,5.48724,12.871389380449
11.4,34.7143,28,5.17012,12.984398107213
11.5,32.8214,28,4.86144,13.097383595441
11.6,30.8929,28,4.25432,13.21034566198
11.7,28.4286,28,3.32698,13.323284124193
11.8,26.1786,28,3.17459,13.436198799965
11.9,23.1429,28,4.15188,13.54908950771
12,21.0714,28,4.1627,13.661956066369
12.1,18.9643,28,4.74913,13.774798295416
12.2,16.6429,28,4.93074,13.887616014863
12.3,14.6786,28,4.94453,14.000409045261
12.4,12.6786,28,4.86144,14.113177207703
12.5,11.3214,28,4.96695,14.225920323831
12.6,10.25,28,4.9037,14.338638215835
12.7,8.62963,27,4.36021,14.451330706458
12.8,7.56,25,3.92726,14.563997619002
12.9,6.26087,23,4.1255,14.676638777327
13,4.18182,22,4.11312,14.789254005855
13.1,3,19,3.65148,14.901843129577
13.2,0.428571,21,3.64104,15.014405974052
13.3,-1.31579,19,4.06957,15.126942365412
13.4,-4.52632,19,3.76192,15.239452130365
13.5,-4.95652,23,3.87859,15.351935096197
13.6,-5.375,24,3.69268,15.464391090778
13.7,-6.56,25,3.76475,15.576819942562
13.8,-7.07407,27,3.98001,15.689221480591
13.9,-8.61539,26,4.17686,15.801595534498
14,-9.85714,28,4.06169,15.913941934512
14.1,-11,28,4.7219,16.026260511458
14.2,-12.0714,28,4.43829,16.138551096762
14.3,-13.8571,28,4.61651,16.250813522451
14.4,-15,28,4.61078,16.363047621161
14.5,-16.5714,28,4.50866,16.475253226135
14.6,-17.1786,28,4.37208,16.587430171228
14.7,-18.25,28,4.46073,16.699578290911
14.8,-19.0714,28,4.43829,16.811697420271
14.9,-19.1786,28,5.11391,16.923787395015
15,-19.6429,28,5.15115,17.035848051474
15.1,-20.0714,28,5.07666,17.147879226604
15.2,-19.6429,28,5.67786,17.259880757989
15.3,-19.25,28,5.77751,17.371852483846
15.4,-18.6786,28,5.49784,17.483794243023
15.5,-18.5714,28,5.02165,17.595705875006
15.6,-18.7857,28,5.33581,17.70758721992
15.7,-18.0357,28,4.81881,17.81943811853
15.8,-17.5714,28,4.803,17.931258412246
15.9,-16.6786,28,5.17153,18.043047943125
16,-15.5357,28,4.81881,18.154806553872
16.1,-13.5357,28,4.67842,18.266534087845
16.2,-12.1786,28,4.69873,18.378230389054
16.3,-10.6786,28,4.38899,18.489895302166
16.4,-9.92857,28,3.01758,18.601528672507
16.5,-8.28571,28,3.51565,18.713130346064
16.6,-6.22222,27,3.25025,18.824700169488
16.7,-5.19231,26,2.28069,18.936237990095
16.8,-4.375,24,3.26793,19.047743655869
16.9,-3,21,2.84605,19.159217015463
17,-1.41176,17,3.98527,19.270657918205
17.1,0.529412,17,4.00184,19.382066214097
17.2,3.61905,21,3.3238,19.493441753816
17.3,5.36364,22,3.38829,19.604784388719
17.4,6.92308,26,4.37194,19.716093970845
17.5,9.24,25,5.16624,19.827370352916
17.6,11.3462,26,6.31153,19.938613388338
17.7,13.6667,27,7.741,20.049822931206
17.8,16.9286,28,8.5675,20.160998836302
17.9,20.7778,27,8.44135,20.272140959101
18,25.3571,28,8.59463,20.383249155771
18.1,32.1786,28,7.77009,20.494323283175
18.2,36.1429,28,7.62896,20.605363198873
18.3,42.0357,28,4.72568,20.716368761125
18.4,45.4286,28,5.15988,20.82733982889
18.5,49.8571,28,5.54252,20.938276261831
18.6,53.5714,28,5.9031,21.049177920314
18.7,57.2857,28,7.33766,21.160044665413
18.8,60.5357,28,17.0478,21.27087635891
18.9,68.3929,28,4.51614,21.381672863294
19,71.9643,28,4.45124,21.492434041769
19.1,77,28,4.0643,21.603159758249
19.2,81.7857,28,4.29778,21.713849877365
19.3,86,28,4.43053,21.824504264462
19.4,90.6786,28,4.61923,21.935122785605
19.5,94.3214,28,6.29552,22.045705307577
19.6,99.7143,28,4.15315,22.156251697883
19.7,102.714,28,3.47325,22.266761824749
19.8,105.393,28,3.2471,22.377235557128
19.9,107.929,28,3.39857,22.487672764694
20,110.321,28,3.35607,22.598073317852
20.1,112.357,28,3.55084,22.708437087733
20.2,113.571,28,3.47934,22.818763946198
20.3,116.107,28,3.43554,22.929053765839
20.4,117.679,28,4.00974,23.03930641998
20.5,120.821,28,3.51772,23.14952178268
20.6,123.464,28,3.33869,23.259699728731
20.7,126.286,28,3.76983,23.369840133663
20.8,128.964,28,3.23731,23.479942873741
20.9,132.464,28,2.79526,23.59000782597
21,134.607,28,3.32598,23.700034868096
21.1,135.536,28,3.22585,23.810023878603
21.2,136.214,28,3.3373,23.919974736718
21.3,136.071,28,3.69112,24.029887322413
21.4,134.893,28,3.51019,24.139761516402
21.5,133.25,28,4.48557,24.249597200143
21.6,131.036,28,4.60662,24.359394255844
21.7,128.893,28,4.62152,24.469152566458
21.8,125.929,28,4.2768,24.578872015684
21.9,123.321,28,3.72234,24.688552487974
22,120.321,28,3.2324,24.798193868528
22.1,116.75,28,3.77737,24.907796043296
22.2,113.357,28,4.25323,25.017358898981
22.3,108,28,5.67646,25.12688232304
22.4,102.571,28,3.51113,25.236366203679
22.5,98.3571,28,2.90866,25.345810429863
22.6,94.9643,28,2.94998,25.455214891309
22.7,91.6786,28,2.88102,25.56457947849
22.8,89,28,3.3665,25.673904082635
22.9,86.1786,28,4.13704,25.783188595733
23,83.7857,28,3.7154,25.892432910528
23.1,80.8571,28,3.54562,26.001636920521
23.2,77.9643,28,3.78576,26.110800519976
23.3,74.5,28,5.06623,26.219923603914
23.4,71.7857,28,5.94641,26.329006068115
23.5,70.0357,28,6.56298,26.438047809124
23.6,67.7143,28,6.28259,26.547048724242
23.7,63.5357,28,5.68612,26.656008711535
23.8,58,28,6.69992,26.764927669831
23.9,54.3571,28,6.23737,26.873805498719
24,49.5,28,5.14602,26.982642098552
24.1,44.4643,28,4.45124,27.091437370447
24.2,39.8571,28,3.73883,27.200191216283
24.3,35.3929,28,3.97529,27.308903538705
24.4,32.5357,28,4.03211,27.417574241122
24.5,29.2857,28,3.08949,27.526203227707
24.6,25.0357,28,3.23731,27.634790403399
24.7,21.8214,28,3.80111,27.743335673901
24.8,19.8571,28,3.72891,27.851838945683
24.9,17.9286,28,3.77053,27.960300125981
25,15.9643,28,3.87281,28.068719122795
25.1,13.0357,28,3.93919,28.177095844892
25.2,11.3929,28,4.20176,28.285430201807
25.3,10.0357,28,4.34172,28.393722103839
25.4,8.71429,28,4.37888,28.501971462054
25.5,7.89286,28,4.76359,28.610178188286
25.6,7.18518,27,5.80475,28.718342195134
25.7,8.08696,23,8.12355,28.826463395964
25.8,7.55,20,7.24369,28.934541704909
25.9,7.22222,18,8.2359,29.04257703687
26,6.0625,16,9.27699,29.150569307511
26.1,4.05556,18,8.54381,29.258518433265
26.2,-0.363636,22,6.35119,29.366424331332
26.3,-2.86364,22,4.08593,29.474286919678
26.4,-5.16,25,2.0347,29.582106117033
26.5,-6.35714,28,2.75162,29.689881842896
26.6,-7.42857,28,2.63071,29.797614017532
26.7,-9.35714,28,3.09377,29.905302561968
26.8,-11.0714,28,3.00529,30.012947398002
26.9,-13.1071,28,3.17792,30.120548448192
27,-14.8571,28,3.20548,30.228105635866
27.1,-16,28,3.55903,30.335618885113
27.2,-16.8571,28,3.03942,30.443088120789
27.3,-18.8571,28,4.46977,30.550513268512
27.4,-20.4643,28,3.92977,30.657894254666
27.5,-21.3929,28,3.71523,30.765231006398
27.6,-22.5357,28,4.0137,30.872523451617
27.7,-23.6786,28,4.48911,30.979771518997
27.8,-24.7857,28,5.05054,31.086975137972
27.9,-24.5357,28,4.36724,31.19413423874
28,-24.1429,28,3.14718,31.301248752259
28.1,-23.7143,28,2.87849,31.408318610249
28.2,-23.3929,28,2.51425,31.51534374519
28.3,-22.7143,28,2.71971,31.622324090322
28.4,-21.8929,28,3.10721,31.729259579646
28.5,-21.0714,28,2.76122,31.83615014792
28.6,-19.5714,28,3.52166,31.942995730661
28.7,-18.25,28,3.42783,32.049796264145
28.8,-16.8571,28,3.35233,32.156551685405
28.9,-15.9643,28,3.3718,32.263261932228
29,-15.25,28,3.01386,32.369926943161
29.1,-14.6071,28,3.41391,32.476546657504
29.2,-12.9643,28,2.83473,32.583121015312
29.3,-11.7857,28,2.43975,32.689649957393
29.4,-10.1786,28,2.35786,32.796133425311
29.5,-8.89286,28,2.37797,32.902571361381
29.6,-6.96429,28,2.31712,33.008963708669
29.7,-6.12,25,2.66646,33.115310410992
29.8,-5.05263,19,2.24781,33.22161141292
29.9,-3.70588,17,2.49411,33.32786665977
30,-1.125,16,3.93065,33.434076097607
30.1,3,21,2.84605,33.540239673247
30.2,5.16,25,2.67208,33.646357334251
30.3,7.33333,27,2.2532,33.752429028924
30.4,9.53571,28,2.83473,33.858454706321
30.5,12.2143,28,2.57275,33.964434316238
30.6,16.0714,28,2.85357,34.070367809216
30.7,18.9643,28,2.7146,34.176255136536
30.8,22.1786,28,2.74946,34.282096250225
30.9,24.5357,28,2.31712,34.387891103046
31,26.5714,28,2.54484,34.493639648504
31.1,28.8214,28,2.21198,34.599341840844
31.2,30.6429,28,2.21467,34.704997635045
31.3,31.3929,28,2.76672,34.810606986825
31.4,31.8214,28,2.62543,34.916169852639
31.5,31.8214,28,2.62543,35.021686189673
31.6,31.8214,28,2.35786,35.127155955849
31.7,31.6071,28,2.6435,35.23257910982
31.8,31.0714,28,2.73426,35.337955610971
31.9,29.7857,28,2.82,35.443285419418
32,29.1429,28,2.69037,35.548568496004
32.1,27.3214,28,2.86813,35.653804802302
32.2,25.9286,28,2.73426,35.75899430061
32.3,24.6429,28,3.30224,35.864136953953
32.4,23.6786,28,3.4966,35.96923272608
32.5,22.5,28,3.41565,36.074281581463
32.6,21.1071,28,4.28035,36.179283485295
32.7,20.6786,28,6.12858,36.284238403492
32.8,19.9286,28,7.58131,36.389146302688
32.9,19.5,28,8.81287,36.494007150235
33,19.5,28,10.3118,36.598820914203
33.1,17.5357,28,10.2866,36.703587563378
33.2,17.5,28,10.7617,36.80830706726
33.3,16.25,28,12.2644,36.912979396061
33.4,17,28,12.3018,37.017604520707
33.5,15.1786,28,12.6844,37.122182412832
33.6,13.4,25,10.6419,37.226713044782
33.7,10.3077,26,9.34567,37.331196389608
33.8,6.90909,22,5.28168,37.43563242107
33.9,4.15,20,3.24889,37.540021113632
34,1.04762,21,3.05739,37.644362442461
34.1,-0.9,20,3.49285,37.748656383428
34.2,-3.52174,23,4.65022,37.852902913102
34.3,-3.79167,24,4.27306,37.957102008754
34.4,-4.16,25,3.59026,38.061253648354
34.5,-4.8,25,3.34166,38.165357810565
34.6,-5.69231,26,2.72425,38.269414474747
34.7,-6.55556,27,3.04243,38.373423620955
34.8,-7.35714,28,3.40168,38.477385229934
34.9,-8.64286,28,3.86067,38.581299283121
35,-9.07143,28,3.67099,38.685165762641
35.1,-11.6071,28,9.39795,38.788984651308
35.2,-14.6429,28,10.6882,38.892755932622
35.3,-13.9643,28,9.20339,38.996479590766
35.4,-14.1786,28,8.66689,39.100155610609
35.5,-14.7143,28,9.21696,39.203783977699
35.6,-13.1786,28,6.61118,39.307364678265
35.7,-13.2857,28,7.16399,39.410897699214
35.8,-13.8571,28,8.93895,39.514383028131
35.9,-13.5714,28,7.94625,39.617820653274
36,-13.4643,28,7.19816,39.721210563577
36.1,-13.1429,28,6.26403,39.824552748644
36.2,-11.5,28,5.04425,39.927847198752
36.3,-11.0741,27,4.41959,40.031093904845
36.4,-10.3571,28,4.11154,40.134292858533
36.5,-9.28571,28,3.59894,40.237444052095
36.6,-8.53571,28,2.94998,40.34054747847
36.7,-7.46429,28,3.06089,40.443603131262
36.8,-6.82143,28,2.86813,40.546611004734
36.9,-6.07143,28,2.85357,40.649571093809
37,-5.11111,27,2.42318,40.752483394067
37.1,-4.18182,22,2.6482,40.855347901742
37.2,-3.68421,19,2.9824,40.958164613723
37.3,-3.05556,18,2.75408,41.060933527552
37.4,-2.23529,17,3.41924,41.16365464142
37.5,-0.9375,16,3.39546,41.266327954166
37.6,0.526316,19,3.30603,41.368953465278
37.7,1.89474,19,3.28117,41.471531174887
37.8,3.33333,21,2.45628,41.574061083769
37.9,4,24,2.10589,41.676543193342
38,4.65385,26,2.59141,41.778977505662
38.1,5.96429,28,3.06089,41.881364023424
38.2,7.96429,28,3.3718,41.983702749961
38.3,9.42857,28,3.12017,42.085993689238
38.4,11.1071,28,3.41391,42.188236845854
38.5,12.7857,28,4.10381,42.290432225039
38.6,14.1429,28,4.74314,42.392579832654
38.7,16.25,28,3.68807,42.494679675183
38.8,17.1429,28,4.36072,42.59673175974
38.9,17.8929,28,4.50793,42.69873609406
39,18.1071,28,4.25432,42.800692686502
39.1,18.6071,28,3.51019,42.902601546044
39.2,17.5556,27,3.7348,43.004462682282
39.3,15.5714,28,4.16714,43.10627610543
39.4,14.25,28,3.61709,43.208041826315
39.5,12.6429,28,4.00198,43.309759856377
39.6,11.0714,28,3.07834,43.411430207667
39.7,10.1786,28,3.07985,43.513052892847
39.8,8.67857,28,2.3421,43.614627925183
39.9,7.75,28,2.25462,43.716155318549
40,7.57143,28,3.90089,43.817635087421
40.1,5.92857,28,2.47848,43.919067246877
40.2,4.85185,27,3.02176,44.020451812595
40.3,3.74074,27,2.37928,44.12178880085
40.4,3.45455,22,2.06391,44.223078228514
40.5,2.11111,18,3.23381,44.324320113051
40.6,1,17,3.1225,44.425514472521
40.7,1.33333,15,2.89499,44.526661325571
40.8,0.0625,16,3.10846,44.627760691436
40.9,-1.08333,12,3.23218,44.728812589939
41,-1.07143,14,3.4744,44.829817041488
41.1,-1.08333,12,3.23218,44.930774067073
41.2,-1.26667,15,2.65832,45.031683688263
41.3,-1,15,2.77746,45.132545927208
41.4,-0.8,15,3.09839,45.233360806633
41.5,0.416667,12,2.46644,45.33412834984
41.6,0.545455,11,2.87624,45.434848580702
41.7,0.454545,11,2.50454,45.535521523663
41.8,1.1875,16,2.63865,45.636147203739
41.9,1.26316,19,3.29717,45.736725646509
42,1.82609,23,2.36743,45.83725687812
42.1,2.75,24,1.96159,45.937740925282
42.2,3.51852,27,1.64948,46.038177815264
42.3,5.07407,27,1.56711,46.138567575898
42.4,5.62963,27,2.22137,46.23891023557
42.5,6.89286,28,2.28261,46.339205823223
42.6,8.07143,28,2.47848,46.439454368354
42.7,9.85714,28,2.8895,46.53965590101
42.8,11.3214,28,2.66741,46.639810451789
42.9,12.2857,28,2.44733,46.739918051836
43,13.1429,28,2.54899,46.839978732841
43.1,13.8929,28,2.8066,46.939992527039
43.2,14.4643,28,2.6455,47.039959467206
43.3,14.4643,28,2.41112,47.139879586657
43.4,14.3571,28,2.49762,47.239752919245
43.5,14.1071,28,2.72627,47.339579499361
43.6,13.5714,28,2.86005,47.439359361926
43.7,12.8214,28,2.51003,47.539092542395
43.8,11.8929,28,2.36235,47.638779076754
43.9,11.0714,28,2.63774,47.738419001515
44,9.71429,28,2.52186,47.838012353715
44.1,8.39286,28,2.52893,47.937559170918
44.2,7.75,28,2.48886,48.037059491208
44.3,8.25,28,3.75771,48.136513353188
44.4,6.75,28,2.48886,48.235920795982
44.5,5.66667,27,2.35339,48.335281859226
44.6,4.28571,28,2.87849,48.434596583074
44.7,3.875,24,4.01424,48.533865008189
44.8,1.75,16,3.49285,48.633087175746
44.9,1.06667,15,4.09646,48.732263127428
45,1.36842,19,6.34394,48.831392905421
45.1,0.6875,16,7.35499,48.930476552419
45.2,0.157895,19,6.79267,49.029514111618
45.3,-0.631579,19,3.63945,49.12850562671
45.4,-1.05882,17,2.74933,49.22745114189
45.5,-1.23529,17,3.0317,49.326350701845
45.6,-1.5625,16,3.07612,49.425204351761
45.7,-1.7,20,3.27832,49.524012137312
45.8,-1.72727,22,3.11955,49.622774104664
45.9,-1.52381,21,2.83935,49.721490300471
46,-1.63636,22,2.82076,49.820160771873
46.1,-1.90476,21,2.40634,49.918785566495
46.2,-2.68421,19,2.40492,50.017364732444
46.3,-3.14286,21,2.22004,50.115898318306
46.4,-3.18182,22,1.89326,50.214386373149
46.5,-3.30435,23,1.52061,50.312828946514
46.6,-3.54167,24,1.64129,50.411226088417
46.7,-3.79167,24,1.91059,50.509577849348
46.8,-4.04167,24,1.78104,50.607884280266
46.9,-4.07692,26,1.85306,50.706145432598
47,-3.88462,26,1.79615,50.80436135824
47.1,-4.07407,27,2.01773,50.902532109551
47.2,-4.40741,27,2.22329,51.000657739352
47.3,-4.8,25,2.36291,51.098738300926
47.4,-4.88889,27,2.40725,51.196773848014
47.5,-4.82143,28,2.35786,51.294764434815
47.6,-4.92857,28,2.30826,51.39271011598
47.7,-5,28,2.4037,51.490610946615
47.8,-5.46429,28,2.30108,51.588466982277
47.9,-5.57143,28,2.30022,51.686278278971
48,-5.35714,28,2.29677,51.78404489315
48.1,-5.37037,27,2.30631,51.88176688171
48.2,-5.40741,27,2.24052,51.979444301993
48.3,-5.21429,28,2.20029,52.077077211779
48.4,-5.57143,28,2.04448,52.17466566929
48.5,-5.39286,28,2.43948,52.272209733184
48.6,-5.17857,28,2.29417,52.369709462554
48.7,-4.71429,28,1.88281,52.467164916927
48.8,-4.88889,27,2.04438,52.564576156262
48.9,-4.78571,28,2.07912,52.661943240945
49,-4,27,1.35873,52.759266231793
49.1,-4.03704,27,1.58069,52.856545190047
49.2,-3.88889,27,1.57708,52.95378017737
49.3,-3.69231,26,1.4634,53.050971255852
49.4,-3.65385,26,1.8098,53.148118487996
49.5,-3.36,25,1.60416,53.24522193673
49.6,-3.27273,22,1.45346,53.342281665392
49.7,-3.05263,19,1.22355,53.439297737739
49.8,-2.18182,22,1.7358,53.536270217937
49.9,-2.09524,21,1.6095,53.633199170564
50,-1.36842,19,2.21637,53.730084660607
50.1,-0.8,15,2.11119,53.826926753458
50.2,0.625,16,2.80179,53.923725514914
50.3,1.05263,19,2.77836,54.020481011176
50.4,2.28571,21,2.39046,54.117193308845
50.5,2.86957,23,2.47358,54.213862474922
50.6,3.16667,24,2.49637,54.310488576803
50.7,4.16,25,2.30362,54.407071682282
50.8,4.2963,27,2.33394,54.503611859546
50.9,5.62963,27,1.75736,54.600109177171
51,6.39286,28,2.2334,54.696563704125
51.1,7.39286,28,2.13158,54.792975509763
51.2,8.14286,28,2.35253,54.889344663828
51.3,9.03571,28,2.42643,54.985671236444
51.4,10.3929,28,2.52893,55.081955298119
51.5,12.25,28,2.74368,55.178196919741
51.6,13.3571,28,2.98408,55.274396172578
51.7,14.8571,28,2.95289,55.370553128271
51.8,16.3571,28,2.88308,55.466667858841
51.9,17.5,28,2.70117,55.562740436678
52,18.5714,28,2.57378,55.658770934546
52.1,19.3571,28,2.31283,55.754759425576
52.2,19.9286,28,2.46349,55.850705983268
52.3,19.9286,28,2.20989,55.946610681488
52.4,19.5357,28,2.44165,56.042473594466
52.5,19,28,2.47955,56.138294796793
52.6,18.0714,28,2.62366,56.234074363421
52.7,16.6071,28,2.98564,56.329812369662
52.8,15,28,2.66667,56.425508891183
52.9,13.5,28,2.92499,56.521164004006
53,11.7857,28,2.45488,56.616777784507
53.1,10.2857,28,2.53651,56.712350309414
53.2,9,28,2.2771,56.807881655803
53.3,7.78571,28,1.91209,56.903371901099
53.4,6.57143,28,1.87436,56.998821123073
53.5,5.5,28,1.85592,57.09422939984
53.6,5.15385,26,1.97367,57.189596809857
53.7,4.15385,26,2.18527,57.284923431925
53.8,3.52,25,2.4,57.380209345179
53.9,2.86957,23,2.61646,57.475454629096
54,2.09524,21,2.64395,57.570659363486
54.1,0.761905,21,2.56719,57.665823628493
54.2,-0.823529,17,3.08697,57.760947504594
54.3,-1.2,20,2.85804,57.856031072595
54.4,-1.63636,22,3.06354,57.951074413634
54.5,-1.83333,24,3.05979,58.046077609171
54.6,-2.36364,22,3.1251,58.141040740996
54.7,-2.66667,21,3.24551,58.23596389122
54.8,-3,22,2.60037,58.330847142275
54.9,-3.07692,26,2.13397,58.425690576915
55,-3.25926,27,2.22905,58.520494278213
55.1,-3.44444,27,1.8674,58.615258329555
55.2,-3.08,25,1.68127,58.709982814647
55.3,-3.37037,27,1.84283,58.804667817505
55.4,-3.37037,27,1.84283,58.899313422457
55.5,-3.57143,28,1.79358,58.993919714143
55.6,-4,28,2.07275,59.088486777509
55.7,-4.14286,28,2.06764,59.183014697809
55.8,-4.28571,28,2.25844,59.277503560602
55.9,-4.35714,28,2.37603,59.37195345175
56,-4.57143,28,2.06252,59.466364457417
56.1,-4.35714,28,1.80973,59.560736664068
56.2,-4.35714,28,1.80973,59.655070158464
56.3,-4,28,1.76383,59.749365027665
56.4,-4.07143,28,1.76233,59.843621359025
56.5,-4.21429,28,1.91209,59.937839240193
56.6,-4.7037,27,1.97708,60.032018759109
56.7,-4.48148,27,2.11897,60.126160004004
56.8,-4.84,25,2.15407,60.220263063396
56.9,-4.38462,26,2.09908,60.314328026092
57,-4.07692,26,1.80938,60.408354981184
57.1,-3.96296,27,1.87045,60.502344018048
57.2,-3.88889,27,1.69464,60.596295226343
57.3,-3.74074,27,1.76706,60.690208696008
57.4,-3.66667,27,1.75412,60.78408451726
57.5,-3.59259,27,1.7378,60.877922780596
57.6,-3.66667,27,1.75412,60.971723576789
57.7,-3.66667,27,1.83973,61.065486996885
57.8,-3.84615,26,1.97367,61.159213132204
57.9,-3.59259,27,1.64689,61.252902074337
58,-3.69231,26,1.87124,61.346553915144
58.1,-3.56,25,2.12289,61.440168746757
58.2,-3.16667,24,2.35292,61.53374666157
58.3,-2.82609,23,2.32872,61.627287752245
58.4,-2.47826,23,2.01967,61.720792111708
58.5,-2.08333,24,1.55806,61.814259833146
58.6,-2.14286,21,1.85164,61.907691010007
58.7,-1.94737,19,1.92855,62.001085736
58.8,-1.64706,17,2.80493,62.09444410509
58.9,-0.631579,19,3.14838,62.187766211497
59,-0.0555556,18,3.22622,62.281052149699
59.1,0.947368,19,2.41462,62.374302014425
59.2,1.86957,23,1.45553,62.467515900656
59.3,2.75,24,1.79976,62.560693903625
59.4,3.46154,26,2.33634,62.653836118811
59.5,4.33333,27,2.57204,62.746942641943
59.6,5.33333,27,2.36968,62.840013568995
59.7,6.35714,28,2.64175,62.933048996185
59.8,7.17857,28,2.32624,63.026049019975
59.9,7.46429,28,2.45677,63.119013737067
60,8.39286,28,2.51425,63.211943244404
60.1,9.32143,28,2.51003,63.304837639169
60.2,10.25,28,2.51845,63.397697018781
60.3,11.25,28,3.01386,63.490521480894
60.4,12.2857,28,2.97965,63.583311123398
60.5,13.7143,28,2.78697,63.676066044417
60.6,15.3571,28,2.71094,63.768786342303
60.7,16.0357,28,2.70092,63.861472115641
60.8,16.6786,28,2.69504,63.954123463245
60.9,16.8929,28,2.33078,64.046740484156
61,17.6786,28,2.21198,64.13932327764
61.1,17.6429,28,2.29677,64.231871943188
61.2,17.4643,28,2.36459,64.324386580517
61.3,17.2857,28,2.35478,64.416867289562
61.4,16.9286,28,2.15902,64.50931417048
61.5,16.3214,28,2.27797,64.60172732365
61.6,15.1786,28,2.17824,64.694106849665
61.7,14.2857,28,2.291,64.786452849336
61.8,13.0357,28,2.31712,64.878765423691
61.9,11.8571,28,2.27245,64.971044673968
62,10.7143,28,2.20869,65.063290701621
62.1,9.5,28,2.28522,65.155503608315
62.2,8.60714,28,2.29878,65.247683495922
62.3,8.21429,28,1.77132,65.339830466526
62.4,7.28571,28,1.65232,65.431944622417
62.5,6.85714,28,1.8996,65.524026066089
62.6,6.67857,28,1.72248,65.616074900245
62.7,6.10714,28,1.52362,65.708091227787
62.8,5.82143,28,1.41562,65.800075151822
62.9,5.32143,28,1.38921,65.892026775657
63,4.96429,28,1.34666,65.983946202799
63.1,5.03571,28,1.26146,66.075833536951
63.2,4.89286,28,1.34272,66.167688882016
63.3,5.35714,28,1.49603,66.259512342091
63.4,5.5,28,1.52753,66.35130402147
63.5,5.96429,28,1.55116,66.443064024636
63.6,6.14286,28,1.45842,66.534792456267
63.7,6.71429,28,1.62975,66.626489421232
63.8,7.28571,28,1.90238,66.718155024588
63.9,7.96429,28,2.1685,66.809789371581
64,8.21429,28,2.02498,66.901392567645
64.1,8.64286,28,2.14673,66.992964718398
64.2,9.21429,28,2.25022,67.084505929644
64.3,9.42857,28,2.00792,67.176016307372
64.4,9.28571,28,2.17489,67.267495957749
64.5,9.78571,28,2.25022,67.358944987127
64.6,10.75,28,2.39792,67.450363502035
64.7,12.5357,28,3.29401,67.541751609184
64.8,13.9643,28,4.03211,67.63310941546
64.9,15.6071,28,4.58935,67.724437027926
65,17.4286,28,5.45302,67.81573455382
65.1,19.0357,28,6.13117,67.907002100555
65.2,20.2857,28,7.18979,67.998239775715
65.3,21.4643,28,6.75213,68.089447687058
65.4,22.6071,28,6.47124,68.18062594251
65.5,24.3929,28,6.33239,68.271774650168
65.6,26.2857,28,6.16956,68.362893918299
65.7,26.9286,28,6.38243,68.453983855332
65.8,27.3571,28,6.51616,68.545044569868
65.9,27.5,28,6.30403,68.636076170669
66,27.25,28,6.82384,68.727078766661
66.1,26.8214,28,7.24724,68.818052466935
66.2,26.9643,28,7.37605,68.90899738074
66.3,27.3214,28,6.92314,68.99991361749
66.4,27.2857,28,5.88694,69.090801286754
66.5,26.8929,28,5.43881,69.181660498263
66.6,25.8929,28,5.47952,69.272491361901
66.7,24.6071,28,5.4592,69.363293987711
66.8,23.3214,28,5.56479,69.454068485891
66.9,21.5357,28,5.64034,69.544814966793
67,20.2963,27,6.32343,69.635533540919
67.1,18.3214,28,6.66141,69.726224318927
67.2,16.8571,28,6.1627,69.816887411622
67.3,14.7037,27,6.32951,69.907522929962
67.4,12,28,6.76593,69.998130985051
67.5,10.3214,28,6.49247,70.088711688142
67.6,8.71429,28,5.02481,70.179265150635
67.7,8.03571,28,4.05958,70.269791484073
67.8,7.25,28,2.3194,70.360290800147
67.9,6.46429,28,2.56012,70.450763210689
68,5.96429,28,2.5889,70.541208827674
68.1,5.17857,28,2.27797,70.631627763219
68.2,4.55556,27,2.20721,70.72202012958
68.3,4.03571,28,2.67335,70.812386039156
68.4,3.67857,28,3.25524,70.90272560448
68.5,2.55556,27,3.69338,70.993038938224
68.6,2.2,25,3.01386,71.083326153199
68.7,1.88,25,2.38607,71.173587362348
68.8,1.40909,22,1.62302,71.263822678749
68.9,0.608696,23,1.2699,71.354032215616
69,0.266667,15,1.43759,71.444216086292
69.1,-0.166667,18,1.72354,71.534374404255
69.2,-0.714286,21,1.87464,71.624507283112
69.3,-1.2,20,2.48363,71.714614836599
69.4,-1.42857,21,2.52134,71.804697178581
69.5,-1.86957,23,2.98944,71.894754423052
69.6,-2.30435,23,3.22539,71.984786684132
69.7,-2.43478,23,2.8095,72.074794076066
69.8,-2.04348,23,2.49505,72.164776713225
69.9,-1.61538,26,2.45075,72.254734710104
70,-1.5,26,2.12132,72.344668181321
70.1,-1.68182,22,1.67293,72.434577241616
70.2,-1.45833,24,1.86452,72.524462005849
70.3,-1.95652,23,1.96511,72.614322589004
70.4,-1.92,25,2.01908,72.704159106179
70.5,-1.92,25,2.03961,72.793971672596
70.6,-1.75,24,2.17196,72.883760403591
70.7,-1.53846,26,2.12096,72.973525414617
70.8,-1.45833,24,2.22592,73.063266821246
70.9,-1.44,25,2.12289,73.152984739161
71,-1.19231,26,2.00038,73.24267928416
71.1,-0.84,25,1.8412,73.332350572157
71.2,-0.5,22,1.99404,73.421998719175
71.3,-0.304348,23,2.24489,73.51162384135
71.4,-0.857143,21,2.05635,73.601226054927
71.5,-0.782609,23,1.80798,73.690805476264
71.6,-0.75,24,1.67462,73.780362221825
71.7,-0.769231,26,1.68066,73.869896408182
71.8,-0.72,25,1.94765,73.959408152017
71.9,-0.416667,24,1.90917,74.048897570115
72,-0.48,25,1.93907,74.138364779368
72.1,-0.28,25,1.92614,74.227809896772
72.2,-0.615385,26,2.2641,74.317233039429
72.3,-0.782609,23,2.27549,74.406634324542
72.4,-0.789474,19,2.52936,74.496013869415
72.5,-0.863636,22,2.23171,74.585371791457
72.6,-0.5,20,2.21241,74.674708208174
72.7,-0.125,24,2.13282,74.764023237174
72.8,-0.166667,24,1.90347,74.853316996163
72.9,-0.545455,22,1.87025,74.942589602944
73,-0.652174,23,1.77377,75.031841175421
73.1,-0.7,20,1.52523,75.12107183159
73.2,-0.222222,9,1.56347,75.210281689547
73.3,0,7,2,75.299470867478
73.4,0.8,10,1.81353,75.388639483669
73.5,1.23077,13,1.64083,75.477787656494
73.6,1.4,15,1.68184,75.566915504424
73.7,1.86667,15,1.84649,75.656023146018
73.8,1.83333,18,2.35772,75.74511069993
73.9,1.9375,16,2.74393,75.834178284901
74,2,17,2.82843,75.923226019762
74.1,2.4375,16,2.75605,76.012254023436
74.2,2.94118,17,3.50839,76.10126241493
74.3,4.71429,14,4.15893,76.190251313341
74.4,3.7,20,4.01445,76.279220837851
74.5,3.7619,21,4.15818,76.368171107728
74.6,3.65385,26,3.98941,76.457102242326
74.7,4.30435,23,3.91309,76.546014361083
74.8,4.19231,26,3.78438,76.63490758352
74.9,4.74074,27,3.51472,76.723782029242
75,5.24,25,2.86182,76.812637817934
75.1,5.12,25,2.53837,76.901475069366
75.2,4.65385,26,2.65243,76.990293903385
75.3,4.46154,26,2.65678,77.079094439921
75.4,4.70833,24,2.9559,77.16787679898
75.5,4.76,25,3.67741,77.256641100651
75.6,5.24,25,3.45543,77.345387465097
75.7,5.41667,24,3.02046,77.43411601256
75.8,4.92593,27,3.02459,77.522826863358
75.9,5.11538,26,2.59734,77.611520137885
76,5.04,25,2.83549,77.70019595661
76.1,5,24,2.97818,77.788854440077
76.2,4.44,25,3.08329,77.877495708903
76.3,4.75,24,3.23365,77.966119883779
76.4,4.16,25,3.07788,78.054727085466
76.5,4.81818,22,3.1568,78.143317434801
76.6,4.12,25,3.1927,78.231891052687
76.7,3.83333,24,3.58338,78.320448060102
76.8,3.47826,23,4.05496,78.40898857809
76.9,3.73913,23,3.7685,78.497512727767
77,2.41667,24,9.31533,78.586020630315
77.1,1.09091,22,9.80238,78.674512406986
77.2,0.863636,22,11.0682,78.762988179097
77.3,1.43478,23,7.45792,78.851448068034
77.4,0.142857,21,7.45175,78.939892195245
77.5,0.217391,23,6.36722,79.028320682246
77.6,0.25,24,6.5425,79.116733650618
77.7,0.96,25,7.24845,79.205131222004
77.8,0.826087,23,7.9238,79.293513518112
77.9,-0.708333,24,12.5472,79.38188066071
78,5.13043,23,6.11484,79.470232771632
78.1,5.04,25,6.3867,79.558569972769
78.2,5.44,25,5.37804,79.646892386076
78.3,6.33333,24,4.21866,79.735200133566
78.4,6.57692,26,4.48262,79.823493337314
78.5,6.625,24,5.62458,79.911772119451
78.6,6.2,25,5.46199,80.000036602169
78.7,5,27,5.54006,80.088286907715
78.8,4.96154,26,5.14961,80.176523158396
78.9,4.30769,26,4.64559,80.264745476573
79,4.11538,26,4.50179,80.352953984664
79.1,4.33333,27,4.42893,80.441148805142
79.2,5.20833,24,5.22518,80.529330060535
79.3,5.56522,23,5.60703,80.617497873426
79.4,5.03846,26,6.0298,80.705652366449
79.5,6.89286,28,7.97839,80.793793662293
79.6,7.19231,26,6.1775,80.881921883698
79.7,9.38461,26,7.53168,80.970037153458
79.8,9.11539,26,7.57008,81.058139594416
79.9,9.14815,27,7.53302,81.146229329466
80,10,28,8.89861,81.234306481552
80.1,10.2222,27,9.00142,81.322371173669
80.2,10.1538,26,9.80079,81.410423528859
80.3,7.85714,28,7.98013,81.498463670212
80.4,8.81481,27,8.57114,81.586491720869
80.5,8.66667,27,8.45349,81.674507804014
80.6,10.8214,28,9.48314,81.76251204288
80.7,9.92857,28,8.4937,81.850504560746
80.8,8.71429,28,8.66606,81.938485480937
80.9,10.7407,27,7.68912,82.026454926821
81,8.62963,27,11.5664,82.114413021811
81.1,7.28571,28,12.5929,82.202359889366
81.2,8.34615,26,13.9941,82.290295652987
81.3,8.22222,27,14.3616,82.378220436216
81.4,6.74074,27,15.6956,82.466134362639
81.5,10.8929,28,13.0762,82.554037555885
81.6,13.3462,26,9.82626,82.641930139621
81.7,11.7308,26,10.7128,82.729812237557
81.8,10.3704,27,10.2513,82.817683973443
81.9,10.2692,26,10.2667,82.905545471067
82,7.61538,26,10.7929,82.993396854257
82.1,8.71429,28,8.67887,83.081238246879
82.2,8.57692,26,8.36265,83.169069772839
82.3,7.44444,27,9.0398,83.256891556078
82.4,6,27,9.3562,83.344703720575
82.5,5.46154,26,11.3639,83.432506390344
82.6,3.08,25,12.2642,83.520299689438
82.7,2.92593,27,11.9484,83.608083741942
82.8,1.38462,26,10.9401,83.695858671978
82.9,2.88889,27,11.7058,83.783624603701
83,1.10714,28,11.9019,83.871381661302
83.1,0.62963,27,12.0229,83.959129969002
83.2,-3.25926,27,10.9178,84.046869651057
83.3,-2.72,25,10.9069,84.134600831756
83.4,-1.6,25,10.3923,84.222323635417
83.5,-3.32,25,11.2165,84.310038186392
83.6,-3.84615,26,10.5022,84.397744609063
83.7,-2.23077,26,10.827,84.485443027841
83.8,-2.5,28,10.0536,84.573133567169
83.9,-5,26,9.55406,84.660816351518
84,-5.51852,27,9.52071,84.748491505388
84.1,-3.57143,28,9.51579,84.836159153306
84.2,-4.21429,28,11.4967,84.923819419829
84.3,-1.67857,28,12.1413,85.011472429541
84.4,-5.17857,28,12.2808,85.099118307051
84.5,-3.96,25,12.4247,85.186757176996
84.6,-0.608696,23,14.1926,85.274389164039
84.7,1.32,25,12.7172,85.362014392867
84.8,2.16667,24,12.0638,85.449632988193
84.9,1.8,25,11.6225,85.537245074754
85,1.46154,26,11.378,85.624850777311
85.1,0,1,0,85.712450220649
85.2,0,1,0,85.800043529574
85.3,0,1,0,85.887630828917
85.4,0,1,0,85.975212243529
85.5,0,1,0,86.062787898285
85.6,0,1,0,86.150357918078
85.7,0,1,0,86.237922427822
85.8,0,1,0,86.325481552455
85.9,0,1,0,86.41303541693
86,0,1,0,86.500584146221
86.1,0,1,0,86.58812786532
86.2,0,1,0,86.675666699239
86.3,0,1,0,86.763200773007
86.4,0,1,0,86.850730211668
86.5,0,1,0,86.938255140286
86.6,0,1,0,87.025775683939
86.7,0,1,0,87.113291967724
86.8,0,1,0,87.200804116749
86.9,0,1,0,87.288312256141
87,0,1,0,87.375816511039
87.1,0,1,0,87.463317006597
87.2,0,1,0,87.550813867983
87.3,0,1,0,87.638307220377
87.4,0,1,0,87.725797188973
87.5,0,1,0,87.813283898975
87.6,0,1,0,87.900767475602
87.7,0,1,0,87.988248044081
87.8,0,1,0,88.075725729652
87.9,0,1,0,88.163200657566
88,0,1,0,88.25067295308
88.1,0,1,0,88.338142741465
88.2,0,1,0,88.425610147999
88.3,0,1,0,88.513075297969
88.4,0,1,0,88.600538316668
88.5,0,1,0,88.687999329401
88.6,0,1,0,88.775458461475
88.7,0,1,0,88.862915838209
88.8,0,1,0,88.950371584924
88.9,0,1,0,89.03782582695
89,0,1,0,89.125278689619
89.1,0,1,0,89.212730298272
89.2,0,1,0,89.300180778251
89.3,0,1,0,89.387630254904
89.4,0,1,0,89.475078853583
89.5,0,1,0,89.56252669964
89.6,0,1,0,89.649973918434
89.7,0,1,0,89.737420635323
89.8,0,1,0,89.824866975669
89.9,0,1,0,89.912313064833
90,0,1,0,89.999759028179
