"WAVELENGTH(microns)","THROUGHPUT","THROUGHPUTx5"
0.19893538818359,0,0
0.199,7.845291940168E-009,3.922645970084E-008
0.19906463623047,7.6189573300468E-009,3.8094786650234E-008
0.2,2.2748348160611E-009,1.1374174080306E-008
0.20006481933594,1.889270087522E-009,9.4463504376101E-009
0.201,6.3760586751048E-010,3.1880293375524E-009
0.20106499023437,5.4960238085237E-010,2.7480119042618E-009
0.202,4.8619699085261E-011,2.430984954263E-010
0.20206517333984,1.3296138655884E-011,6.6480693279418E-011
0.203,1.3425434252476E-011,6.712717126238E-011
0.20306534423828,1.3435262391159E-011,6.7176311955796E-011
0.204,7.9756587187041E-010,3.9878293593521E-009
0.20406552734375,8.53147070645E-010,4.265735353225E-009
0.205,4.1080747942772E-010,2.0540373971386E-009
0.20506569824219,3.7941222715709E-010,1.8970611357855E-009
0.206,3.8287277016632E-011,1.9143638508316E-010
0.20606589355469,1.3915999167418E-011,6.9579995837091E-011
0.207,2.021144415386E-009,1.010572207693E-008
0.20706608886719,2.1648065993161E-009,1.0824032996581E-008
0.208,2.5616198749254E-009,1.2808099374627E-008
0.20806628417969,2.5902356923676E-009,1.2951178461838E-008
0.209,5.006892668488E-009,2.503446334244E-008
0.20906647949219,5.1810042507447E-009,2.5905021253724E-008
0.21,5.9613030718886E-009,2.9806515359443E-008
0.21006667480469,6.0262270505186E-009,3.0131135252593E-008
0.211,3.3000084446587E-009,1.6500042223294E-008
0.21106687011719,3.0978978437114E-009,1.5489489218557E-008
0.212,1.0873649645338E-008,5.4368248226688E-008
0.21206706542969,1.1449692897176E-008,5.7248464485878E-008
0.213,7.5340838938498E-009,3.7670419469249E-008
0.21306726074219,7.2428739894826E-009,3.6214369947413E-008
0.214,7.5222021593382E-009,3.7611010796691E-008
0.21406745605469,7.542617188913E-009,3.7713085944565E-008
0.215,7.6057928387598E-009,3.8028964193799E-008
0.21506765136719,7.6100849275838E-009,3.8050424637919E-008
0.216,5.7230457765247E-009,2.8615228882623E-008
0.21606787109375,5.5807245234925E-009,2.7903622617463E-008
0.217,9.8643656168123E-009,4.9321828084061E-008
0.21706806640625,1.0186543108768E-008,5.0932715543839E-008
0.218,8.1807004749393E-009,4.0903502374697E-008
0.21806828613281,8.0288543474757E-009,4.0144271737378E-008
0.219,7.913770204173E-009,3.9568851020865E-008
0.21906848144531,7.9046259275831E-009,3.9523129637915E-008
0.22,1.5508879215796E-008,7.7544396078981E-008
0.22006870117187,1.6087573340619E-008,8.0437866703093E-008
0.221,1.6004111809252E-008,8.0020559046258E-008
0.22106889648438,1.5997785235671E-008,7.9988926178357E-008
0.222,9.3228774853683E-009,4.6614387426841E-008
0.22206911621094,8.8114284779728E-009,4.4057142389864E-008
0.223,8.9702510019019E-009,4.485125500951E-008
0.22306931152344,8.9786085898808E-009,4.4893042949404E-008
0.224,1.5301525381651E-008,7.6507626908255E-008
0.22406953125,1.5783588959052E-008,7.8917944795261E-008
0.225,6.4600826613137E-009,3.2300413306568E-008
0.22506975097656,5.7452960285135E-009,2.8726480142567E-008
0.226,1.7238179990098E-008,8.6190899950489E-008
0.22606997070312,1.8121782922023E-008,9.0608914610113E-008
0.227,1.4577928419946E-008,7.2889642099731E-008
0.22707019042969,1.4303747818196E-008,7.151873909098E-008
0.228,1.3096019938449E-008,6.5480099692243E-008
0.22807041015625,1.3001108771194E-008,6.5005543855969E-008
0.229,1.3494438065959E-008,6.7472190329797E-008
0.22907062988281,1.3533026702E-008,6.766513351E-008
0.23,1.6392361078958E-008,8.1961805394788E-008
0.23007084960937,1.6607522188127E-008,8.3037610940635E-008
0.231,1.3237819473603E-008,6.6189097368014E-008
0.23107104492188,1.2976015613088E-008,6.4880078065439E-008
0.232,1.7559244544506E-008,8.779622272253E-008
0.2320712890625,1.7914374750898E-008,8.957187375449E-008
0.233,1.6056959199629E-008,8.0284795998147E-008
0.23307150878906,1.5912754407571E-008,7.9563772037857E-008
0.234,1.9463449982607E-008,9.7317249913034E-008
0.23407172851562,1.9741086212153E-008,9.8705431060767E-008
0.235,1.2995500786682E-008,6.4977503933408E-008
0.23507194824219,1.2465328509195E-008,6.2326642545974E-008
0.236,1.2242509237487E-008,6.1212546187435E-008
0.23607216796875,1.2223878718714E-008,6.1119393593572E-008
0.237,9.1785614017316E-009,4.5892807008658E-008
0.23707238769531,8.9385369400957E-009,4.4692684700479E-008
0.238,1.7874484589429E-008,8.9372422947143E-008
0.23807260742188,1.8582541778202E-008,9.2912708891012E-008
0.239,1.8786855346714E-008,9.3934276733568E-008
0.2390728515625,1.880151630517E-008,9.4007581525849E-008
0.24,1.8737173155891E-008,9.3685865779453E-008
0.24007307128906,1.8715494875035E-008,9.3577474375176E-008
0.241,1.7723704891805E-008,8.8618524459024E-008
0.24107329101562,1.7645211883244E-008,8.8226059416221E-008
0.242,1.5956722899419E-008,7.9783614497096E-008
0.24207351074219,1.582279304976E-008,7.9113965248801E-008
0.243,1.4468144676262E-008,7.2340723381311E-008
0.24307375488281,1.4357846797399E-008,7.1789233986993E-008
0.244,1.9728856716325E-008,9.8644283581624E-008
0.24407397460938,2.0157696028731E-008,1.0078848014365E-007
0.245,2.1574971757603E-008,1.0787485878802E-007
0.24507421875,2.1688208057101E-008,1.084410402855E-007
0.246,2.0773836246268E-008,1.0386918123134E-007
0.24607443847656,2.0699016858191E-008,1.0349508429096E-007
0.247,1.5375179010546E-008,7.6875895052731E-008
0.24707465820312,1.4948228072568E-008,7.4741140362842E-008
0.248,1.6049650308374E-008,8.0248251541871E-008
0.24807490234375,1.6138564402505E-008,8.0692822012523E-008
0.249,2.6292323637298E-008,1.3146161818649E-007
0.24907512207031,2.7112855422728E-008,1.3556427711364E-007
0.25,1.5008458821964E-008,7.504229410982E-008
0.25007536621094,1.4022891899912E-008,7.011445949956E-008
0.251,1.7583605326389E-008,8.7918026631946E-008
0.25107561035156,1.7872994011733E-008,8.9364970058664E-008
0.252,1.4171689244785E-008,7.0858446223927E-008
0.25207583007813,1.3868908459021E-008,6.9344542295106E-008
0.253,1.6362162052899E-008,8.1810810264495E-008
0.25307604980469,1.6567019181615E-008,8.2835095908076E-008
0.254,2.3778883687892E-008,1.1889441843946E-007
0.25407629394531,2.4370695561074E-008,1.2185347780537E-007
0.255,1.5176198021757E-008,7.5880990108787E-008
0.25507653808594,1.4417988986484E-008,7.2089944932418E-008
0.256,7.547273450003E-009,3.7736367250015E-008
0.2560767578125,6.9807235687995E-009,3.4903617843997E-008
0.257,1.5261538125845E-008,7.6307690629225E-008
0.25707700195313,1.5947825678813E-008,7.9739128394063E-008
0.258,1.4113187774964E-008,7.0565938874822E-008
0.25807724609375,1.395959118749E-008,6.9797955937452E-008
0.259,2.2989683926415E-008,1.1494841963208E-007
0.25907749023437,2.3744113173498E-008,1.1872056586749E-007
0.26,1.6337132897964E-008,8.168566448982E-008
0.26007770996094,1.5711236913398E-008,7.8556184566992E-008
0.261,1.3737199733108E-008,6.8685998665539E-008
0.26107795410156,1.3571118984937E-008,6.7855594924685E-008
0.262,2.1670042254636E-008,1.0835021127318E-007
0.26207819824219,2.2349765394929E-008,1.1174882697464E-007
0.263,1.7480484757191E-008,8.7402423785956E-008
0.26307841796875,1.7071484695617E-008,8.5357423478085E-008
0.264,2.0505483350535E-008,1.0252741675267E-007
0.26407866210938,2.0793543340456E-008,1.0396771670228E-007
0.265,1.7755449511878E-008,8.8777247559391E-008
0.26507890625,1.749952385644E-008,8.7497619282199E-008
0.266,1.0450561375725E-008,5.2252806878624E-008
0.26607915039063,9.8517891560102E-009,4.9258945780051E-008
0.267,1.7549385212192E-008,8.7746926060962E-008
0.26707937011719,1.8203430445584E-008,9.1017152227922E-008
0.268,1.7769035361452E-008,8.8845176807259E-008
0.26807961425781,1.7732994416972E-008,8.8664972084862E-008
0.269,1.2584651330439E-008,6.2923256652194E-008
0.26907985839844,1.2143257893236E-008,6.0716289466181E-008
0.27,4.8857930339588E-009,2.4428965169794E-008
0.27008010253906,4.2657130907899E-009,2.1328565453949E-008
0.271,7.0735036994497E-009,3.5367518497248E-008
0.27108034667969,7.3189775094654E-009,3.6594887547327E-008
0.272,1.0578814857062E-008,5.289407428531E-008
0.27208059082031,1.0864386236593E-008,5.4321931182966E-008
0.273,1.163490497693E-008,5.8174524884648E-008
0.27308083496094,1.1701769334487E-008,5.8508846672436E-008
0.274,1.5445149971424E-008,7.7225749857119E-008
0.27408107910156,1.5776110495412E-008,7.888055247706E-008
0.275,1.7775890027709E-008,8.8879450138543E-008
0.27508129882812,1.795143351847E-008,8.9757167592351E-008
0.276,1.3089976708882E-008,6.5449883544408E-008
0.27608156738281,1.2659829166498E-008,6.329914583249E-008
0.277,1.5577192057222E-008,7.7885960286109E-008
0.27708181152344,1.583697577922E-008,7.9184878896102E-008
0.278,1.3575196002196E-008,6.7875980010981E-008
0.27808203125,1.3372199824575E-008,6.6860999122876E-008
0.279,1.4864067622038E-008,7.4320338110192E-008
0.27908229980469,1.4998774120869E-008,7.4993870604345E-008
0.28,1.1820124019751E-008,5.9100620098755E-008
0.28008251953125,1.1539217904627E-008,5.7696089523135E-008
0.281,1.2295356219144E-008,6.147678109572E-008
0.28108278808594,1.2362971279862E-008,6.1814856399309E-008
0.282,1.9170788946785E-008,9.5853944733927E-008
0.2820830078125,1.9790719005874E-008,9.8953595029368E-008
0.283,1.7505295382342E-008,8.7526476911708E-008
0.28308325195313,1.7293986791002E-008,8.6469933955009E-008
0.284,1.7032288196453E-008,8.5161440982267E-008
0.28408352050781,1.7009659116578E-008,8.5048295582888E-008
0.285,1.1400825983524E-008,5.7004129917621E-008
0.28508376464844,1.0886311647254E-008,5.443155823627E-008
0.286,1.5971189880074E-008,7.9855949400371E-008
0.28608400878906,1.6437852340379E-008,8.2189261701894E-008
0.287,1.0257244630511E-008,5.1286223152554E-008
0.28708425292969,9.6879320455212E-009,4.8439660227606E-008
0.288,1.8284991980559E-008,9.1424959902797E-008
0.28808449707031,1.9079653723203E-008,9.5398268616014E-008
0.289,1.4394486100007E-008,7.1972430500036E-008
0.28908474121094,1.3960701485071E-008,6.9803507425356E-008
0.29,3.9290135289652E-009,1.9645067644826E-008
0.29008498535156,2.9952096752041E-009,1.497604837602E-008
0.291,1.5155745343658E-008,7.577872671829E-008
0.29108522949219,1.6295872306215E-008,8.1479361531075E-008
0.292,6.9839419765527E-009,3.4919709882763E-008
0.29208547363281,6.1084115711396E-009,3.0542057855698E-008
0.293,1.4937948711123E-008,7.4689743555613E-008
0.2930857421875,1.5770802853845E-008,7.8854014269226E-008
0.294,1.680336424392E-008,8.4016821219602E-008
0.29408598632812,1.6902367214613E-008,8.4511836073067E-008
0.295,5.0318150067777E-009,2.5159075033889E-008
0.29508623046875,3.903442709478E-009,1.951721354739E-008
0.296,2.3839764757866E-008,1.1919882378933E-007
0.29608647460937,2.5738485064228E-008,1.2869242532114E-007
0.297,2.4683004901259E-008,1.2341502450629E-007
0.29708671875,2.4583962699859E-008,1.229198134993E-007
0.298,4.7748540536362E-009,2.3874270268181E-008
0.29808696289062,2.8744005855605E-009,1.4372002927802E-008
0.299,1.902419302547E-008,9.512096512735E-008
0.29908723144531,2.0578653388796E-008,1.0289326694398E-007
0.3,1.6076842930845E-008,8.0384214654223E-008
0.30008747558594,1.5632038360705E-008,7.8160191803523E-008
0.301,1.2821929586159E-008,6.4109647930797E-008
0.30108771972656,1.2552814689252E-008,6.2764073446262E-008
0.302,1.0583293142439E-008,5.2916465712195E-008
0.30208796386719,1.0393235080174E-008,5.196617540087E-008
0.303,1.4431165050562E-008,7.215582525281E-008
0.30308820800781,1.4820737735351E-008,7.4103688676757E-008
0.304,7.1234251203163E-009,3.5617125601582E-008
0.3040884765625,6.377170007976E-009,3.188585003988E-008
0.305,1.3787131637912E-008,6.893565818956E-008
0.30508872070312,1.4507688027698E-008,7.2538440138488E-008
0.306,1.8778201135285E-008,9.3891005676426E-008
0.30608896484375,1.9196542032059E-008,9.5982710160297E-008
0.307,2.1424766131174E-008,1.0712383065587E-007
0.30708920898437,2.1641362811144E-008,1.0820681405572E-007
0.308,8.6269270212047E-009,4.3134635106023E-008
0.30808947753906,7.3492547883895E-009,3.6746273941947E-008
0.309,1.1695101882951E-008,5.8475509414753E-008
0.30908972167969,1.2122634470683E-008,6.0613172353416E-008
0.31,2.671350209737E-008,1.3356751048685E-007
0.31008996582031,2.815745129427E-008,1.4078725647135E-007
0.311,2.1545077958547E-008,1.0772538979274E-007
0.31109020996094,2.0889181115486E-008,1.0444590557743E-007
0.312,1.0080673709956E-008,5.0403368549778E-008
0.31209047851562,9.0043615173061E-009,4.502180758653E-008
0.313,1.4750982177742E-008,7.375491088871E-008
0.31309072265625,1.5325276210432E-008,7.6626381052158E-008
0.314,1.5486997785465E-008,7.7434988927324E-008
0.31409099121094,1.5501933713915E-008,7.7509668569576E-008
0.315,1.6917578828222E-008,8.4587894141111E-008
0.31509123535156,1.7061006243126E-008,8.5305031215628E-008
0.316,2.2783959706915E-008,1.1391979853457E-007
0.31609147949219,2.3358494122006E-008,1.1679247061003E-007
0.317,1.4106951940363E-008,7.0534759701815E-008
0.31709172363281,1.3174254137002E-008,6.5871270685011E-008
0.318,3.89310110438E-009,1.94655055219E-008
0.3180919921875,2.9522741886173E-009,1.4761370943086E-008
0.319,2.1474411324788E-008,1.0737205662394E-007
0.31909223632813,2.3357277180255E-008,1.1678638590127E-007
0.32,1.7240312152866E-008,8.620156076433E-008
0.32009248046875,1.6613658832412E-008,8.3068294162062E-008
0.321,1.4640037677436E-008,7.3200188387178E-008
0.32109274902344,1.4439804505286E-008,7.2199022526429E-008
0.322,1.3654309070595E-009,6.8271545352973E-009
0.32209299316406,2.6025357895327E-011,1.3012678947664E-010
0.323,1.7368320003439E-008,8.6841600017197E-008
0.32309326171875,1.915055155793E-008,9.5752757789649E-008
0.324,1.8129166399129E-009,9.0645831995647E-009
0.32409350585938,2.597409181813E-011,1.2987045909065E-010
0.325,2.6564128383342E-008,1.3282064191671E-007
0.32509375,2.9307210681189E-008,1.4653605340595E-007
0.326,9.8589168385502E-009,4.9294584192751E-008
0.32609401855469,7.8417181236064E-009,3.9208590618032E-008
0.327,1.9542654492455E-008,9.7713272462274E-008
0.32709426269531,2.0760054836957E-008,1.0380027418478E-007
0.328,2.5301600738985E-008,1.2650800369493E-007
0.32809453125,2.5773177062844E-008,1.2886588531422E-007
0.329,1.548521426155E-008,7.7426071307749E-008
0.32909477539062,1.4411135031323E-008,7.2055675156615E-008
0.33,1.4634552910766E-008,7.3172764553831E-008
0.33009501953125,1.4656761373748E-008,7.3283806868742E-008
0.331,2.0224931089272E-008,1.0112465544636E-007
0.33109528808594,2.0812129785294E-008,1.0406064892647E-007
0.332,2.3459008291142E-008,1.1729504145571E-007
0.33209553222656,2.3736341484315E-008,1.1868170742157E-007
0.333,1.1877981315388E-008,5.9389906576939E-008
0.33309580078125,1.0624664178655E-008,5.3123320893273E-008
0.334,3.2225407331852E-008,1.6112703665926E-007
0.33409604492188,3.4515632264307E-008,1.7257816132154E-007
0.335,3.3415205993482E-009,1.6707602996741E-008
0.3350962890625,2.5680191845892E-011,1.2840095922946E-010
0.336,8.7949165057295E-009,4.3974582528647E-008
0.33609655761719,9.7305104796374E-009,4.8652552398187E-008
0.337,3.2614637515265E-008,1.6307318757632E-007
0.33709680175781,3.5066066409381E-008,1.753303320469E-007
0.338,4.8303032948903E-008,2.4151516474451E-007
0.3380970703125,4.9720629805298E-008,2.4860314902649E-007
0.339,1.0679566910872E-008,5.3397834554361E-008
0.33909731445312,6.4784950852374E-009,3.2392475426187E-008
0.34,1.6234799860287E-008,8.1173999301435E-008
0.34009758300781,1.7278729242084E-008,8.639364621042E-008
0.341,3.7860168141764E-008,1.8930084070882E-007
0.34109782714844,4.0079896249211E-008,2.0039948124606E-007
0.342,1.7218503521291E-008,8.6092517606455E-008
0.34209809570312,1.4745724629117E-008,7.3728623145585E-008
0.343,3.8792705351162E-008,1.9396352675581E-007
0.34309833984375,4.1400364835529E-008,2.0700182417765E-007
0.344,2.60131250231E-008,1.300656251155E-007
0.34409860839844,2.4338067217411E-008,1.2169033608705E-007
0.345,4.8124318186974E-008,2.4062159093487E-007
0.34509885253906,5.0719271502655E-008,2.5359635751327E-007
0.346,2.5245568559117E-008,1.2622784279559E-007
0.34609912109375,2.2458355590834E-008,1.1229177795417E-007
0.347,1.9455832104096E-008,9.7279160520482E-008
0.34709936523438,1.9126871031765E-008,9.5634355158826E-008
0.348,2.3488221296562E-008,1.1744110648281E-007
0.34809963378906,2.3969337133096E-008,1.1984668566548E-007
0.349,6.0319357270196E-009,3.0159678635098E-008
0.34909987792969,4.0539634702944E-009,2.0269817351472E-008
0.35,5.177676686004E-008,2.588838343002E-007
0.35010014648438,5.7053692076907E-008,2.8526846038454E-007
0.351,7.1211916482804E-009,3.5605958241402E-008
0.351100390625,1.5850773473318E-009,7.9253867366589E-009
0.352,1.0453873304658E-008,5.2269366523292E-008
0.35210065917969,1.1440089976805E-008,5.7200449884027E-008
0.353,1.0626046435732E-008,5.3130232178659E-008
0.35310090332031,1.0534315601471E-008,5.2671578007356E-008
0.354,2.4157176972861E-008,1.207858848643E-007
0.354101171875,2.5681154734026E-008,1.2840577367013E-007
0.355,2.752525021185E-008,1.3762625105925E-007
0.35510144042969,2.7729447945891E-008,1.3864723972946E-007
0.356,1.1662520504216E-008,5.8312602521078E-008
0.35610168457031,9.8576286549579E-009,4.928814327479E-008
0.357,4.6500485191039E-008,2.325024259552E-007
0.35710192871094,5.0631697766238E-008,2.5315848883119E-007
0.358,3.6720936488817E-008,1.8360468244409E-007
0.35810219726562,3.5145068029233E-008,1.7572534014617E-007
0.359,1.7946725851586E-008,8.9733629257931E-008
0.35910246582031,1.5999974297198E-008,7.999987148599E-008
0.36,1.6531293057474E-009,8.2656465287371E-009
0.36010270996094,2.2360617348602E-011,1.1180308674301E-010
0.361,2.3300754402536E-008,1.1650377201268E-007
0.36110297851563,2.5980460770781E-008,1.2990230385391E-007
0.362,3.434703564405E-008,1.7173517822025E-007
0.36210322265625,3.5309533600642E-008,1.7654766800321E-007
0.363,1.4817194953962E-008,7.4085974769808E-008
0.36310349121094,1.2446980526114E-008,6.2234902630569E-008
0.364,2.4612945786945E-008,1.2306472893472E-007
0.36410375976563,2.6026198519918E-008,1.3013099259959E-007
0.365,2.556342378401E-008,1.2781711892005E-007
0.36510400390625,2.5507240850151E-008,1.2753620425076E-007
0.366,1.0132458549752E-008,5.0662292748761E-008
0.36610424804687,8.3407765631124E-009,4.1703882815562E-008
0.367,2.3318088868102E-008,1.1659044434051E-007
0.36710451660156,2.5068398442106E-008,1.2534199221053E-007
0.368,1.474695197016E-008,7.3734759850802E-008
0.36810478515625,1.3536752681123E-008,6.7683763405616E-008
0.369,3.2946956017445E-008,1.6473478008722E-007
0.36910502929688,3.5232001770914E-008,1.7616000885457E-007
0.37,2.2655517290669E-008,1.1327758645334E-007
0.37010529785156,2.1169619387103E-008,1.0584809693552E-007
0.371,2.4986140075654E-008,1.2493070037827E-007
0.37110556640625,2.5439678827366E-008,1.2719839413683E-007
0.372,8.4446613374787E-009,4.2223306687394E-008
0.37210581054687,6.4278005901861E-009,3.2139002950931E-008
0.373,1.8358092089748E-008,9.1790460448742E-008
0.37310607910156,1.9776221521196E-008,9.888110760598E-008
0.374,3.5773453801157E-008,1.7886726900579E-007
0.37410632324219,3.7683413986529E-008,1.8841706993264E-007
0.375,4.6816020682987E-008,2.3408010341494E-007
0.37510659179688,4.7903941805055E-008,2.3951970902528E-007
0.376,3.1676023408824E-008,1.5838011704412E-007
0.37610686035156,2.9733901468806E-008,1.4866950734403E-007
0.377,4.601847954201E-008,2.3009239771005E-007
0.37710710449219,4.7972366767312E-008,2.3986183383656E-007
0.378,2.560183674914E-008,1.280091837457E-007
0.37810737304688,2.290640553407E-008,1.1453202767035E-007
0.379,3.9275073331554E-008,1.9637536665777E-007
0.37910764160156,4.125666554912E-008,2.062833277456E-007
0.38,3.83244922277E-008,1.916224611385E-007
0.38010788574219,3.7981443514675E-008,1.8990721757338E-007
0.381,6.7410040690759E-009,3.370502034538E-008
0.38110815429688,2.931359138017E-009,1.4656795690085E-008
0.382,3.4047315048343E-010,1.7023657524172E-009
0.3821083984375,2.3731731075434E-011,1.1865865537717E-010
0.383,1.4884334025362E-008,7.442167012681E-008
0.38310866699219,1.6705948641395E-008,8.3529743206977E-008
0.384,4.227374186568E-008,2.113687093284E-007
0.38410893554688,4.5420651868392E-008,2.2710325934196E-007
0.385,1.0203650385495E-008,5.1018251927476E-008
0.3851091796875,5.8595594088505E-009,2.9297797044253E-008
0.386,6.6603774980325E-010,3.3301887490162E-009
0.38610944824219,2.4320973403023E-011,1.2160486701512E-010
0.387,3.7210641425702E-008,1.8605320712851E-007
0.38710971679688,4.1821728382439E-008,2.091086419122E-007
0.388,4.0810600242082E-008,2.0405300121041E-007
0.3881099609375,4.0680844430502E-008,2.0340422215251E-007
0.389,4.5272856765191E-009,2.2636428382596E-008
0.38911022949219,2.4754139390289E-011,1.2377069695145E-010
0.39,1.122769084979E-008,5.6138454248948E-008
0.39011049804687,1.2627814871523E-008,6.3139074357614E-008
0.391,1.3333788486882E-008,6.6668942434408E-008
0.3911107421875,1.3420887271413E-008,6.7104436357067E-008
0.392,1.5190708105367E-009,7.5953540526836E-009
0.39211101074219,2.5186532730536E-011,1.2593266365268E-010
0.393,2.5307955570644E-011,1.2653977785322E-010
0.39311127929688,2.5325570491125E-011,1.2662785245562E-010
0.394,2.3503564474179E-009,1.175178223709E-008
0.39411154785156,2.6437424744149E-009,1.3218712372075E-008
0.395,3.1962253852168E-010,1.5981126926084E-009
0.39511179199219,2.561787902908E-011,1.280893951454E-010
0.396,2.5738691446334E-011,1.2869345723167E-010
0.39611206054687,2.5756396036807E-011,1.2878198018403E-010
0.397,2.5896800916711E-011,1.2948400458356E-010
0.39711232910156,2.5912025127041E-011,1.295601256352E-010
0.398,5.4016703223219E-009,2.7008351611609E-008
0.39811257324219,6.086959127709E-009,3.0434795638545E-008
0.399,1.3237999048082E-008,6.6189995240412E-008
0.39911284179688,1.4153336353289E-008,7.0766681766447E-008
0.4,2.2062316389991E-008,1.1031158194996E-007
0.40011311035156,2.3064690399236E-008,1.1532345199618E-007
0.401,1.9082304406361E-008,9.5411522031804E-008
0.40111335449219,1.8572567248699E-008,9.2862836243496E-008
0.402,1.9783343237484E-008,9.8916716187422E-008
0.40211362304688,1.9940633952833E-008,9.9703169764163E-008
0.403,1.9802092461823E-008,9.9010462309115E-008
0.40311389160156,1.9783688671988E-008,9.8918443359939E-008
0.404,2.2460475911939E-008,1.123023795597E-007
0.40411416015625,2.2805980609131E-008,1.1402990304565E-007
0.405,2.1290325928242E-008,1.0645162964121E-007
0.40511440429688,2.1096235162965E-008,1.0548117581482E-007
0.406,2.2722001152191E-008,1.1361000576096E-007
0.40611467285156,2.2930798266702E-008,1.1465399133351E-007
0.407,3.105972302714E-008,1.552986151357E-007
0.40711494140625,3.2117084401302E-008,1.6058542200651E-007
0.408,2.2525643872348E-008,1.1262821936174E-007
0.40811518554688,2.1277052933722E-008,1.0638526466861E-007
0.409,1.9018756907248E-008,9.5093784536239E-008
0.40911545410156,1.8721378680273E-008,9.3606893401367E-008
0.41,2.2804577424205E-008,1.1402288712102E-007
0.41011572265625,2.3339747362106E-008,1.1669873681053E-007
0.411,2.2487654693789E-008,1.1243827346894E-007
0.41111596679688,2.237788958902E-008,1.118894479451E-007
0.412,2.245450478882E-008,1.122725239441E-007
0.41211625976562,2.2462322688751E-008,1.1231161344375E-007
0.413,2.7456716623512E-008,1.3728358311756E-007
0.41311650390625,2.8116313295328E-008,1.4058156647664E-007
0.414,2.7275888806737E-008,1.3637944403368E-007
0.41411674804688,2.7164598899648E-008,1.3582299449824E-007
0.415,2.6797520455721E-008,1.339876022786E-007
0.41511704101562,2.6751445622409E-008,1.3375722811204E-007
0.416,1.6627854739395E-008,8.3139273696975E-008
0.41611728515625,1.5277945132756E-008,7.6389725663781E-008
0.417,2.3967676848286E-008,1.1983838424143E-007
0.41711752929687,2.512674298965E-008,1.2563371494825E-007
0.418,1.6191375723768E-008,8.0956878618838E-008
0.41811782226562,1.4997716763477E-008,7.4988583817383E-008
0.419,2.922733064044E-008,1.461366532022E-007
0.41911806640625,3.1133614983641E-008,1.5566807491821E-007
0.42,3.1048473335278E-008,1.5524236667639E-007
0.420118359375,3.1036988504596E-008,1.5518494252298E-007
0.421,2.605426918296E-008,1.302713459148E-007
0.42111860351563,2.5382741924472E-008,1.2691370962236E-007
0.422,2.2364634211234E-008,1.1182317105617E-007
0.42211884765625,2.1959171775151E-008,1.0979585887575E-007
0.423,1.8487210308572E-008,9.2436051542859E-008
0.423119140625,1.8013849886789E-008,9.0069249433943E-008
0.424,1.8735444863463E-008,9.3677224317314E-008
0.42411938476563,1.8833356628454E-008,9.4166783142271E-008
0.425,2.1665299929301E-008,1.083264996465E-007
0.42511962890625,2.2052777100042E-008,1.1026388550021E-007
0.426,2.9421207488623E-008,1.4710603744312E-007
0.426119921875,3.0423976211765E-008,1.5211988105882E-007
0.427,3.260408928831E-008,1.6302044644155E-007
0.42712016601563,3.2902136976328E-008,1.6451068488164E-007
0.428,2.67517655778E-008,1.33758827889E-007
0.42812045898437,2.5908559556704E-008,1.2954279778352E-007
0.429,2.3749611953553E-008,1.1874805976776E-007
0.429120703125,2.3455332884712E-008,1.1727666442356E-007
0.43,2.4024957629863E-008,1.2012478814931E-007
0.43012094726563,2.4100962537696E-008,1.2050481268848E-007
0.431,2.9116681132986E-008,1.4558340566493E-007
0.43112124023437,2.980934263365E-008,1.4904671316825E-007
0.432,1.9136246749475E-008,9.5681233747376E-008
0.432121484375,1.7658807792097E-008,8.8294038960483E-008
0.433,2.5098438992418E-008,1.2549219496209E-007
0.43312177734375,2.6133753757099E-008,1.306687687855E-007
0.434,2.0554998483896E-008,1.0277499241948E-007
0.43412202148437,1.977612659738E-008,9.88806329869E-008
0.435,2.1985892444381E-008,1.0992946222191E-007
0.435122265625,2.2293998074566E-008,1.1146999037283E-007
0.436,2.9463780500457E-008,1.4731890250228E-007
0.43612255859375,3.0466156654725E-008,1.5233078327363E-007
0.437,2.431362776556E-008,1.215681388278E-007
0.43712280273437,2.3453889125029E-008,1.1726944562515E-007
0.438,2.0814283748558E-008,1.0407141874279E-007
0.438123046875,2.0441070088551E-008,1.0220535044276E-007
0.439,2.881779759548E-008,1.440889879774E-007
0.43912333984375,2.9997428245141E-008,1.4998714122571E-007
0.44,2.5377366135309E-008,1.2688683067654E-007
0.44012358398438,2.4725240900204E-008,1.2362620450102E-007
0.441,2.3652724699565E-008,1.1826362349783E-007
0.44112387695313,2.3500933680566E-008,1.1750466840283E-007
0.442,2.245756820845E-008,1.1228784104225E-007
0.44212412109375,2.2311914385278E-008,1.1155957192639E-007
0.443,2.726024339874E-008,1.363012169937E-007
0.4431244140625,2.7962948183519E-008,1.3981474091759E-007
0.444,2.1074226491962E-008,1.0537113245981E-007
0.44412465820313,2.0091852189566E-008,1.0045926094783E-007
0.445,2.3775661077234E-008,1.1887830538617E-007
0.44512490234375,2.4302146683995E-008,1.2151073341998E-007
0.446,2.2962690023314E-008,1.1481345011657E-007
0.4461251953125,2.277316764067E-008,1.1386583820335E-007
0.447,2.3337111206786E-008,1.1668555603393E-007
0.44712543945313,2.3415659192439E-008,1.1707829596219E-007
0.448,1.8173212623015E-008,9.0866063115074E-008
0.44812573242187,1.7418308505716E-008,8.7091542528582E-008
0.449,2.5356411916173E-008,1.2678205958086E-007
0.4491259765625,2.650208220336E-008,1.325104110168E-007
0.45,2.1834565773724E-008,1.0917282886862E-007
0.45012622070312,2.1156688633747E-008,1.0578344316874E-007
0.451,2.268647757018E-008,1.134323878509E-007
0.45112651367188,2.2910561225141E-008,1.1455280612571E-007
0.452,2.5222394820656E-008,1.2611197410328E-007
0.4521267578125,2.5555594594711E-008,1.2777797297356E-007
0.453,2.4124100077199E-008,1.20620500386E-007
0.45312705078125,2.3915705080178E-008,1.1957852540089E-007
0.454,2.1788655416771E-008,1.0894327708386E-007
0.45412729492187,2.1478304132588E-008,1.0739152066294E-007
0.455,2.5337170809354E-008,1.2668585404677E-007
0.4551275390625,2.5901436446367E-008,1.2950718223184E-007
0.456,2.4700172048657E-008,1.2350086024329E-007
0.45612783203125,2.4526726425705E-008,1.2263363212853E-007
0.457,2.9480935205512E-008,1.4740467602756E-007
0.45712807617188,3.0206182508356E-008,1.5103091254178E-007
0.458,2.4820800642323E-008,1.2410400321161E-007
0.45812836914062,2.4027484237992E-008,1.2013742118996E-007
0.459,2.0384008132101E-008,1.019200406605E-007
0.45912861328125,1.9846088880511E-008,9.9230444402557E-008
0.46,2.5603153713812E-008,1.2801576856906E-007
0.46012885742188,2.6454973335198E-008,1.3227486667599E-007
0.461,2.9805656206092E-008,1.4902828103046E-007
0.46112915039062,3.0306018623927E-008,1.5153009311963E-007
0.462,2.6095048643798E-008,1.3047524321899E-007
0.46212939453125,2.546564969833E-008,1.2732824849165E-007
0.463,2.1333728119049E-008,1.0666864059524E-007
0.4631296875,2.071728201971E-008,1.0358641009855E-007
0.464,2.103184442053E-008,1.0515922210265E-007
0.46412993164062,2.1078822515751E-008,1.0539411257875E-007
0.465,2.0756879054496E-008,1.0378439527248E-007
0.46513017578125,2.0708698220067E-008,1.0354349110033E-007
0.466,2.2267883271976E-008,1.1133941635988E-007
0.46613046875,2.2501838559037E-008,1.1250919279519E-007
0.467,2.281445595592E-008,1.140722797796E-007
0.46713071289062,2.2864003327785E-008,1.1432001663893E-007
0.468,2.2790959694832E-008,1.1395479847416E-007
0.46813100585938,2.2777399440466E-008,1.1388699720233E-007
0.469,2.4221946593143E-008,1.2110973296572E-007
0.46913125,2.4440192402761E-008,1.2220096201381E-007
0.47,2.4817368779517E-008,1.2408684389758E-007
0.47013154296875,2.4874493747226E-008,1.2437246873613E-007
0.471,3.1537785912504E-008,1.5768892956252E-007
0.47113178710938,3.2549279611537E-008,1.6274639805768E-007
0.472,2.017173944306E-008,1.008586972153E-007
0.47213203125,1.8288814422523E-008,9.1444072112616E-008
0.473,2.5592054476075E-008,1.2796027238037E-007
0.47313232421875,2.6705840865501E-008,1.3352920432751E-007
0.474,1.6336334307825E-008,8.1681671539126E-008
0.47413256835938,1.4753135571001E-008,7.3765677855004E-008
0.475,2.3703590474982E-008,1.1851795237491E-007
0.47513286132812,2.5073307183538E-008,1.2536653591769E-007
0.476,2.3847251795812E-008,1.1923625897906E-007
0.47613310546875,2.3658986627182E-008,1.1829493313591E-007
0.477,3.3804895975444E-008,1.6902447987722E-007
0.4771333984375,3.5366699764559E-008,1.7683349882279E-007
0.478,2.0333409339249E-008,1.0166704669625E-007
0.47813364257812,1.8014250484676E-008,9.0071252423381E-008
0.479,2.3988224296159E-008,1.199411214808E-007
0.47913388671875,2.4911756513659E-008,1.245587825683E-007
0.48,2.4459584554677E-008,1.2229792277338E-007
0.4801341796875,2.4389508445765E-008,1.2194754222882E-007
0.481,2.8189735434571E-008,1.4094867717285E-007
0.48113442382812,2.8783238039404E-008,1.4391619019702E-007
0.482,3.0991127384713E-008,1.5495563692357E-007
0.48213471679688,3.1331598852341E-008,1.566579942617E-007
0.483,2.0245315296058E-008,1.0122657648029E-007
0.4831349609375,1.8515272766397E-008,9.2576363831983E-008
0.484,2.6736458145036E-008,1.3368229072518E-007
0.48413525390625,2.8022197610043E-008,1.4011098805021E-007
0.485,2.9223258273239E-008,1.461162913662E-007
0.48513549804688,2.9411486584926E-008,1.4705743292463E-007
0.486,3.0436170641815E-008,1.5218085320907E-007
0.4861357421875,3.0597095222543E-008,1.5298547611272E-007
0.487,2.1849533976925E-008,1.0924766988463E-007
0.48713603515625,2.0472337888902E-008,1.0236168944451E-007
0.488,3.3433600714587E-008,1.6716800357294E-007
0.48813627929688,3.5478579858382E-008,1.7739289929191E-007
0.489,2.8019591714807E-008,1.4009795857403E-007
0.48913657226563,2.6842998812876E-008,1.3421499406438E-007
0.49,2.7785288846882E-008,1.3892644423441E-007
0.49013681640625,2.7931522815126E-008,1.3965761407563E-007
0.491,3.2071788658944E-008,1.6035894329472E-007
0.491137109375,3.2729580162002E-008,1.6364790081001E-007
0.492,3.0627821974729E-008,1.5313910987364E-007
0.49213735351562,3.0293199743166E-008,1.5146599871583E-007
0.493,2.6853111384696E-008,1.3426555692348E-007
0.49313759765625,2.6304278774111E-008,1.3152139387055E-007
0.494,2.7614619083392E-008,1.3807309541696E-007
0.494137890625,2.7824188785218E-008,1.3912094392609E-007
0.495,2.6101548538367E-008,1.3050774269183E-007
0.49513813476563,2.5825462887639E-008,1.2912731443819E-007
0.496,2.8894567757492E-008,1.4447283878746E-007
0.49613842773438,2.9387618993907E-008,1.4693809496954E-007
0.497,2.6307179721683E-008,1.3153589860842E-007
0.497138671875,2.5811254361107E-008,1.2905627180554E-007
0.498,2.7657851505986E-008,1.3828925752993E-007
0.49813896484375,2.795586244448E-008,1.397793122224E-007
0.499,3.1865393672786E-008,1.5932696836393E-007
0.49913920898437,3.2501477957318E-008,1.6250738978659E-007
0.5,2.807946407984E-008,1.403973203992E-007
0.50013950195312,2.7357783935416E-008,1.3678891967708E-007
0.501,2.8397638691813E-008,1.4198819345906E-007
0.50113974609375,2.8566522804434E-008,1.4283261402217E-007
0.502,2.6156356466351E-008,1.3078178233176E-007
0.50213999023437,2.5764156449719E-008,1.288207822486E-007
0.503,2.2581893900201E-008,1.12909469501E-007
0.50314028320312,2.2062111521631E-008,1.1031055760815E-007
0.504,2.8272086376851E-008,1.4136043188426E-007
0.50414052734375,2.9286920952689E-008,1.4643460476344E-007
0.505,2.651777537222E-008,1.325888768611E-007
0.5051408203125,2.6064165554985E-008,1.3032082777492E-007
0.506,2.2473074807654E-008,1.1236537403827E-007
0.50614106445313,2.1883615171825E-008,1.0941807585912E-007
0.507,2.6889861587885E-008,1.3444930793943E-007
0.50714135742187,2.7713566224999E-008,1.3856783112499E-007
0.508,3.4551709245715E-008,1.7275854622858E-007
0.5081416015625,3.567915474326E-008,1.783957737163E-007
0.509,2.6117934185423E-008,1.3058967092711E-007
0.50914189453125,2.4537821693489E-008,1.2268910846744E-007
0.51,3.5007937694063E-008,1.7503968847032E-007
0.51014213867187,3.6741841828942E-008,1.8370920914471E-007
0.511,3.8453005025976E-008,1.9226502512988E-007
0.51114243164063,3.8737029231414E-008,1.9368514615707E-007
0.512,3.1011727472212E-008,1.5505863736106E-007
0.51214267578125,2.972673391648E-008,1.486336695824E-007
0.513,2.7381365959963E-008,1.3690682979981E-007
0.51314291992188,2.6993740707203E-008,1.3496870353601E-007
0.514,3.0628207088767E-008,1.5314103544384E-007
0.51414321289063,3.1232109758269E-008,1.5616054879134E-007
0.515,2.9459854775549E-008,1.4729927387774E-007
0.51514345703125,2.9163190609401E-008,1.45815953047E-007
0.516,3.1728830411583E-008,1.5864415205791E-007
0.51614375,3.2159311962092E-008,1.6079655981046E-007
0.517,2.5656201958142E-008,1.2828100979071E-007
0.51714399414063,2.4562818174569E-008,1.2281409087285E-007
0.518,3.3902968817739E-008,1.6951484408869E-007
0.51814428710937,3.5476956022924E-008,1.7738478011462E-007
0.519,2.7111409555127E-008,1.3555704777564E-007
0.51914453125,2.569879276551E-008,1.2849396382755E-007
0.52,3.1319153475842E-008,1.5659576737921E-007
0.52014482421875,3.2270414763558E-008,1.6135207381779E-007
0.521,2.5233002927372E-008,1.2616501463686E-007
0.52114506835938,2.4039473877898E-008,1.2019736938949E-007
0.522,3.4848937784549E-008,1.7424468892274E-007
0.52214536132813,3.6686385570762E-008,1.8343192785381E-007
0.523,3.0833192528235E-008,1.5416596264118E-007
0.52314560546875,2.9836462342206E-008,1.4918231171103E-007
0.524,3.5991826563469E-008,1.7995913281734E-007
0.52414584960937,3.7042386019835E-008,1.8521193009918E-007
0.525,2.6445801943819E-008,1.3222900971909E-007
0.52514614257812,2.4633091041632E-008,1.2316545520816E-007
0.526,2.9886135807967E-008,1.4943067903983E-007
0.52614638671875,3.0786567790861E-008,1.539328389543E-007
0.527,3.3272586485982E-008,1.6636293242991E-007
0.5271466796875,3.3699683018646E-008,1.6849841509323E-007
0.528,2.9512347455436E-008,1.4756173727718E-007
0.52814692382813,2.8791495496152E-008,1.4395747748076E-007
0.529,3.6058879134136E-008,1.8029439567068E-007
0.52914721679687,3.7312780785531E-008,1.8656390392766E-007
0.53,3.9633321645932E-008,1.9816660822966E-007
0.5301474609375,4.0034489334209E-008,2.0017244667104E-007
0.531,3.8202662943823E-008,1.9101331471911E-007
0.53114775390625,3.788523120738E-008,1.894261560369E-007
0.532,2.8508507458004E-008,1.4254253729002E-007
0.53214799804687,2.6880501769582E-008,1.3440250884791E-007
0.533,2.6079949291265E-008,1.3039974645633E-007
0.53314829101563,2.5940627659869E-008,1.2970313829935E-007
0.534,2.7053065082427E-008,1.3526532541213E-007
0.53414853515625,2.7247025780079E-008,1.362351289004E-007
0.535,3.3650139752285E-008,1.6825069876142E-007
0.53514877929687,3.4768715738148E-008,1.7384357869074E-007
0.536,3.6595037804262E-008,1.8297518902131E-007
0.53614907226563,3.6914776466924E-008,1.8457388233462E-007
0.537,2.6965768292079E-008,1.3482884146039E-007
0.53714931640625,2.5220326045915E-008,1.2610163022958E-007
0.538,2.9135266325758E-008,1.4567633162879E-007
0.538149609375,2.9823644072772E-008,1.4911822036386E-007
0.539,3.6984272798761E-008,1.849213639938E-007
0.53914985351563,3.8245829617428E-008,1.9122914808714E-007
0.54,3.3137091532667E-008,1.6568545766334E-007
0.54015014648437,3.2234994123524E-008,1.6117497061762E-007
0.541,3.1548492956557E-008,1.5774246478279E-007
0.541150390625,3.1427013608951E-008,1.5713506804476E-007
0.542,2.9121749671302E-008,1.4560874835651E-007
0.54215068359375,2.8712967409169E-008,1.4356483704584E-007
0.543,2.416059860876E-008,1.208029930438E-007
0.54315092773438,2.3351761787197E-008,1.1675880893599E-007
0.544,3.098973301338E-008,1.549486650669E-007
0.54415122070313,3.2349722282776E-008,1.6174861141388E-007
0.545,2.9177230388538E-008,1.4588615194269E-007
0.54515146484375,2.8611209281794E-008,1.4305604640897E-007
0.546,2.9081617912587E-008,1.4540808956293E-007
0.5461517578125,2.9165699853424E-008,1.4582849926712E-007
0.547,2.2910796534671E-008,1.1455398267336E-007
0.54715200195313,2.1790205820025E-008,1.0895102910012E-007
0.548,3.5600947732239E-008,1.7800473866119E-007
0.54815224609375,3.8079804858968E-008,1.9039902429484E-007
0.549,3.3464086162308E-008,1.6732043081154E-007
0.5491525390625,3.2633761228827E-008,1.6316880614414E-007
0.55,3.1197527066198E-008,1.5598763533099E-007
0.55015278320313,3.0938882452018E-008,1.5469441226009E-007
0.551,2.9523854987489E-008,1.4761927493744E-007
0.55115307617188,2.9268221942725E-008,1.4634110971363E-007
0.552,2.230512270182E-008,1.115256135091E-007
0.5521533203125,2.1044857319281E-008,1.0522428659641E-007
0.553,2.3939634175094E-008,1.1969817087547E-007
0.55315361328125,2.4464688447998E-008,1.2232344223999E-007
0.554,3.0997710359083E-008,1.5498855179542E-007
0.55415385742187,3.2184971292196E-008,1.6092485646098E-007
0.555,3.443772168523E-008,1.7218860842615E-007
0.55515415039062,3.4848001922276E-008,1.7424000961138E-007
0.556,2.9039490238401E-008,1.45197451192E-007
0.55615439453125,2.7979496654558E-008,1.3989748327279E-007
0.557,2.8604674707883E-008,1.4302337353942E-007
0.5571546875,2.8715237102784E-008,1.4357618551392E-007
0.558,2.7530038103981E-008,1.3765019051991E-007
0.55815493164063,2.7316617502137E-008,1.3658308751068E-007
0.559,3.0189937447657E-008,1.5094968723828E-007
0.55915522460937,3.0717578852678E-008,1.5358789426339E-007
0.56,3.0614018124406E-008,1.5307009062203E-007
0.56015546875,3.059494142771E-008,1.5297470713855E-007
0.561,2.6625567441432E-008,1.3312783720716E-007
0.56115576171875,2.5893656039895E-008,1.2946828019947E-007
0.562,2.7693175135372E-008,1.3846587567686E-007
0.56215600585937,2.8025581803751E-008,1.4012790901875E-007
0.563,2.6435666790627E-008,1.3217833395313E-007
0.56315629882813,2.6140220793776E-008,1.3070110396888E-007
0.564,2.6515189177756E-008,1.3257594588878E-007
0.56415654296875,2.6584729960385E-008,1.3292364980193E-007
0.565,3.0421011253267E-008,1.5210505626633E-007
0.56515678710938,3.1133735207579E-008,1.5566867603789E-007
0.566,2.6381082383866E-008,1.3190541191933E-007
0.56615708007813,2.5496190191081E-008,1.274809509554E-007
0.567,2.6559220492238E-008,1.3279610246119E-007
0.56715737304687,2.6757552220643E-008,1.3378776110322E-007
0.568,2.421631793447E-008,1.2108158967235E-007
0.5681576171875,2.3741213515265E-008,1.1870606757633E-007
0.569,2.2592027088419E-008,1.1296013544209E-007
0.56915786132812,2.2376784653105E-008,1.1188392326552E-007
0.57,2.1605527155731E-008,1.0802763577866E-007
0.57015815429688,2.1460775526473E-008,1.0730387763236E-007
0.571,1.8679121032156E-008,9.3395605160782E-008
0.5711583984375,1.815602613756E-008,9.0780130687799E-008
0.572,2.4231322541518E-008,1.2115661270759E-007
0.57215869140625,2.5372812802263E-008,1.2686406401131E-007
0.573,2.100317747606E-008,1.050158873803E-007
0.57315893554688,2.0181553719209E-008,1.0090776859605E-007
0.574,2.1383333201229E-008,1.0691666600614E-007
0.57415922851563,2.1610728356346E-008,1.0805364178173E-007
0.575,2.8940609540149E-008,1.4470304770075E-007
0.57515947265625,3.0330117689745E-008,1.5165058844873E-007
0.576,2.44077098427E-008,1.220385492135E-007
0.576159765625,2.3282628513591E-008,1.1641314256796E-007
0.577,2.4757058386122E-008,1.2378529193061E-007
0.57716000976562,2.5037676406516E-008,1.2518838203258E-007
0.578,2.3478527756944E-008,1.1739263878472E-007
0.57816030273438,2.3181142421564E-008,1.1590571210782E-007
0.579,1.8618029148743E-008,9.3090145743714E-008
0.579160546875,1.7746065402346E-008,8.8730327011728E-008
0.58,2.0008041848586E-008,1.0004020924293E-007
0.58016083984375,2.0441203431901E-008,1.022060171595E-007
0.581,2.3688688631154E-008,1.1844344315577E-007
0.58116108398438,2.4311720267293E-008,1.2155860133647E-007
0.582,2.8471617655384E-008,1.4235808827692E-007
0.58216137695313,2.9267378145162E-008,1.4633689072581E-007
0.583,1.8534192486634E-008,9.2670962433169E-008
0.58316162109375,1.647124548673E-008,8.2356227433649E-008
0.584,1.8079973057076E-008,9.0399865285378E-008
0.5841619140625,1.8390530589838E-008,9.1952652949188E-008
0.585,1.8513117175982E-008,9.2565585879909E-008
0.58516215820313,1.8536840285914E-008,9.268420142957E-008
0.586,2.124742037538E-008,1.062371018769E-007
0.58616245117188,2.17727729693E-008,1.088638648465E-007
0.587,2.2057067972238E-008,1.1028533986119E-007
0.5871626953125,2.2112275786963E-008,1.1056137893481E-007
0.588,1.9157940157142E-008,9.5789700785708E-008
0.58816298828125,1.8583085892515E-008,9.2915429462576E-008
0.589,2.1276505572558E-008,1.0638252786279E-007
0.58916323242187,2.180155888981E-008,1.0900779444905E-007
0.59,1.6629656700092E-008,8.314828350046E-008
0.5901634765625,1.5617483937428E-008,7.808741968714E-008
0.591,3.2177530771524E-008,1.6088765385762E-007
0.59116376953125,3.5420451575052E-008,1.7710225787526E-007
0.592,1.3206753611478E-008,6.6033768057389E-008
0.5921640625,8.8503165580052E-009,4.4251582790026E-008
0.593,2.4251010000821E-008,1.2125505000411E-007
0.59316430664062,2.727688891756E-008,1.363844445878E-007
0.594,2.3962530106159E-008,1.1981265053079E-007
0.59416455078125,2.3310189976097E-008,1.1655094988049E-007
0.595,2.7720565004889E-008,1.3860282502444E-007
0.59516484375,2.8590450554859E-008,1.4295225277429E-007
0.596,2.2675913183287E-008,1.1337956591643E-007
0.59616508789062,2.1507232798957E-008,1.0753616399479E-007
0.597,2.5309453604311E-008,1.2654726802156E-007
0.59716538085937,2.605866218504E-008,1.302933109252E-007
0.598,1.687196953502E-008,8.4359847675099E-008
0.59816567382813,1.5052755349407E-008,7.5263776747037E-008
0.599,2.9697750521965E-008,1.4848875260982E-007
0.59916591796875,3.2609028582361E-008,1.630451429118E-007
0.6,1.9491312744443E-008,9.7456563722215E-008
0.60016616210938,1.6881219186205E-008,8.4406095931026E-008
0.601,2.6560139386366E-008,1.3280069693183E-007
0.60116645507812,2.8493089222886E-008,1.4246544611443E-007
0.602,2.1772062925154E-008,1.0886031462577E-007
0.60216669921875,2.0427406004353E-008,1.0213703002177E-007
0.603,3.0219560856448E-008,1.5109780428224E-007
0.6031669921875,3.2177517254978E-008,1.6088758627489E-007
0.604,3.3920769513181E-008,1.6960384756591E-007
0.60416723632812,3.4275431221257E-008,1.7137715610629E-007
0.605,3.3666365733227E-008,1.6833182866613E-007
0.60516752929688,3.3543809529764E-008,1.6771904764882E-007
0.606,2.6762641936224E-008,1.3381320968112E-007
0.6061677734375,2.5395591585306E-008,1.2697795792653E-007
0.607,1.8503177338671E-008,9.2515886693356E-008
0.60716806640625,1.7110871248002E-008,8.5554356240009E-008
0.608,2.2417749500208E-008,1.1208874750104E-007
0.60816831054688,2.3491716774627E-008,1.1745858387313E-007
0.609,2.2406176876812E-008,1.1203088438406E-007
0.60916860351562,2.2182869480842E-008,1.1091434740421E-007
0.61,2.6177105001096E-008,1.3088552500548E-007
0.61016884765625,2.6991711336649E-008,1.3495855668324E-007
0.611,1.8989933917186E-008,9.4949669585928E-008
0.611169140625,1.7361081775454E-008,8.6805408877269E-008
0.612,1.829102937577E-008,9.145514687885E-008
0.61216938476562,1.8480680297492E-008,9.2403401487458E-008
0.613,2.4124597708558E-008,1.2062298854279E-007
0.61316967773438,2.5277872358195E-008,1.2638936179097E-007
0.614,2.5570570436411E-008,1.2785285218206E-007
0.614169921875,2.5630493528332E-008,1.2815246764166E-007
0.615,2.6325941842713E-008,1.3162970921357E-007
0.61517021484375,2.6464749501914E-008,1.3232374750957E-007
0.616,2.6473657528639E-008,1.3236828764319E-007
0.61617045898438,2.6479319938863E-008,1.3239659969431E-007
0.617,2.6123702693784E-008,1.3061851346892E-007
0.61717075195312,2.6050486752291E-008,1.3025243376146E-007
0.618,3.0781996711266E-008,1.5390998355633E-007
0.61817099609375,3.1757941401767E-008,1.5878970700883E-007
0.619,2.3986069833194E-008,1.1993034916597E-007
0.6191712890625,2.2379758243462E-008,1.1189879121731E-007
0.62,2.1739073745504E-008,1.0869536872752E-007
0.62017153320313,2.1603257433284E-008,1.0801628716642E-007
0.621,3.1589054774209E-008,1.5794527387105E-007
0.62117182617188,3.3663891677572E-008,1.6831945838786E-007
0.622,4.2002266770995E-008,2.1001133385498E-007
0.6221720703125,4.3735232562383E-008,2.1867616281192E-007
0.623,3.8294758547873E-008,1.9147379273936E-007
0.62317236328125,3.7162227444963E-008,1.8581113722481E-007
0.624,2.7818509093258E-008,1.3909254546629E-007
0.62417260742187,2.5865318100329E-008,1.2932659050164E-007
0.625,3.0613723063388E-008,1.5306861531694E-007
0.62517290039063,3.1610128933768E-008,1.5805064466884E-007
0.626,2.2462525736222E-008,1.1231262868111E-007
0.62617314453125,2.0546893932462E-008,1.0273446966231E-007
0.627,2.9300411003592E-008,1.4650205501796E-007
0.6271734375,3.1137113878218E-008,1.5568556939109E-007
0.628,2.8941682622868E-008,1.4470841311434E-007
0.62817368164062,2.8480204082529E-008,1.4240102041264E-007
0.629,2.8286297216381E-008,1.414314860819E-007
0.62917397460937,2.8241248231067E-008,1.4120624115533E-007
0.63,3.1536884457468E-008,1.5768442228734E-007
0.63017421875,3.2236381388923E-008,1.6118190694461E-007
0.631,3.1311831058327E-008,1.5655915529163E-007
0.63117451171875,3.1116347382733E-008,1.5558173691366E-007
0.632,2.4038592560264E-008,1.2019296280132E-007
0.63217475585937,2.2539744650842E-008,1.1269872325421E-007
0.633,2.8534856871239E-008,1.4267428435619E-007
0.63317504882812,2.9802448829832E-008,1.4901224414916E-007
0.634,2.7175394190056E-008,1.3587697095028E-007
0.63417529296875,2.6621449077081E-008,1.331072453854E-007
0.635,3.4550145685456E-008,1.7275072842728E-007
0.6351755859375,3.6238693618734E-008,1.8119346809367E-007
0.636,2.6130285447898E-008,1.3065142723949E-007
0.63617583007812,2.3973705390122E-008,1.1986852695061E-007
0.637,3.1415543100085E-008,1.5707771550042E-007
0.63717612304687,3.3001300902822E-008,1.6500650451411E-007
0.638,3.4787919260465E-008,1.7393959630233E-007
0.6381763671875,3.5175423575288E-008,1.7587711787644E-007
0.639,3.046249124618E-008,1.523124562309E-007
0.63917666015625,2.9451305230408E-008,1.4725652615204E-007
0.64,2.8520660329385E-008,1.4260330164692E-007
0.64017690429688,2.8320621005122E-008,1.4160310502561E-007
0.641,3.0350705730477E-008,1.5175352865239E-007
0.64117719726562,3.0783148599622E-008,1.5391574299811E-007
0.642,3.3288866992336E-008,1.6644433496168E-007
0.64217744140625,3.3834010565741E-008,1.691700528287E-007
0.643,3.0126095195108E-008,1.5063047597554E-007
0.643177734375,2.9323751883454E-008,1.4661875941727E-007
0.644,2.9322504052617E-008,1.4661252026308E-007
0.64417797851562,2.9322198841131E-008,1.4661099420565E-007
0.645,3.5840542187116E-008,1.7920271093558E-007
0.64517827148438,3.7248515119966E-008,1.8624257559983E-007
0.646,3.0965126790878E-008,1.5482563395439E-007
0.646178515625,2.9605672210679E-008,1.480283610534E-007
0.647,3.0412276812658E-008,1.5206138406329E-007
0.64717880859375,3.0587799768836E-008,1.5293899884418E-007
0.648,2.2438340250051E-008,1.1219170125026E-007
0.64817905273438,2.0661335408373E-008,1.0330667704187E-007
0.649,3.2615914103264E-008,1.6307957051632E-007
0.64917934570312,3.5222115346178E-008,1.7611057673089E-007
0.65,2.6651632685317E-008,1.3325816342658E-007
0.65017958984375,2.4774262107317E-008,1.2387131053658E-007
0.651,2.8229246582325E-008,1.4114623291163E-007
0.6511798828125,2.8985486421662E-008,1.4492743210831E-007
0.652,2.7725340595928E-008,1.3862670297964E-007
0.65218012695312,2.7444713984468E-008,1.3722356992234E-007
0.653,3.2507168423798E-008,1.6253584211899E-007
0.65318041992188,3.3623567073698E-008,1.6811783536849E-007
0.654,2.8191276584383E-008,1.4095638292191E-007
0.6541806640625,2.699574378014E-008,1.349787189007E-007
0.655,2.7713731947885E-008,1.3856865973943E-007
0.65518095703125,2.7872009898805E-008,1.3936004949402E-007
0.656,2.5339905239436E-008,1.2669952619718E-007
0.65618120117188,2.4776746892302E-008,1.2388373446151E-007
0.657,3.2204883766808E-008,1.6102441883404E-007
0.65718149414062,3.3852431502283E-008,1.6926215751142E-007
0.658,3.147858859196E-008,1.573929429598E-007
0.65818173828125,3.0952330340312E-008,1.5476165170156E-007
0.659,2.7444029608753E-008,1.3722014804376E-007
0.65918203125,2.6660670924523E-008,1.3330335462261E-007
0.66,3.1194146793298E-008,1.5597073396649E-007
0.66018227539063,3.2206767061809E-008,1.6103383530904E-007
0.661,2.8196726458952E-008,1.4098363229476E-007
0.66118256835938,2.7302927048844E-008,1.3651463524422E-007
0.662,2.5968204666358E-008,1.2984102333179E-007
0.6621828125,2.5670199319003E-008,1.2835099659501E-007
0.663,2.3439276320405E-008,1.1719638160202E-007
0.66318310546875,2.2934989386548E-008,1.1467494693274E-007
0.664,3.0941430877866E-008,1.5470715438933E-007
0.66418334960937,3.2738204359016E-008,1.6369102179508E-007
0.665,3.3624058048997E-008,1.6812029024498E-007
0.66518364257813,3.3822773853812E-008,1.6911386926906E-007
0.666,3.5361855940864E-008,1.7680927970432E-007
0.66618388671875,3.5702078320675E-008,1.7851039160337E-007
0.667,3.552535877874E-008,1.776267938937E-007
0.6671841796875,3.5491159644104E-008,1.7745579822052E-007
0.668,2.9709256687617E-008,1.4854628343808E-007
0.66818442382812,2.8404974258107E-008,1.4202487129054E-007
0.669,3.1434906146149E-008,1.5717453073074E-007
0.66918471679687,3.2114532420385E-008,1.6057266210193E-007
0.67,2.9328367828116E-008,1.4664183914058E-007
0.6701849609375,2.8702712180721E-008,1.4351356090361E-007
0.671,2.870072902758E-008,1.435036451379E-007
0.67118525390625,2.8700255142605E-008,1.4350127571303E-007
0.672,3.5181672251764E-008,1.7590836125882E-007
0.67218549804688,3.6648237151145E-008,1.8324118575573E-007
0.673,3.4600779788337E-008,1.7300389894169E-007
0.67318579101562,3.4140565285455E-008,1.7070282642727E-007
0.674,3.5435123733867E-008,1.7717561866934E-007
0.67418603515625,3.5730230079132E-008,1.7865115039566E-007
0.675,3.2806098047365E-008,1.6403049023682E-007
0.675186328125,3.2132973628114E-008,1.6066486814057E-007
0.676,2.6887869430319E-008,1.344393471516E-007
0.67618657226562,2.5692946010979E-008,1.284647300549E-007
0.677,3.228921254674E-008,1.614460627337E-007
0.67718686523437,3.3801199341613E-008,1.6900599670807E-007
0.678,3.1969657911125E-008,1.5984828955562E-007
0.678187109375,3.1543990351813E-008,1.5771995175907E-007
0.679,2.6207151289063E-008,1.3103575644532E-007
0.67918740234375,2.4984567747086E-008,1.2492283873543E-007
0.68,3.7360874932624E-008,1.8680437466312E-007
0.68018764648438,4.0212549364966E-008,2.0106274682483E-007
0.681,3.8303969685799E-008,1.9151984842899E-007
0.68118793945312,3.7857213938066E-008,1.8928606969033E-007
0.682,3.187487157967E-008,1.5937435789835E-007
0.68218823242187,3.0497361993486E-008,1.5248680996743E-007
0.683,3.2576610518486E-008,1.6288305259243E-007
0.6831884765625,3.3059733557918E-008,1.6529866778959E-007
0.684,2.8620723212209E-008,1.4310361606104E-007
0.68418876953125,2.7585672144475E-008,1.3792836072238E-007
0.685,3.1804758320173E-008,1.5902379160087E-007
0.68518901367188,3.2790341627872E-008,1.6395170813936E-007
0.686,3.1484517778732E-008,1.5742258889366E-007
0.6861892578125,3.1175238446382E-008,1.5587619223191E-007
0.687,3.188869328077E-008,1.5944346640385E-007
0.68718955078125,3.2060251172657E-008,1.6030125586329E-007
0.688,2.3636852268374E-008,1.1818426134187E-007
0.68818984375,2.1667588947102E-008,1.0833794473551E-007
0.689,2.5135871566948E-008,1.2567935783474E-007
0.68919008789062,2.5943747838265E-008,1.2971873919132E-007
0.69,2.9697196188886E-008,1.4848598094443E-007
0.69019038085938,3.0582024563174E-008,1.5291012281587E-007
0.691,2.9145663745484E-008,1.4572831872742E-007
0.691190625,2.8808153226893E-008,1.4404076613447E-007
0.692,2.7865352782552E-008,1.3932676391276E-007
0.69219091796875,2.7638836163515E-008,1.3819418081758E-007
0.693,2.9741455792187E-008,1.4870727896093E-007
0.69319116210938,3.0241814308637E-008,1.5120907154319E-007
0.694,2.9078717758023E-008,1.4539358879011E-007
0.69419145507812,2.8799133159462E-008,1.4399566579731E-007
0.695,1.8537014468956E-008,9.2685072344778E-008
0.69519169921875,1.6113540124806E-008,8.0567700624032E-008
0.696,2.1067133230287E-008,1.0533566615143E-007
0.6961919921875,2.2241420332988E-008,1.1120710166494E-007
0.697,1.7883986101662E-008,8.9419930508312E-008
0.69719223632812,1.6846537726037E-008,8.4232688630183E-008
0.698,2.2681096241936E-008,1.1340548120968E-007
0.69819252929688,2.4071823661263E-008,1.2035911830632E-007
0.699,2.618154249798E-008,1.309077124899E-007
0.6991927734375,2.6684206253702E-008,1.3342103126851E-007
0.7,3.1362861801849E-008,1.5681430900925E-007
0.70019306640625,3.2467459484085E-008,1.6233729742043E-007
0.701,2.7034114027557E-008,1.3517057013779E-007
0.70119331054688,2.5741869939114E-008,1.2870934969557E-007
0.702,2.4324870005012E-008,1.2162435002506E-007
0.70219360351562,2.3981793895361E-008,1.1990896947681E-007
0.703,2.5963219739914E-008,1.2981609869957E-007
0.70319384765625,2.6440283487507E-008,1.3220141743753E-007
0.704,2.4503399401224E-008,1.2251699700612E-007
0.704194140625,2.4038513533031E-008,1.2019256766516E-007
0.705,2.3380021405708E-008,1.1690010702854E-007
0.70519438476563,2.3217755143872E-008,1.1608877571936E-007
0.706,3.1523162329182E-008,1.5761581164591E-007
0.70619467773438,3.3527222088876E-008,1.6763611044438E-007
0.707,4.3045645567857E-008,2.1522822783929E-007
0.707194921875,4.5333906407855E-008,2.2666953203928E-007
0.708,3.8927423016395E-008,1.9463711508198E-007
0.70819521484375,3.7386920977246E-008,1.8693460488623E-007
0.709,3.9846386761031E-008,1.9923193380516E-007
0.70919545898437,4.0434757114102E-008,2.0217378557051E-007
0.71,4.2905378329718E-008,2.1452689164859E-007
0.71019575195313,4.3511293347688E-008,2.1755646673844E-007
0.711,5.6894306219561E-008,2.8447153109781E-007
0.71119599609375,6.0144570672889E-008,3.0072285336444E-007
0.712,5.6763565215635E-008,2.8381782607818E-007
0.7121962890625,5.5931267157171E-008,2.7965633578586E-007
0.713,6.631273226629E-008,3.3156366133145E-007
0.71319653320312,6.885215402205E-008,3.4426077011025E-007
0.714,7.4384450733021E-008,3.719222536651E-007
0.71419682617187,7.5721961748964E-008,3.7860980874482E-007
0.715,7.9687907548064E-008,3.9843953774032E-007
0.7151970703125,8.0670627974737E-008,4.0335313987369E-007
0.716,7.917268274867E-008,3.9586341374335E-007
0.71619736328125,7.8792078419941E-008,3.9396039209971E-007
0.717,8.3142301701579E-008,4.157115085079E-007
0.71719760742187,8.4223093114415E-008,4.2111546557207E-007
0.718,8.4182680417276E-008,4.2091340208638E-007
0.71819790039062,8.4172634080743E-008,4.2086317040372E-007
0.719,9.2507247631122E-008,4.6253623815561E-007
0.71919819335937,9.4543074647242E-008,4.7271537323621E-007
0.72,9.2057413598932E-008,4.6028706799466E-007
0.7201984375,9.1460662076211E-008,4.5730331038105E-007
0.721,9.193307960526E-008,4.596653980263E-007
0.72119873046875,9.2033676740004E-008,4.6016838370002E-007
0.722,8.7198610617624E-008,4.3599305308812E-007
0.72219897460937,8.6017982199366E-008,4.3008991099683E-007
0.723,8.1554511004117E-008,4.0777255502058E-007
0.72319926757812,8.0427458014708E-008,4.0213729007354E-007
0.724,8.083151603523E-008,4.0415758017615E-007
0.72419951171875,8.0945719180737E-008,4.0472859590369E-007
0.725,6.8800693040233E-008,3.4400346520117E-007
0.7251998046875,6.5769256021441E-008,3.2884628010721E-007
0.726,7.7320796730147E-008,3.8660398365073E-007
0.72620004882812,8.0208997371434E-008,4.0104498685717E-007
0.727,7.8556563893538E-008,3.9278281946769E-007
0.72720034179687,7.8144232710389E-008,3.9072116355195E-007
0.728,8.7370132890323E-008,4.3685066445161E-007
0.7282005859375,8.9659446985237E-008,4.4829723492619E-007
0.729,9.1749449478198E-008,4.5874724739099E-007
0.72920087890625,9.2288222749121E-008,4.6144111374561E-007
0.73,1.0767416691438E-007,5.3837083457189E-007
0.73020112304688,1.1151170847222E-007,5.5755854236109E-007
0.731,1.3189705267869E-007,6.5948526339346E-007
0.73120141601562,1.3703646013226E-007,6.8518230066129E-007
0.732,1.6075660803269E-007,8.0378304016347E-007
0.73220166015625,1.6669356361804E-007,8.3346781809019E-007
0.733,1.8527567958539E-007,9.2637839792693E-007
0.733201953125,1.8998747266247E-007,9.4993736331235E-007
0.734,1.989550628013E-007,9.9477531400648E-007
0.73420219726562,2.0118224339059E-007,1.0059112169529E-006
0.735,2.1280579124099E-007,1.0640289562049E-006
0.73520249023438,2.1577989401062E-007,1.0788994700531E-006
0.736,2.0395005517326E-007,1.0197502758663E-006
0.736202734375,2.0091821725712E-007,1.0045910862856E-006
0.737,1.979796782494E-007,9.8989839124699E-007
0.73720302734375,1.9726974853832E-007,9.8634874269159E-007
0.738,1.763007774987E-007,8.8150388749349E-007
0.73820327148438,1.7094238746235E-007,8.5471193731174E-007
0.739,1.5811715786952E-007,7.9058578934762E-007
0.73920356445312,1.5488337378718E-007,7.7441686893588E-007
0.74,1.3540556081798E-007,6.770278040899E-007
0.74020380859375,1.3041684648749E-007,6.5208423243743E-007
0.741,1.2518603194479E-007,6.2593015972397E-007
0.7412041015625,1.2387357305083E-007,6.1936786525415E-007
0.742,1.2011357861995E-007,6.0056789309976E-007
0.74220434570312,1.1913024587752E-007,5.9565122938762E-007
0.743,1.101805640193E-007,5.509028200965E-007
0.74320463867188,1.0792048145909E-007,5.3960240729544E-007
0.744,1.160832941271E-007,5.8041647063548E-007
0.74420493164062,1.18157884784E-007,5.9078942391998E-007
0.745,1.1873843333176E-007,5.9369216665882E-007
0.74520517578125,1.1890896935415E-007,5.9454484677073E-007
0.746,1.2357094763427E-007,6.1785473817137E-007
0.74620546875,1.2474908560709E-007,6.2374542803546E-007
0.747,1.3857344921563E-007,6.9286724607815E-007
0.74720571289062,1.4216300943302E-007,7.1081504716508E-007
0.748,1.5351371524976E-007,7.6756857624881E-007
0.74820600585938,1.5641914211433E-007,7.8209571057164E-007
0.749,1.6581620449938E-007,8.2908102249688E-007
0.74920625,1.6827786286285E-007,8.4138931431427E-007
0.75,1.8101667278615E-007,9.0508336393073E-007
0.75020654296875,1.8427368493475E-007,9.2136842467373E-007
0.751,1.8317732019779E-007,9.1588660098894E-007
0.75120678710938,1.8292656276129E-007,9.1463281380647E-007
0.752,1.9783457771756E-007,9.8917288858778E-007
0.75220708007812,2.0167519773776E-007,1.0083759886888E-006
0.753,2.0617570625193E-007,1.0308785312596E-006
0.75320732421875,2.0738488025455E-007,1.0369244012727E-006
0.754,2.0695534256316E-007,1.0347767128158E-006
0.7542076171875,2.0680477253784E-007,1.0340238626892E-006
0.755,2.235464006221E-007,1.1177320031105E-006
0.75520786132813,2.27959522166E-007,1.13979761083E-006
0.756,2.3790045129696E-007,1.1895022564848E-006
0.75620815429688,2.4045787282657E-007,1.2022893641328E-006
0.757,2.3686124669783E-007,1.1843062334892E-006
0.7572083984375,2.3596217602309E-007,1.1798108801155E-006
0.758,2.334764326139E-007,1.1673821630695E-006
0.75820869140625,2.3277975918769E-007,1.1638987959385E-006
0.759,2.2312805312341E-007,1.1156402656171E-006
0.759208984375,2.2063120022125E-007,1.1031560011062E-006
0.76,1.9662429599975E-007,9.8312147999873E-007
0.76020922851563,1.9026206694159E-007,9.5131033470794E-007
0.761,1.6541462844931E-007,8.2707314224656E-007
0.76120952148438,1.5886101720977E-007,7.9430508604883E-007
0.762,1.5983430106153E-007,7.9917150530763E-007
0.762209765625,1.6012087008714E-007,8.0060435043568E-007
0.763,1.3955341788339E-007,6.9776708941695E-007
0.76321005859375,1.3404987866853E-007,6.7024939334267E-007
0.764,1.3395072141467E-007,6.6975360707337E-007
0.76421030273437,1.3394900354532E-007,6.6974501772661E-007
0.765,1.3578434057663E-007,6.7892170288316E-007
0.76521059570313,1.3624533206925E-007,6.8122666034624E-007
0.766,1.4644294814189E-007,7.3221474070947E-007
0.76621083984375,1.4917833616693E-007,7.4589168083465E-007
0.767,1.9264681450586E-007,9.6323407252931E-007
0.7672111328125,2.041802543018E-007,1.020901271509E-006
0.768,2.3730308856605E-007,1.1865154428303E-006
0.76821137695312,2.4617242396016E-007,1.2308621198008E-006
0.769,2.8039983372957E-007,1.4019991686478E-006
0.76921166992187,2.8948564621056E-007,1.4474282310528E-006
0.77,2.9740744673513E-007,1.4870372336756E-006
0.7702119140625,2.9952316834919E-007,1.497615841746E-006
0.771,3.221756886495E-007,1.6108784432475E-006
0.77121220703125,3.2830077538467E-007,1.6415038769234E-006
0.772,3.3373591633412E-007,1.6686795816706E-006
0.77221245117187,3.351293589963E-007,1.6756467949815E-006
0.773,3.9168103825755E-007,1.9584051912878E-006
0.77321274414063,4.0694423445549E-007,2.0347211722774E-006
0.774,4.5757493689939E-007,2.287874684497E-006
0.77421298828125,4.7111318468233E-007,2.3555659234117E-006
0.775,5.1770036529573E-007,2.5885018264787E-006
0.77521328125,5.3035073750194E-007,2.6517536875097E-006
0.776,5.2243810764947E-007,2.6121905382474E-006
0.77621352539062,5.2019947160761E-007,2.600997358038E-006
0.777,4.7441059983608E-007,2.3720529991804E-006
0.77721381835937,4.6203293575542E-007,2.3101646787771E-006
0.778,3.6876660997411E-007,1.8438330498706E-006
0.7782140625,3.4358594467503E-007,1.7179297233752E-006
0.779,2.5098995788708E-007,1.2549497894354E-006
0.77921435546875,2.2581734190019E-007,1.1290867095009E-006
0.78,1.5543890066956E-007,7.7719450334782E-007
0.78021459960938,1.3635416472617E-007,6.8177082363085E-007
0.781,9.2175108878252E-008,4.6087554439126E-007
0.78121489257813,8.0132154733495E-008,4.0066077366747E-007
0.782,6.2572539159602E-008,3.1286269579801E-007
0.78221513671875,5.7800281043693E-008,2.8900140521846E-007
0.783,4.0342178351519E-008,2.0171089175759E-007
0.7832154296875,3.5574628355084E-008,1.7787314177542E-007
0.784,3.4495187134798E-008,1.7247593567399E-007
0.78421572265625,3.419974410478E-008,1.709987205239E-007
0.785,3.3394426135097E-008,1.6697213067549E-007
0.78521596679688,3.3180126481024E-008,1.6590063240512E-007
0.786,2.6675058428913E-008,1.3337529214456E-007
0.78621625976563,2.4883231052499E-008,1.2441615526249E-007
0.787,2.9758703139573E-008,1.4879351569786E-007
0.78721650390625,3.1104721764892E-008,1.5552360882446E-007
0.788,2.7386481228242E-008,1.3693240614121E-007
0.788216796875,2.6356645473739E-008,1.3178322736869E-007
0.789,2.3081855766713E-008,1.1540927883357E-007
0.78921704101563,2.217884303756E-008,1.108942151878E-007
0.79,2.1457331147442E-008,1.0728665573721E-007
0.79021733398437,2.126217069547E-008,1.0631085347735E-007
0.791,2.3502693936626E-008,1.1751346968313E-007
0.791217578125,2.4118132846665E-008,1.2059066423332E-007
0.792,3.108033734705E-008,1.5540168673525E-007
0.79221787109375,3.30155629245E-008,1.650778146225E-007
0.793,2.1449756012097E-008,1.0724878006049E-007
0.79321811523438,1.8234199863153E-008,9.1170999315764E-008
0.794,2.8134790180454E-008,1.4067395090227E-007
0.79421840820313,3.0886210408526E-008,1.5443105204263E-007
0.795,2.809776018748E-008,1.404888009374E-007
0.79521865234375,2.7327009266776E-008,1.3663504633388E-007
0.796,3.0223394942063E-008,1.5111697471031E-007
0.7962189453125,3.1025336119697E-008,1.5512668059849E-007
0.797,2.738290297853E-008,1.3691451489265E-007
0.79721918945313,2.636591245128E-008,1.318295622564E-007
0.798,2.402342708102E-008,1.201171354051E-007
0.79821948242188,2.3373328134302E-008,1.1686664067151E-007
0.799,1.7596266887005E-008,8.7981334435024E-008
0.79921977539063,1.5973647570636E-008,7.9868237853182E-008
0.8,2.3971751648464E-008,1.1985875824232E-007
0.80022001953125,2.6216059083909E-008,1.3108029541955E-007
0.801,2.5110661088992E-008,1.2555330544496E-007
0.8012203125,2.4795555506623E-008,1.2397777753311E-007
0.802,2.6582246374146E-008,1.3291123187073E-007
0.80222055664062,2.7085024096787E-008,1.3542512048394E-007
0.803,2.5033539354306E-008,1.2516769677153E-007
0.80322084960938,2.4461088420847E-008,1.2230544210423E-007
0.804,2.6434086437456E-008,1.3217043218728E-007
0.80422109375,2.6985886727905E-008,1.3492943363952E-007
0.805,2.727599709045E-008,1.3637998545225E-007
0.80522138671875,2.7357865350012E-008,1.3678932675006E-007
0.806,3.2441969623776E-008,1.6220984811888E-007
0.80622163085938,3.3887795177514E-008,1.6943897588757E-007
0.807,2.8697394911489E-008,1.4348697455744E-007
0.80722192382812,2.7218801607694E-008,1.3609400803847E-007
0.808,1.6074343906561E-008,8.0371719532803E-008
0.80822216796875,1.2909918667463E-008,6.4549593337315E-008
0.809,2.0674416629324E-008,1.0337208314662E-007
0.8092224609375,2.2887149575329E-008,1.1443574787665E-007
0.81,2.2291397123903E-008,1.1145698561951E-007
0.81022275390625,2.2116920216502E-008,1.1058460108251E-007
0.811,2.1619963087652E-008,1.0809981543826E-007
0.81122299804688,2.1478054058696E-008,1.0739027029348E-007
0.812,1.5251849590701E-008,7.6259247953504E-008
0.81222329101562,1.3475416854812E-008,6.7377084274058E-008
0.813,1.5539620231491E-008,7.7698101157457E-008
0.81322353515625,1.612747336913E-008,8.0637366845651E-008
0.814,1.1670935297421E-008,5.8354676487105E-008
0.814223828125,1.039353086607E-008,5.1967654330352E-008
0.815,1.8154386456537E-008,9.0771932282684E-008
0.81522407226562,2.0386112693409E-008,1.0193056346705E-007
0.816,1.3337269506773E-008,6.6686347533865E-008
0.81622436523438,1.1306505240571E-008,5.6532526202856E-008
0.817,1.0283666932475E-008,5.1418334662376E-008
0.817224609375,9.9891149557569E-009,4.9945574778785E-008
0.818,2.0136130802362E-008,1.0068065401181E-007
0.81822490234375,2.306688059151E-008,1.1533440295755E-007
0.819,1.9807316331756E-008,9.9036581658779E-008
0.8192251953125,1.8860916306476E-008,9.4304581532378E-008
0.82,2.1848704572959E-008,1.092435228648E-007
0.820225390625,2.2713357753153E-008,1.1356678876576E-007
0.821,2.2678077551771E-008,1.1339038775885E-007
0.82122568359375,2.2672445947986E-008,1.1336222973993E-007
0.822,2.6203764357519E-008,1.3101882178759E-007
0.8222259765625,2.722356745511E-008,1.3611783727555E-007
0.823,3.0512400358862E-008,1.5256200179431E-007
0.82322626953125,3.1472268040744E-008,1.5736134020372E-007
0.824,2.8836588917317E-008,1.4418294458659E-007
0.82422646484375,2.8074879559858E-008,1.4037439779929E-007
0.825,1.4286686918091E-008,7.1433434590454E-008
0.8252267578125,1.0259915384869E-008,5.1299576924346E-008
0.826,1.795001266491E-008,8.975006332455E-008
0.82622705078125,2.0196140624043E-008,1.0098070312022E-007
0.827,1.1648641365697E-008,5.8243206828485E-008
0.82722734375,9.1497146174868E-009,4.5748573087434E-008
0.828,1.6737481533357E-008,8.3687407666787E-008
0.82822763671875,1.8959113901444E-008,9.4795569507218E-008
0.829,1.6968051489522E-008,8.4840257447609E-008
0.82922783203125,1.6383740352806E-008,8.1918701764028E-008
0.83,1.7374082847009E-008,8.6870414235045E-008
0.830228125,1.7665003975914E-008,8.832501987957E-008
0.831,1.3640981150864E-008,6.820490575432E-008
0.83122841796875,1.2459112380484E-008,6.229556190242E-008
0.832,1.3968628182292E-008,6.9843140911462E-008
0.8322287109375,1.4410942891665E-008,7.2054714458325E-008
0.833,2.617879949848E-008,1.308939974924E-007
0.83322890625,2.9652258245638E-008,1.4826129122819E-007
0.834,2.149654281422E-008,1.074827140711E-007
0.83422919921875,1.9089450210738E-008,9.5447251053692E-008
0.835,1.8319627407781E-008,9.1598137038904E-008
0.8352294921875,1.8087515542555E-008,9.0437577712776E-008
0.836,1.3202423865382E-008,6.601211932691E-008
0.83622978515625,1.1753471454039E-008,5.8767357270194E-008
0.837,2.3138920455456E-008,1.1569460227728E-007
0.83722998046875,2.6519637396357E-008,1.3259818698178E-007
0.838,2.2467465935028E-008,1.1233732967514E-007
0.8382302734375,2.1266809534015E-008,1.0633404767008E-007
0.839,1.4672110577937E-008,7.3360552889684E-008
0.83923056640625,1.2703055416935E-008,6.3515277084677E-008
0.84,1.5469487163087E-008,7.7347435815434E-008
0.840230859375,1.6297475482707E-008,8.1487377413536E-008
0.841,1.295224866307E-008,6.4761243315352E-008
0.8412310546875,1.195474868487E-008,5.9773743424348E-008
0.842,1.3691591707101E-008,6.8457958535503E-008
0.84223134765625,1.4208921018226E-008,7.104460509113E-008
0.843,2.0120996320567E-008,1.0060498160283E-007
0.843231640625,2.1898391396537E-008,1.0949195698268E-007
0.844,1.5621514119597E-008,7.8107570597983E-008
0.84423193359375,1.3734420501552E-008,6.8672102507758E-008
0.845,2.0912975805779E-008,1.045648790289E-007
0.8452322265625,2.3079472892185E-008,1.1539736446092E-007
0.846,1.5879218551118E-008,7.9396092755592E-008
0.846232421875,1.3703423645032E-008,6.8517118225161E-008
0.847,1.0679402791521E-008,5.3397013957605E-008
0.84723271484375,9.7663283332589E-009,4.8831641666295E-008
0.848,1.9748814135277E-008,9.8744070676384E-008
0.8482330078125,2.2767598539543E-008,1.1383799269772E-007
0.849,1.5277923504568E-008,7.638961752284E-008
0.84923330078125,1.3012127353572E-008,6.5060636767859E-008
0.85,1.826167536507E-006,9.1308376825352E-006
0.85023349609375,2.3753541199497E-006,1.1876770599749E-005
0.851,2.0675295106926E-006,1.0337647553463E-005
0.8512337890625,1.9741453833818E-006,9.8707269169092E-006
0.852,3.847344364211E-006,1.9236721821055E-005
0.85223408203125,4.4164652446428E-006,2.2082326223214E-005
0.853,4.0206523043718E-006,2.0103261521859E-005
0.853234375,3.9010266293445E-006,1.9505133146722E-005
0.854,3.664290662058E-006,1.832145331029E-005
0.85423466796875,3.5912436121999E-006,1.7956218060999E-005
0.855,4.3863496561053E-006,2.1931748280527E-005
0.85523486328125,4.6289479577133E-006,2.3144739788566E-005
0.856,5.7038644080805E-006,2.8519322040403E-005
0.85623515625,6.0323107907296E-006,3.0161553953648E-005
0.857,6.6121346422714E-006,3.3060673211357E-005
0.85723544921875,6.7910641437455E-006,3.3955320718728E-005
0.858,7.487506384775E-006,3.7437531923875E-005
0.8582357421875,7.6994406892296E-006,3.8497203446148E-005
0.859,8.2058087853029E-006,4.1029043926514E-005
0.8592359375,8.3611449803406E-006,4.1805724901703E-005
0.86,9.8090761669756E-006,4.9045380834878E-005
0.86023623046875,1.0254039242623E-005,5.1270196213113E-005
0.861,8.308023411472E-005,0.0004154011705736
0.862,0.00017760387218794,0.0008880193609397
0.863,0.00027091452136331,0.0013545726068165
0.864,0.0003638192270785,0.0018190961353925
0.865,0.00045594833571814,0.0022797416785907
0.866,0.00054728944744087,0.0027364472372044
0.867,0.00063844021931163,0.0031922010965581
0.868,0.0007282597005071,0.0036412985025355
0.869,0.00081725708432074,0.0040862854216037
0.87,0.00090542077663527,0.0045271038831763
0.871,0.0009927376997906,0.004963688498953
0.872,0.0010802307414189,0.0054011537070946
0.873,0.0011659063830653,0.0058295319153264
0.874,0.001250700896755,0.0062535044837751
0.875,0.0013346028920335,0.0066730144601677
0.876,0.0014176001532938,0.0070880007664691
0.877,0.001501117723191,0.0075055886159548
0.878,0.0015823496059429,0.0079117480297146
0.879,0.0016626403168012,0.0083132015840058
0.88,0.0017419778871532,0.008709889435766
0.881,0.0018179819245535,0.0090899096227676
0.88184208984375,0.0018825991844517,0.0094129959222584
0.882,0.0022444908519732,0.011222454259866
0.8820421875,0.002340971517429,0.011704857587145
0.8822421875,0.0041026542175494,0.020513271087747
0.88244228515625,0.0047296350113274,0.023648175056637
0.88264228515625,0.0043663861076737,0.021831930538369
0.8828423828125,0.0055574123185904,0.027787061592952
0.883,0.006805347922396,0.03402673961198
0.8830423828125,0.0071409662982435,0.035704831491218
0.88324248046875,0.010158592805939,0.050792964029696
0.88344248046875,0.010369766058072,0.051848830290362
0.883642578125,0.015158725429303,0.075793627146515
0.88384267578125,0.018949894191265,0.094749470956323
0.884,0.023164421200348,0.11582210600174
0.88404267578125,0.024306500933886,0.12153250466943
0.8842427734375,0.031106581421851,0.15553290710926
0.8844427734375,0.038129179423005,0.19064589711503
0.88464287109375,0.046520731093323,0.23260365546661
0.88484287109375,0.054373653914263,0.27186826957132
0.885,0.060989208108751,0.30494604054375
0.88504296875,0.062796444372706,0.31398222186353
0.88524296875,0.069262370674842,0.34631185337421
0.88544306640625,0.077195311826963,0.38597655913481
0.88564306640625,0.080740351798258,0.40370175899129
0.8858431640625,0.085706125241865,0.42853062620932
0.886,0.087990097026086,0.43995048513043
0.88604326171875,0.088619419292041,0.4430970964602
0.88624326171875,0.090493400492196,0.45246700246098
0.886443359375,0.091359747516863,0.45679873758431
0.886643359375,0.091460737342966,0.45730368671483
0.88684345703125,0.093172931420215,0.46586465710108
0.887,0.092121633327006,0.46060816663503
0.88704345703125,0.091833904113699,0.45916952056849
0.8872435546875,0.092864948598513,0.46432474299257
0.8874435546875,0.093021743988413,0.46510871994207
0.88764365234375,0.09294806863157,0.46474034315785
0.88784375,0.09362194732379,0.46810973661895
0.888,0.093233567078699,0.4661678353935
0.88804375,0.093120940805915,0.46560470402957
0.88824384765625,0.093107881649646,0.46553940824823
0.88844384765625,0.094154749951548,0.47077374975774
0.8886439453125,0.094021017942055,0.47010508971028
0.8888439453125,0.094506382845517,0.47253191422758
0.889,0.093447571970408,0.46723785985204
0.88904404296875,0.093149022392193,0.46574511196097
0.88924404296875,0.094188632099275,0.47094316049637
0.889444140625,0.093692608871865,0.46846304435932
0.88964423828125,0.093662802864915,0.46831401432458
0.88984423828125,0.093967993302738,0.46983996651369
0.89,0.094118622801903,0.47059311400951
0.8900443359375,0.094161404236934,0.47080702118467
0.8902443359375,0.093457243300937,0.46728621650468
0.89044443359375,0.093092339649306,0.46546169824653
0.89064443359375,0.0937000531149,0.4685002655745
0.89084453125,0.093807719398495,0.46903859699247
0.891,0.09402963672384,0.4701481836192
0.89104453125,0.094093080741882,0.47046540370941
0.89124462890625,0.093184165976626,0.46592082988313
0.8914447265625,0.09280123723459,0.46400618617295
0.8916447265625,0.092689358396876,0.46344679198438
0.89184482421875,0.093231021849571,0.46615510924785
0.892,0.091836537233815,0.45918268616908
0.89204482421875,0.091434132285887,0.45717066142944
0.892244921875,0.092429525560967,0.46214762780484
0.892444921875,0.090162916956083,0.45081458478042
0.89264501953125,0.088569028888426,0.44284514444213
0.89284501953125,0.08527434476049,0.42637172380245
0.893,0.081973974998003,0.40986987499002
0.8930451171875,0.081014244058562,0.40507122029281
0.89324521484375,0.076415443579928,0.38207721789964
0.89344521484375,0.070330801716194,0.35165400858097
0.8936453125,0.063019851630898,0.31509925815449
0.8938453125,0.05509122115716,0.2754561057858
0.894,0.048934060218652,0.24467030109326
0.89404541015625,0.047130718431679,0.23565359215839
0.89424541015625,0.039794792917761,0.19897396458881
0.8944455078125,0.031618455809766,0.15809227904883
0.8946455078125,0.026399457516778,0.13199728758389
0.89484560546875,0.019801687304129,0.099008436520644
0.895,0.017303401121945,0.086517005609725
0.895045703125,0.016563857761686,0.082819288808429
0.895245703125,0.01153181975717,0.057659098785849
0.89544580078125,0.010314533879145,0.051572669395725
0.89564580078125,0.0080573794204277,0.040286897102139
0.8958458984375,0.0060704787645353,0.030352393822677
0.896,0.0056616217564902,0.028308108782451
0.8960458984375,0.0055399897337651,0.027699948668826
0.89624599609375,0.0045212393343212,0.022606196671606
0.89644599609375,0.0037253516485504,0.018626758242752
0.89664609375,0.004087736582443,0.020438682912215
0.89684609375,0.0021825066000052,0.010912533000026
0.897,0.0020802217097686,0.010401108548843
0.89704619140625,0.0020495603074991,0.010247801537496
0.8972462890625,0.0017930339769515,0.0089651698847573
0.8974462890625,0.0016749215276669,0.0083746076383345
0.89764638671875,0.0016862946391681,0.0084314731958403
0.89784638671875,0.0014771812568917,0.0073859062844587
0.898,0.0012329891656803,0.0061649458284016
0.898046484375,0.0011591862657768,0.005795931328884
0.898246484375,0.0015271574521589,0.0076357872607943
0.89844658203125,0.0017291340155506,0.0086456700777529
0.89864658203125,0.0014176663161118,0.0070883315805588
0.8988466796875,0.000605518404767,0.003027592023835
0.899,0.0010835360729388,0.0054176803646941
0.89904677734375,0.0012291938496044,0.0061459692480221
0.9,0.0011581193107924,0.0057905965539618
0.901,0.0010829660180545,0.0054148300902727
0.902,0.0010098043800272,0.005049021900136
0.903,0.00093658752626225,0.0046829376313112
0.904,0.00086492015846195,0.0043246007923098
0.905,0.00079417694618856,0.0039708847309428
0.906,0.00072436099375526,0.0036218049687763
0.907,0.00065547979757069,0.0032773989878535
0.908,0.00058753952483893,0.0029376976241947
0.909,0.00052105766226567,0.0026052883113283
0.91,0.00045495225308694,0.0022747612654347
0.911,0.00038980643585902,0.0019490321792951
0.912,0.00032562911208946,0.0016281455604473
0.913,0.00026242592402335,0.0013121296201168
0.914,0.00020020494511434,0.0010010247255717
0.915,0.0001389736411694,0.00069486820584698
0.916,7.8739620227654E-005,0.00039369810113827
0.917,1.9510917662257E-005,9.7554588311284E-005
0.91725166015625,4.7647104431208E-006,2.3823552215604E-005
0.918,3.4642235246074E-006,1.7321117623037E-005
0.918251953125,3.030863859575E-006,1.5154319297875E-005
0.919,2.369691072946E-006,1.184845536473E-005
0.91925224609375,2.1479003300091E-006,1.0739501650045E-005
0.92,1.7249516761683E-006,8.6247583808413E-006
0.92025244140625,1.5831428511749E-006,7.9157142558744E-006
0.921,1.4116904632809E-006,7.0584523164045E-006
0.921252734375,1.354251301522E-006,6.7712565076101E-006
0.922,1.1654855598382E-006,5.827427799191E-006
0.92225302734375,1.1021666146614E-006,5.510833073307E-006
0.923,8.9829849234572E-007,4.4914924617286E-006
0.9232533203125,8.2991760648705E-007,4.1495880324352E-006
0.924,7.0597194905296E-007,3.5298597452648E-006
0.924253515625,6.6427790714457E-007,3.3213895357228E-006
0.925,5.3769118238347E-007,2.6884559119174E-006
0.92525380859375,4.9505967444884E-007,2.4752983722442E-006
0.926,4.1359066276713E-007,2.0679533138356E-006
0.9262541015625,3.8611295946916E-007,1.9305647973458E-006
0.927,4.3435995752377E-007,2.1717997876189E-006
0.92725439453125,4.5063311167841E-007,2.253165558392E-006
0.928,1.3743086323961E-007,6.8715431619806E-007
0.9282546875,3.1547904322955E-008,1.5773952161477E-007
0.929,6.222890971689E-008,3.1114454858445E-007
0.9292548828125,7.260879835113E-008,3.6304399175565E-007
0.93,1.4924454481377E-007,7.4622272406883E-007
0.93025517578125,1.7524871224863E-007,8.7624356124316E-007
0.931,1.6170251685258E-007,8.0851258426289E-007
0.93125546875,1.5705625004734E-007,7.8528125023671E-007
0.932,9.3031278527201E-008,4.6515639263601E-007
0.93225576171875,7.1276411847237E-008,3.5638205923619E-007
0.933,2.1016421710125E-007,1.0508210855062E-006
0.93325595703125,2.5738604653669E-007,1.2869302326835E-006
0.934,1.4579922158757E-007,7.2899610793783E-007
0.93425625,1.0780088811349E-007,5.3900444056747E-007
0.935,1.5562624188341E-007,7.7813120941707E-007
0.93525654296875,1.7192459720885E-007,8.5962298604423E-007
0.936,4.3761634898906E-008,2.1880817449453E-007
0.9362568359375,7.111948777091E-012,3.5559743885455E-011
0.937,2.6715579651019E-008,1.335778982551E-007
0.93725703125,3.584076433372E-008,1.792038216686E-007
0.938,5.3966289743056E-008,2.6983144871528E-007
0.93825732421875,6.0164649355524E-008,3.0082324677762E-007
0.939,1.0367988147586E-007,5.1839940737932E-007
0.9392576171875,1.1858128560706E-007,5.9290642803528E-007
0.94,7.2374999430787E-008,3.6187499715394E-007
0.94025791015625,5.6507118125279E-008,2.825355906264E-007
0.941,1.0232073695177E-007,5.1160368475884E-007
0.941258203125,1.1803298921846E-007,5.9016494609231E-007
0.942,3.0177659371239E-008,1.5088829685619E-007
0.9422583984375,6.5763356895946E-012,3.2881678447973E-011
0.943,1.2706130667227E-008,6.3530653336133E-008
0.94325869140625,1.7074254683679E-008,8.5371273418393E-008
0.944,1.8854618876567E-008,9.4273094382836E-008
0.944258984375,1.9466733441977E-008,9.7333667209884E-008
0.945,7.893873871228E-009,3.946936935614E-008
0.94525927734375,3.9020767127141E-009,1.951038356357E-008
0.946,4.4572150464635E-008,2.2286075232317E-007
0.94625947265625,5.860791699162E-008,2.930395849581E-007
0.947,1.0535116946677E-007,5.2675584733387E-007
0.947259765625,1.2149688388956E-007,6.0748441944781E-007
0.948,5.608674293653E-008,2.8043371468265E-007
0.94826005859375,3.3451732143802E-008,1.6725866071901E-007
0.949,1.4614978878122E-008,7.3074894390609E-008
0.9492603515625,8.0887551363071E-009,4.0443775681535E-008
0.95,3.2752411000296E-008,1.6376205500148E-007
0.95026064453125,4.1371211818317E-008,2.0685605909159E-007
0.951,3.8523562167982E-008,1.9261781083991E-007
0.95126083984375,3.7527546834772E-008,1.8763773417386E-007
0.952,1.6599603397239E-008,8.2998016986193E-008
0.9522611328125,9.2794014724405E-009,4.6397007362203E-008
0.953,5.6890405817244E-008,2.8445202908622E-007
0.95326142578125,7.3563370974356E-008,3.6781685487178E-007
0.954,4.2320039705265E-008,2.1160019852632E-007
0.95426171875,3.136123162791E-008,1.5680615813955E-007
0.955,2.5326767110639E-008,1.266338355532E-007
0.9552619140625,2.3207426442935E-008,1.1603713221467E-007
0.956,3.0980819178102E-008,1.5490409589051E-007
0.95626220703125,3.3711846432693E-008,1.6855923216347E-007
0.957,8.7804360969625E-009,4.3902180484812E-008
0.9572625,5.4365114790065E-012,2.7182557395033E-011
0.958,1.6916186991517E-008,8.4580934957584E-008
0.95826279296875,2.2875247763815E-008,1.1437623881907E-007
0.959,2.6862334912897E-008,1.3431167456448E-007
0.9592630859375,2.8268230369066E-008,1.4134115184533E-007
0.96,2.2966871600211E-008,1.1483435800106E-007
0.96026328125,2.1097006873473E-008,1.0548503436737E-007
0.961,1.3227730952245E-008,6.6138654761223E-008
0.96126357421875,1.0436667117513E-008,5.2183335587565E-008
0.962,2.8758603960608E-008,1.4379301980304E-007
0.9622638671875,3.5245735921818E-008,1.7622867960909E-007
0.963,9.2275449989885E-009,4.6137724994942E-008
0.96326416015625,5.0681569033817E-012,2.5340784516909E-011
0.964,3.2331720507053E-008,1.6165860253526E-007
0.96426435546875,4.3798468519795E-008,2.1899234259898E-007
0.965,1.1483152368008E-008,5.7415761840041E-008
0.9652646484375,4.9411555154789E-012,2.4705777577395E-011
0.966,5.9247538852114E-008,2.9623769426057E-007
0.96626494140625,8.0313045390688E-008,4.0156522695344E-007
0.967,4.9537853150842E-008,2.4768926575421E-007
0.967265234375,3.8576472114923E-008,1.9288236057462E-007
0.968,3.4246702265633E-008,1.7123351132817E-007
0.96826552734375,3.2701022706651E-008,1.6350511353326E-007
0.969,4.2954631409492E-008,2.1477315704746E-007
0.96926572265625,4.6611245595749E-008,2.3305622797875E-007
0.97,2.8109327377637E-008,1.4054663688818E-007
0.970266015625,2.1497625047687E-008,1.0748812523843E-007
0.971,5.6674529811622E-009,2.8337264905811E-008
0.97126630859375,4.5539288929411E-012,2.2769644464705E-011
0.972,1.5960894864929E-009,7.9804474324647E-009
0.9722666015625,2.1659920948657E-009,1.0829960474328E-008
0.973,2.0736704083753E-008,1.0368352041876E-007
0.973266796875,2.7392134418718E-008,1.3696067209359E-007
0.974,2.1613919700078E-008,1.0806959850039E-007
0.97426708984375,1.9538923124286E-008,9.7694615621429E-008
0.975,3.0922833197021E-008,1.546141659851E-007
0.9752673828125,3.5010617489682E-008,1.7505308744841E-007
0.976,9.2656331182972E-009,4.6328165591486E-008
0.97626767578125,4.2241743738525E-012,2.1120871869263E-011
0.977,4.1753642013543E-012,2.0876821006771E-011
0.97726796875,4.1574627275024E-012,2.0787313637512E-011
0.978,1.9267516517383E-008,9.6337582586914E-008
0.9782681640625,2.620904218927E-008,1.3104521094635E-007
0.979,1.143440700415E-008,5.7172035020748E-008
0.97926845703125,6.1027768654078E-009,3.0513884327039E-008
0.98,8.7884738685839E-009,4.394236934292E-008
0.98026875,9.7563092827934E-009,4.8781546413967E-008
0.981,1.9507530732549E-008,9.7537653662744E-008
0.98126904296875,2.3029967076409E-008,1.1514983538205E-007
0.982,6.1204321399406E-009,3.0602160699703E-008
0.98226923828125,3.8151780096328E-012,1.9075890048164E-011
0.983,6.414929674611E-008,3.2074648373055E-007
0.98326953125,8.7375540528107E-008,4.3687770264053E-007
0.984,3.8114636801347E-008,1.9057318400674E-007
0.98426982421875,2.0249663973954E-008,1.0124831986977E-007
0.985,1.9005539670455E-008,9.5027698352276E-008
0.9852701171875,1.8551918674205E-008,9.2759593371027E-008
0.986,1.1196053365115E-008,5.5980266825573E-008
0.9862703125,8.5229790219317E-009,4.2614895109659E-008
0.987,9.0641293991245E-009,4.5320646995623E-008
0.98727060546875,9.2598087824194E-009,4.6299043912097E-008
0.988,1.2742684953033E-008,6.3713424765164E-008
0.9882708984375,1.4008635559658E-008,7.0043177798289E-008
0.989,4.2942687662606E-008,2.1471343831303E-007
0.98927119140625,5.3477541792016E-008,2.6738770896008E-007
0.99,1.4293416124346E-008,7.1467080621729E-008
0.990271484375,3.2570680884148E-012,1.6285340442074E-011
0.991,5.7800793893712E-009,2.8900396946856E-008
0.9912716796875,7.8870137678118E-009,3.9435068839059E-008
0.992,2.1121280036788E-009,1.0560640018394E-008
0.99227197265625,3.113640033072E-012,1.556820016536E-011
0.993,3.0621778786721E-012,1.531088939336E-011
0.993272265625,3.0428987247967E-012,1.5214493623984E-011
0.994,6.5516711081275E-010,3.2758355540637E-009
0.99427255859375,8.9360878418049E-010,4.4680439209024E-009
0.995,1.3400170681623E-009,6.7000853408115E-009
0.99527275390625,1.5031646643078E-009,7.5158233215391E-009
0.996,7.6016354318455E-009,3.8008177159228E-008
0.996273046875,9.8336918720228E-009,4.9168459360114E-008
0.997,2.3425367288248E-008,1.1712683644124E-007
0.99727333984375,2.840243747866E-008,1.420121873933E-007
0.998,7.6249812585802E-009,3.8124906292901E-008
0.9982736328125,2.6864550394002E-012,1.3432275197001E-011
0.999,7.6866301001426E-009,3.8433150500713E-008
0.99927392578125,1.0505290526782E-008,5.252645263391E-008
1,2.8235057671069E-009,1.4117528835535E-008
1.0002741210938,2.5455257083942E-012,1.2727628541971E-011
1.001,8.8636372713121E-009,4.4318186356561E-008
1.0012744140625,1.2130968812976E-008,6.0654844064879E-008
1.002,3.2733112973987E-009,1.6366556486993E-008
1.0022747070312,2.422298664232E-012,1.211149332116E-011
1.003,2.4120194554735E-008,1.2060097277368E-007
1.003275,3.3017648565214E-008,1.6508824282607E-007
1.004,8.9072632490946E-009,4.4536316245473E-008
1.0042751953125,2.2965246733641E-012,1.148262336682E-011
1.005,4.0416466201178E-009,2.0208233100589E-008
1.0052754882813,5.5349458389445E-009,2.7674729194722E-008
1.006,2.5231197613217E-009,1.2615598806609E-008
1.00627578125,1.4077364164828E-009,7.0386820824141E-009
1.007,1.0197082054101E-008,5.0985410270503E-008
1.0072759765625,1.3449180523228E-008,6.7245902616141E-008
1.008,3.6375972319433E-009,1.8187986159716E-008
1.0082762695312,2.0501605764013E-012,1.0250802882006E-011
1.009,2.0056063613925E-012,1.0028031806962E-011
1.0092765625,1.9885783734476E-012,9.9428918672382E-012
1.01,8.2642546024757E-009,4.1321273012378E-008
1.0102768554688,1.1326024534029E-008,5.6630122670145E-008
1.011,1.3287620798779E-008,6.6438103993894E-008
1.0112771484375,1.401154196563E-008,7.0057709828148E-008
1.012,4.9502885523073E-009,2.4751442761537E-008
1.0122774414062,1.5851557674082E-009,7.925778837041E-009
1.013,5.4847257983323E-009,2.7423628991661E-008
1.013277734375,6.931160669136E-009,3.465580334568E-008
1.014,5.1828610358261E-009,2.591430517913E-008
1.0142779296875,4.5320124529557E-009,2.2660062264779E-008
1.015,5.7543810918163E-009,2.8771905459081E-008
1.0152782226563,6.205961124962E-009,3.102980562481E-008
1.016,8.9296110087702E-009,4.4648055043851E-008
1.016278515625,9.9370584864205E-009,4.9685292432103E-008
1.017,1.4326968681538E-008,7.1634843407689E-008
1.0172788085937,1.5950172754731E-008,7.9750863773654E-008
1.018,8.4325759798979E-009,4.2162879899489E-008
1.0182790039062,5.6394611370907E-009,2.8197305685454E-008
1.019,2.8980033581219E-009,1.4490016790609E-008
1.019279296875,1.8798824342039E-009,9.3994121710193E-009
1.02,4.6435047102461E-009,2.3217523551231E-008
1.0202795898438,5.6957303806449E-009,2.8478651903224E-008
1.021,6.1974862763794E-009,3.0987431381897E-008
1.0212797851563,6.3877903123721E-009,3.1938951561861E-008
1.022,1.754983321317E-009,8.7749166065848E-009
1.022280078125,1.2485230679865E-012,6.2426153399327E-012
1.023,1.2238164821071E-012,6.1190824105355E-012
1.0232803710937,1.2141958182366E-012,6.070979091183E-012
1.024,1.1895154806737E-012,5.9475774033684E-012
1.0242806640625,1.1798912595086E-012,5.899456297543E-012
1.025,6.2316758539622E-009,3.1158379269811E-008
1.025280859375,8.5921590212983E-009,4.2960795106492E-008
1.026,5.3740390666194E-009,2.6870195333097E-008
1.0262811523438,4.1521432925801E-009,2.07607164629E-008
1.027,6.9486961592973E-009,3.4743480796487E-008
1.0272815429687,8.0058563849893E-009,4.0029281924946E-008
1.028,7.6400072756536E-009,3.8200036378268E-008
1.0282817382812,7.5013356401397E-009,3.7506678200698E-008
1.029,3.6767099149444E-009,1.8383549574722E-008
1.02928203125,2.2230130363813E-009,1.1115065181906E-008
1.03,1.7214074856954E-009,8.6070374284771E-009
1.0302823242188,1.5302738365343E-009,7.6513691826717E-009
1.031,4.2218022407816E-010,2.1109011203908E-009
1.0312826171875,9.394715401666E-013,4.697357700833E-012
1.032,2.7209963046534E-009,1.3604981523267E-008
1.0322828125,3.7534512644187E-009,1.8767256322093E-008
1.033,6.9734059626719E-009,3.4867029813359E-008
1.0332831054687,8.1939091024706E-009,4.0969545512353E-008
1.034,2.2572200243663E-009,1.1286100121831E-008
1.0342833984375,8.3721433516357E-013,4.1860716758179E-012
1.035,6.6259259504178E-009,3.3129629752089E-008
1.03528359375,9.1384595807194E-009,4.5692297903597E-008
1.036,2.5157453564599E-009,1.25787267823E-008
1.0362838867188,7.6880793889631E-013,3.8440396944815E-012
1.037,7.4460111363661E-013,3.7230055681831E-012
1.0372841796875,7.3499973829446E-013,3.6749986914723E-012
1.038,7.1083146543274E-013,3.5541573271637E-012
1.038284375,7.0123561866954E-013,3.5061780933477E-012
1.039,3.4831212006847E-009,1.7415606003424E-008
1.0392846679688,4.7994195542333E-009,2.3997097771166E-008
1.04,1.7358517069467E-009,8.6792585347333E-009
1.0402849609375,5.7976869808476E-010,2.8988434904238E-009
1.041,3.9300114378737E-009,1.9650057189368E-008
1.0412852539063,5.2296044398314E-009,2.6148022199157E-008
1.042,1.8894323493278E-009,9.4471617466388E-009
1.042285546875,5.9178542381542E-010,2.9589271190771E-009
1.043,1.0181470344923E-009,5.0907351724617E-009
1.0432858398437,1.1836023429773E-009,5.9180117148863E-009
1.044,3.8620343290655E-009,1.9310171645328E-008
1.0442861328125,4.9026062884521E-009,2.451303144226E-008
1.045,2.2144397490442E-009,1.1072198745221E-008
1.045286328125,1.1679302102515E-009,5.8396510512575E-009
1.046,3.0388724758164E-009,1.5194362379082E-008
1.0462866210938,3.766343753293E-009,1.8831718766465E-008
1.047,1.0558864317827E-009,5.2794321589133E-009
1.0472869140625,5.1640735832705E-013,2.5820367916353E-012
1.048,5.0418797171273E-013,2.5209398585637E-012
1.0482872070312,4.9926947049685E-013,2.4963473524843E-012
1.049,2.689602034072E-009,1.344801017036E-008
1.0492874023438,3.7357899869602E-009,1.8678949934801E-008
1.05,2.1478724915366E-009,1.0739362457683E-008
1.0502876953125,1.5282196304003E-009,7.6410981520017E-009
1.051,1.0647066248955E-009,5.3235331244775E-009
1.0512879882813,8.8425487701624E-010,4.4212743850812E-009
1.052,2.4818960946119E-010,1.2409480473059E-009
1.0522881835938,4.3047273781262E-013,2.1523636890631E-012
1.053,4.1837834498933E-013,2.0918917249467E-012
1.0532884765625,4.134805366075E-013,2.0674026830375E-012
1.054,4.0141005581792E-013,2.0070502790896E-012
1.0542887695312,3.9651482279297E-013,1.9825741139649E-012
1.055,9.0869941072659E-010,4.5434970536329E-009
1.0552890625,1.2611785466412E-009,6.3058927332062E-009
1.056,8.8797434310619E-010,4.4398717155309E-009
1.0562892578125,7.4278153428624E-010,3.7139076714312E-009
1.057,4.9607288105095E-010,2.4803644052547E-009
1.0572896484375,3.9989636808914E-010,1.9994818404457E-009
1.058,1.7680010105818E-010,8.8400050529091E-010
1.0582899414062,9.0055162204016E-011,4.5027581102008E-010
1.059,2.5398929994858E-011,1.2699464997429E-010
1.0592901367187,3.1173041657473E-013,1.5586520828737E-012
1.06,2.32495230056E-009,1.16247615028E-008
1.0602904296875,3.2528868444873E-009,1.6264434222436E-008
1.061,9.2920396248958E-010,4.6460198124479E-009
1.0612907226563,2.9051473858164E-013,1.4525736929082E-012
1.062,1.313682195149E-009,6.5684109757452E-009
1.062291015625,1.8395082327859E-009,9.1975411639293E-009
1.063,5.2652354068624E-010,2.6326177034312E-009
1.0632912109375,2.7667933037066E-013,1.3833966518533E-012
1.064,4.8409040016889E-010,2.4204520008444E-009
1.0642915039062,6.7778907947766E-010,3.3889453973883E-009
1.065,1.9416898214627E-010,9.7084491073135E-010
1.065291796875,2.6258547718395E-013,1.3129273859197E-012
1.066,6.8507574047501E-010,3.4253787023751E-009
1.0662919921875,9.5990876243443E-010,4.7995438121721E-009
1.067,1.3093233914731E-009,6.5466169573655E-009
1.0672922851563,1.4494360329923E-009,7.2471801649617E-009
1.068,5.8195067017094E-010,2.9097533508547E-009
1.068292578125,2.3305032287564E-010,1.1652516143782E-009
1.069,6.7040092106014E-011,3.3520046053007E-010
1.0692928710937,2.3512202593865E-013,1.1756101296932E-012
1.07,2.3943066689999E-010,1.1971533345E-009
1.0702930664063,3.3563487914234E-010,1.6781743957117E-009
1.071,1.985484482161E-010,9.927422410805E-010
1.071293359375,1.4330382863116E-010,7.1651914315579E-010
1.072,4.1311700772509E-011,2.0655850386254E-010
1.0722936523438,2.1455076030311E-013,1.0727538015156E-012
1.073,2.2443837513866E-010,1.1221918756933E-009
1.0732939453125,3.1463150519399E-010,1.57315752597E-009
1.074,4.9758322701088E-010,2.4879161350544E-009
1.0742942382812,5.7130148155046E-010,2.8565074077523E-009
1.075,2.9647718677978E-010,1.4823859338989E-009
1.07529453125,1.855335388855E-010,9.2766769442752E-010
1.076,3.0876472731068E-010,1.5438236365534E-009
1.0762948242188,3.5837359388027E-010,1.7918679694014E-009
1.077,1.0316803082086E-010,5.1584015410431E-010
1.0772950195313,1.8057985648148E-013,9.0289928240739E-013
1.078,1.2661351353599E-010,6.3306756767997E-010
1.0782953125,1.7756292341208E-010,8.878146170604E-010
1.079,2.8710102405701E-010,1.4355051202851E-009
1.0792956054687,3.3116180017042E-010,1.6558090008521E-009
1.08,9.5304927275441E-011,4.7652463637721E-010
1.0802958007813,1.608985175208E-013,8.0449258760399E-013
1.081,1.5735697868351E-013,7.8678489341757E-013
1.08129609375,1.5581398111075E-013,7.7906990555373E-013
1.082,3.6795267461266E-010,1.8397633730633E-009
1.0822963867188,5.1771923052099E-010,2.5885961526049E-009
1.083,1.5006824837325E-010,7.5034124186626E-010
1.0832966796875,1.4566705425035E-013,7.2833527125177E-013
1.084,4.7409434147353E-011,2.3704717073676E-010
1.084296875,6.6635778768004E-011,3.3317889384002E-010
1.085,1.9383177117435E-011,9.6915885587177E-011
1.0852971679688,1.3552990371489E-013,6.7764951857444E-013
1.086,2.2079436022406E-010,1.1039718011203E-009
1.0862974609375,3.1067511771957E-010,1.5533755885979E-009
1.087,9.0080549977939E-011,4.504027498897E-010
1.08729765625,1.2561036235286E-013,6.2805181176428E-013
1.088,1.1108070627508E-011,5.5540353137542E-011
1.088298046875,1.5574333457438E-011,7.7871667287191E-011
1.089,4.5900268753107E-012,2.2950134376553E-011
1.0892983398438,1.1559001353867E-013,5.7795006769337E-013
1.09,7.8509417633903E-011,3.9254708816952E-010
1.0902986328125,1.1041222357163E-010,5.5206111785815E-010
1.091,3.2036907032959E-011,1.6018453516479E-010
1.091298828125,1.0576411311792E-013,5.2882056558962E-013
1.092,1.0232965817197E-013,5.1164829085983E-013
1.0922991210938,1.0082919491365E-013,5.0414597456826E-013
1.093,9.7320800792859E-014,4.866040039643E-013
1.0932994140625,9.5860604113556E-014,4.7930302056778E-013
1.094,4.1686518366871E-010,2.0843259183436E-009
1.094299609375,5.8571380454364E-010,2.9285690227182E-009
1.095,1.858790679726E-010,9.2939533986297E-010
1.0952999023438,2.3650487841233E-011,1.1825243920616E-010
1.096,6.8696687153654E-012,3.4348343576827E-011
1.0963001953125,8.1174418546674E-014,4.0587209273337E-013
1.097,1.1658826931551E-010,5.8294134657754E-010
1.0973004882813,1.6350688561633E-010,8.1753442808166E-010
1.098,4.7031068467963E-011,2.3515534233981E-010
1.0983006835938,7.1484716318616E-014,3.5742358159308E-013
1.099,3.1790579814071E-010,1.5895289907036E-009
1.0993009765625,4.4500642676332E-010,2.2250321338166E-009
1.1,1.2729956923855E-010,6.3649784619277E-010
1.1003012695313,6.229059468632E-014,3.114529734316E-013
1.1006026367188,0,0
