"Lambda(microns)","P(bar)_for_Tau=1","P(bar)_for_Tau=2","P3(bar)_for_tau=5"
0.5001,3.38,6.78,18.8
0.5003,3.38,6.79,18.9
0.5004,3.39,6.8,18.9
0.5005,3.39,6.8,18.9
0.5006,3.39,6.81,18.9
0.5008,3.4,6.82,19
0.5009,3.4,6.83,19
0.501,3.41,6.83,19
0.5011,3.41,6.84,19.1
0.5013,3.41,6.85,19.1
0.5014,3.42,6.86,19.1
0.5015,3.42,6.86,19.1
0.5016,3.42,6.87,19.2
0.5018,3.43,6.88,19.2
0.5019,3.43,6.89,19.2
0.502,3.43,6.9,19.2
0.5021,3.44,6.9,19.3
0.5023,3.44,6.91,19.3
0.5024,3.45,6.92,19.3
0.5025,3.45,6.93,19.3
0.5026,3.45,6.93,19.4
0.5028,3.46,6.94,19.4
0.5029,3.46,6.95,19.4
0.503,3.46,6.96,19.4
0.5031,3.47,6.97,19.5
0.5033,3.47,6.97,19.5
0.5034,3.47,6.98,19.5
0.5035,3.48,6.99,19.5
0.5037,3.48,7,19.5
0.5038,3.49,7,19.6
0.5039,3.49,7.01,19.6
0.504,3.49,7.02,19.6
0.5042,3.5,7.03,19.6
0.5043,3.5,7.04,19.7
0.5044,3.5,7.04,19.7
0.5045,3.51,7.05,19.7
0.5047,3.51,7.06,19.7
0.5048,3.52,7.07,19.8
0.5049,3.52,7.07,19.8
0.5051,3.52,7.08,19.8
0.5052,3.53,7.09,19.8
0.5053,3.53,7.1,19.9
0.5054,3.53,7.11,19.9
0.5056,3.54,7.11,19.9
0.5057,3.54,7.12,19.9
0.5058,3.55,7.13,20
0.5059,3.55,7.14,20
0.5061,3.55,7.15,20
0.5062,3.56,7.15,20
0.5063,3.56,7.16,20
0.5065,3.57,7.17,20.1
0.5066,3.57,7.18,20.1
0.5067,3.57,7.19,20.1
0.5068,3.58,7.19,20.1
0.507,3.58,7.2,20.2
0.5071,3.59,7.21,20.2
0.5072,3.59,7.22,20.2
0.5074,3.59,7.23,20.2
0.5075,3.6,7.23,20.3
0.5076,3.6,7.24,20.3
0.5077,3.6,7.25,20.3
0.5079,3.61,7.26,20.3
0.508,3.61,7.27,20.3
0.5081,3.62,7.27,20.4
0.5083,3.62,7.28,20.4
0.5084,3.62,7.29,20.4
0.5085,3.63,7.3,20.4
0.5086,3.63,7.31,20.5
0.5088,3.64,7.31,20.5
0.5089,3.64,7.32,20.5
0.509,3.65,7.33,20.5
0.5092,3.65,7.34,20.5
0.5093,3.65,7.35,20.6
0.5094,3.66,7.35,20.6
0.5096,3.66,7.36,20.6
0.5097,3.67,7.37,20.6
0.5098,3.67,7.38,20.6
0.5099,3.67,7.39,20.7
0.5101,3.68,7.39,20.7
0.5102,3.68,7.4,20.7
0.5103,3.68,7.41,20.7
0.5105,3.69,7.42,20.7
0.5106,3.69,7.42,20.8
0.5107,3.7,7.43,20.8
0.5109,3.7,7.44,20.8
0.511,3.7,7.45,20.8
0.5111,3.71,7.45,20.8
0.5112,3.71,7.46,20.9
0.5114,3.71,7.47,20.9
0.5115,3.72,7.47,20.9
0.5116,3.72,7.48,20.9
0.5118,3.73,7.49,20.9
0.5119,3.73,7.5,20.9
0.512,3.73,7.5,21
0.5122,3.74,7.51,21
0.5123,3.74,7.52,21
0.5124,3.74,7.53,21
0.5126,3.75,7.53,21
0.5127,3.75,7.54,21.1
0.5128,3.76,7.55,21.1
0.513,3.76,7.55,21.1
0.5131,3.76,7.56,21.1
0.5132,3.77,7.57,21.1
0.5133,3.77,7.58,21.1
0.5135,3.77,7.58,21.2
0.5136,3.78,7.59,21.2
0.5137,3.78,7.6,21.2
0.5139,3.79,7.61,21.2
0.514,3.79,7.61,21.2
0.5141,3.79,7.62,21.2
0.5143,3.8,7.63,21.3
0.5144,3.8,7.64,21.3
0.5145,3.8,7.64,21.3
0.5147,3.81,7.65,21.3
0.5148,3.81,7.66,21.3
0.5149,3.82,7.67,21.4
0.5151,3.82,7.67,21.4
0.5152,3.82,7.68,21.4
0.5153,3.83,7.69,21.4
0.5155,3.83,7.7,21.4
0.5156,3.84,7.7,21.4
0.5157,3.84,7.71,21.5
0.5159,3.84,7.72,21.5
0.516,3.85,7.73,21.5
0.5161,3.85,7.73,21.5
0.5163,3.86,7.74,21.5
0.5164,3.86,7.75,21.5
0.5165,3.86,7.76,21.6
0.5167,3.87,7.76,21.6
0.5168,3.87,7.77,21.6
0.5169,3.88,7.78,21.6
0.5171,3.88,7.79,21.6
0.5172,3.88,7.79,21.6
0.5173,3.89,7.8,21.7
0.5175,3.89,7.81,21.7
0.5176,3.9,7.82,21.7
0.5177,3.9,7.83,21.7
0.5179,3.9,7.83,21.7
0.518,3.91,7.84,21.7
0.5181,3.91,7.85,21.8
0.5183,3.91,7.84,21.7
0.5184,3.92,7.86,21.8
0.5185,3.92,7.86,21.8
0.5187,3.92,7.86,21.8
0.5188,3.92,7.86,21.7
0.5189,3.93,7.86,21.7
0.5191,3.93,7.88,21.8
0.5192,3.94,7.89,21.8
0.5193,3.94,7.89,21.8
0.5195,3.94,7.89,21.8
0.5196,3.94,7.9,21.8
0.5198,3.95,7.91,21.8
0.5199,3.95,7.92,21.9
0.52,3.96,7.93,21.9
0.5202,3.96,7.93,21.9
0.5203,3.96,7.93,21.9
0.5204,3.97,7.94,21.9
0.5206,3.97,7.95,21.9
0.5207,3.98,7.95,21.9
0.5208,3.98,7.96,21.9
0.521,3.98,7.97,22
0.5211,3.99,7.98,22
0.5212,3.99,7.98,22
0.5214,3.99,7.99,22
0.5215,4,8,22
0.5216,4,8,22
0.5218,4.01,8.01,22
0.5219,4.01,8.01,22
0.5221,4.01,8.02,22
0.5222,4.02,8.02,22
0.5223,4.02,8.03,22
0.5225,4.02,8.03,22
0.5226,4.03,8.04,22
0.5227,4.03,8.05,22.1
0.5229,4.04,8.06,22.1
0.523,4.04,8.06,22.1
0.5231,4.05,8.07,22.1
0.5233,4.05,8.08,22.1
0.5234,4.05,8.08,22.1
0.5236,4.06,8.09,22.1
0.5237,4.06,8.09,22.1
0.5238,4.07,8.1,22.1
0.524,4.07,8.11,22.1
0.5241,4.08,8.1,22.1
0.5242,4.08,8.11,22.1
0.5244,4.09,8.13,22.1
0.5245,4.09,8.14,22.1
0.5247,4.1,8.15,22.2
0.5248,4.1,8.16,22.2
0.5249,4.11,8.18,22.2
0.5251,4.11,8.18,22.2
0.5252,4.11,8.19,22.2
0.5253,4.12,8.21,22.2
0.5255,4.13,8.22,22.2
0.5256,4.13,8.24,22.2
0.5258,4.13,8.25,22.3
0.5259,4.14,8.26,22.3
0.526,4.14,8.27,22.3
0.5262,4.15,8.28,22.3
0.5263,4.15,8.29,22.3
0.5265,4.16,8.3,22.3
0.5266,4.16,8.31,22.3
0.5267,4.17,8.3,22.3
0.5269,4.17,8.31,22.3
0.527,4.18,8.33,22.3
0.5271,4.18,8.33,22.3
0.5273,4.19,8.34,22.4
0.5274,4.19,8.36,22.4
0.5276,4.2,8.38,22.4
0.5277,4.2,8.38,22.4
0.5278,4.21,8.39,22.4
0.528,4.21,8.41,22.5
0.5281,4.22,8.42,22.5
0.5283,4.22,8.43,22.5
0.5284,4.23,8.44,22.5
0.5285,4.23,8.45,22.5
0.5287,4.24,8.46,22.5
0.5288,4.24,8.46,22.6
0.529,4.24,8.47,22.6
0.5291,4.25,8.48,22.6
0.5292,4.25,8.49,22.6
0.5294,4.26,8.51,22.7
0.5295,4.26,8.52,22.7
0.5297,4.27,8.53,22.7
0.5298,4.27,8.53,22.7
0.5299,4.28,8.54,22.7
0.5301,4.28,8.56,22.7
0.5302,4.29,8.57,22.7
0.5304,4.29,8.57,22.7
0.5305,4.29,8.58,22.8
0.5306,4.3,8.59,22.8
0.5308,4.3,8.6,22.8
0.5309,4.3,8.61,22.9
0.5311,4.31,8.62,22.9
0.5312,4.31,8.64,22.9
0.5313,4.32,8.64,22.9
0.5315,4.32,8.65,23
0.5316,4.33,8.67,23
0.5318,4.33,8.67,23
0.5319,4.33,8.68,23
0.5321,4.34,8.69,23
0.5322,4.34,8.7,23
0.5323,4.34,8.71,23.1
0.5325,4.35,8.72,23.1
0.5326,4.35,8.73,23.1
0.5328,4.36,8.74,23.1
0.5329,4.36,8.75,23.1
0.533,4.36,8.76,23.1
0.5332,4.37,8.76,23.2
0.5333,4.37,8.77,23.2
0.5335,4.38,8.78,23.2
0.5336,4.38,8.79,23.2
0.5338,4.39,8.8,23.2
0.5339,4.39,8.81,23.2
0.534,4.39,8.82,23.3
0.5342,4.4,8.83,23.3
0.5343,4.4,8.84,23.3
0.5345,4.4,8.84,23.3
0.5346,4.41,8.85,23.3
0.5348,4.41,8.86,23.3
0.5349,4.41,8.87,23.3
0.535,4.42,8.87,23.3
0.5352,4.42,8.88,23.3
0.5353,4.42,8.89,23.4
0.5355,4.43,8.89,23.4
0.5356,4.43,8.9,23.4
0.5358,4.43,8.9,23.4
0.5359,4.43,8.91,23.4
0.536,4.44,8.91,23.4
0.5362,4.44,8.91,23.4
0.5363,4.44,8.92,23.4
0.5365,4.44,8.92,23.4
0.5366,4.44,8.92,23.4
0.5368,4.44,8.93,23.4
0.5369,4.44,8.93,23.4
0.5371,4.44,8.92,23.4
0.5372,4.44,8.93,23.4
0.5373,4.44,8.93,23.4
0.5375,4.44,8.93,23.4
0.5376,4.44,8.92,23.4
0.5378,4.44,8.92,23.4
0.5379,4.44,8.92,23.4
0.5381,4.44,8.92,23.4
0.5382,4.44,8.92,23.4
0.5384,4.44,8.92,23.4
0.5385,4.44,8.91,23.4
0.5386,4.44,8.92,23.4
0.5388,4.44,8.92,23.4
0.5389,4.44,8.92,23.4
0.5391,4.44,8.91,23.4
0.5392,4.44,8.91,23.4
0.5394,4.43,8.9,23.4
0.5395,4.43,8.9,23.4
0.5397,4.43,8.89,23.4
0.5398,4.42,8.86,23.3
0.54,4.42,8.85,23.3
0.5401,4.41,8.85,23.3
0.5402,4.41,8.82,23.3
0.5404,4.4,8.8,23.2
0.5405,4.39,8.8,23.2
0.5407,4.38,8.77,23.2
0.5408,4.36,8.69,23.1
0.541,4.35,8.61,22.9
0.5411,4.34,8.64,23
0.5413,4.33,8.65,23.1
0.5414,4.32,8.6,23
0.5416,4.31,8.55,22.9
0.5417,4.3,8.57,23
0.5419,4.3,8.59,23
0.542,4.28,8.56,23
0.5422,4.28,8.53,22.9
0.5423,4.27,8.54,23
0.5424,4.27,8.56,23
0.5426,4.27,8.58,23
0.5427,4.28,8.61,23.1
0.5429,4.28,8.61,23.1
0.543,4.28,8.61,23.1
0.5432,4.29,8.61,23.1
0.5433,4.29,8.64,23.1
0.5435,4.3,8.63,23.1
0.5436,4.31,8.56,23
0.5438,4.33,8.58,23
0.5439,4.35,8.68,23.1
0.5441,4.37,8.76,23.2
0.5442,4.38,8.79,23.3
0.5444,4.4,8.78,23.2
0.5445,4.42,8.83,23.2
0.5447,4.44,8.88,23.3
0.5448,4.46,8.89,23.3
0.545,4.48,8.87,23.2
0.5451,4.51,8.94,23.3
0.5453,4.54,9.03,23.4
0.5454,4.56,9.09,23.5
0.5456,4.59,9.13,23.5
0.5457,4.6,9.1,23.5
0.5459,4.63,9.11,23.4
0.546,4.65,9.16,23.5
0.5461,4.67,9.23,23.6
0.5463,4.69,9.23,23.6
0.5464,4.7,9.24,23.6
0.5466,4.73,9.34,23.7
0.5467,4.75,9.39,23.7
0.5469,4.77,9.44,23.8
0.547,4.78,9.45,23.8
0.5472,4.8,9.5,23.9
0.5473,4.82,9.56,24
0.5475,4.83,9.59,24
0.5476,4.85,9.64,24.1
0.5478,4.85,9.63,24
0.5479,4.86,9.62,24
0.5481,4.88,9.68,24.1
0.5482,4.89,9.72,24.2
0.5484,4.9,9.75,24.2
0.5485,4.91,9.77,24.2
0.5487,4.92,9.78,24.3
0.5488,4.92,9.79,24.3
0.549,4.93,9.82,24.3
0.5491,4.94,9.84,24.4
0.5493,4.95,9.86,24.4
0.5495,4.96,9.88,24.4
0.5496,4.96,9.87,24.4
0.5498,4.97,9.87,24.4
0.5499,4.98,9.91,24.5
0.5501,4.98,9.93,24.5
0.5502,4.99,9.94,24.5
0.5504,5,9.97,24.8
0.5505,5.01,9.99,25
0.5507,5.01,9.99,25
0.5508,5.01,10,25
0.551,5.02,10,25
0.5511,5.02,10,25.1
0.5513,5.03,10,25.3
0.5514,5.04,10.1,25.4
0.5516,5.05,10.1,25.6
0.5517,5.05,10.1,25.6
0.5519,5.06,10.1,25.7
0.552,5.06,10.1,25.8
0.5522,5.07,10.1,25.9
0.5523,5.07,10.2,25.9
0.5525,5.08,10.2,25.9
0.5526,5.08,10.2,25.9
0.5528,5.09,10.2,26
0.5529,5.09,10.2,26.2
0.5531,5.1,10.2,26.2
0.5533,5.1,10.2,26.2
0.5534,5.11,10.2,26.2
0.5536,5.11,10.3,26.2
0.5537,5.11,10.3,26.3
0.5539,5.12,10.3,26.4
0.554,5.12,10.3,26.4
0.5542,5.13,10.3,26.4
0.5543,5.13,10.3,26.4
0.5545,5.14,10.3,26.4
0.5546,5.14,10.3,26.5
0.5548,5.15,10.3,26.5
0.5549,5.15,10.3,26.5
0.5551,5.15,10.4,26.6
0.5552,5.16,10.4,26.6
0.5554,5.16,10.4,26.7
0.5556,5.17,10.4,26.7
0.5557,5.17,10.4,26.8
0.5559,5.18,10.4,26.8
0.556,5.19,10.4,26.8
0.5562,5.19,10.4,26.9
0.5563,5.19,10.4,26.9
0.5565,5.2,10.5,27
0.5566,5.21,10.5,27.1
0.5568,5.21,10.5,27.2
0.5569,5.22,10.5,27.2
0.5571,5.22,10.5,27.3
0.5573,5.23,10.5,27.4
0.5574,5.24,10.6,27.5
0.5576,5.24,10.6,27.6
0.5577,5.25,10.6,27.6
0.5579,5.25,10.6,27.6
0.558,5.26,10.6,27.7
0.5582,5.27,10.6,27.8
0.5583,5.27,10.6,27.9
0.5585,5.28,10.7,28
0.5587,5.29,10.7,28
0.5588,5.29,10.7,28.2
0.559,5.3,10.7,28.3
0.5591,5.3,10.7,28.2
0.5593,5.31,10.7,28.3
0.5594,5.32,10.7,28.4
0.5596,5.33,10.8,28.5
0.5598,5.33,10.8,28.6
0.5599,5.33,10.8,28.5
0.5601,5.34,10.8,28.6
0.5602,5.35,10.8,28.7
0.5604,5.36,10.9,28.9
0.5605,5.36,10.9,28.9
0.5607,5.37,10.9,29
0.5609,5.37,10.9,29
0.561,5.38,10.9,29
0.5612,5.39,10.9,29.1
0.5613,5.39,10.9,29.2
0.5615,5.4,10.9,29.2
0.5616,5.41,11,29.3
0.5618,5.41,11,29.4
0.562,5.41,11,29.3
0.5621,5.42,11,29.4
0.5623,5.43,11,29.5
0.5624,5.43,11,29.5
0.5626,5.44,11,29.6
0.5627,5.45,11,29.7
0.5629,5.45,11.1,29.7
0.5631,5.46,11.1,29.8
0.5632,5.47,11.1,29.8
0.5634,5.47,11.1,29.9
0.5635,5.48,11.1,29.9
0.5637,5.48,11.1,30
0.5639,5.49,11.1,30
0.564,5.49,11.2,30
0.5642,5.5,11.2,30.1
0.5643,5.5,11.2,30.1
0.5645,5.51,11.2,30.2
0.5647,5.51,11.2,30.3
0.5648,5.52,11.2,30.3
0.565,5.52,11.2,30.3
0.5651,5.53,11.2,30.3
0.5653,5.53,11.2,30.4
0.5655,5.54,11.3,30.4
0.5656,5.54,11.3,30.4
0.5658,5.55,11.3,30.5
0.5659,5.56,11.3,30.6
0.5661,5.56,11.3,30.6
0.5663,5.56,11.3,30.6
0.5664,5.57,11.3,30.6
0.5666,5.57,11.3,30.6
0.5667,5.57,11.3,30.6
0.5669,5.58,11.3,30.7
0.5671,5.59,11.4,30.8
0.5672,5.59,11.4,30.8
0.5674,5.6,11.4,30.8
0.5675,5.59,11.3,30.6
0.5677,5.57,11.2,30.1
0.5679,5.59,11.3,30.4
0.568,5.6,11.3,30.5
0.5682,5.58,11.2,29.9
0.5683,5.57,11.1,29.1
0.5685,5.55,11,28.4
0.5687,5.54,11,28.6
0.5688,5.53,10.9,28.5
0.569,5.51,10.9,28.3
0.5692,5.53,10.9,28.8
0.5693,5.52,10.9,28.5
0.5695,5.55,11,29.3
0.5696,5.61,11.3,30.2
0.5698,5.6,11.2,30.1
0.57,5.53,10.9,28.9
0.5701,5.51,10.8,28.6
0.5703,5.6,11.2,30.1
0.5705,5.64,11.4,30.8
0.5706,5.65,11.4,30.9
0.5708,5.67,11.5,31.2
0.5709,5.68,11.5,31.3
0.5711,5.68,11.5,31.2
0.5713,5.66,11.4,31
0.5714,5.65,11.4,30.9
0.5716,5.67,11.5,31.1
0.5718,5.66,11.4,31
0.5719,5.64,11.3,30.3
0.5721,5.6,11.1,29.7
0.5722,5.59,11.1,29.7
0.5724,5.64,11.3,30.5
0.5726,5.69,11.5,31.1
0.5727,5.68,11.4,30.7
0.5729,5.66,11.3,30.3
0.5731,5.64,11.3,30.2
0.5732,5.67,11.4,30.8
0.5734,5.7,11.5,31.3
0.5736,5.69,11.5,31.1
0.5737,5.7,11.5,31.1
0.5739,5.65,11.3,30.4
0.5741,5.66,11.4,30.7
0.5742,5.7,11.5,31.4
0.5744,5.68,11.5,31.1
0.5745,5.66,11.4,30.6
0.5747,5.65,11.3,30.4
0.5749,5.67,11.4,30.9
0.575,5.72,11.6,31.7
0.5752,5.72,11.6,31.7
0.5754,5.7,11.5,31.3
0.5755,5.68,11.4,30.9
0.5757,5.69,11.5,31.1
0.5759,5.71,11.6,31.5
0.576,5.71,11.6,31.4
0.5762,5.72,11.5,31.3
0.5764,5.72,11.5,31.1
0.5765,5.75,11.6,31.5
0.5767,5.78,11.7,31.9
0.5769,5.77,11.7,31.8
0.577,5.78,11.7,31.6
0.5772,5.78,11.7,31.5
0.5774,5.77,11.6,31.2
0.5775,5.8,11.7,31.8
0.5777,5.83,11.8,32.3
0.5779,5.85,11.9,32.4
0.578,5.87,11.9,32.5
0.5782,5.87,11.9,32.4
0.5784,5.88,11.9,32.4
0.5785,5.9,12,32.7
0.5787,5.92,12,32.9
0.5789,5.93,12,32.7
0.579,5.94,12.1,32.9
0.5792,5.97,12.1,33.1
0.5794,5.97,12.1,32.9
0.5795,5.98,12.1,32.9
0.5797,6,12.2,33.1
0.5799,6.02,12.2,33.2
0.58,6.03,12.3,33.3
0.5802,6.05,12.3,33.5
0.5804,6.06,12.3,33.4
0.5806,6.07,12.3,33.2
0.5807,6.08,12.3,33.2
0.5809,6.1,12.4,33.5
0.5811,6.11,12.4,33.6
0.5812,6.13,12.4,33.6
0.5814,6.14,12.4,33.6
0.5816,6.15,12.5,33.6
0.5817,6.16,12.5,33.6
0.5819,6.17,12.5,33.7
0.5821,6.18,12.5,33.8
0.5822,6.19,12.6,33.9
0.5824,6.2,12.5,33.9
0.5826,6.21,12.6,33.9
0.5828,6.23,12.6,34
0.5829,6.22,12.6,33.9
0.5831,6.23,12.6,33.8
0.5833,6.24,12.6,33.8
0.5834,6.24,12.6,33.8
0.5836,6.25,12.6,33.9
0.5838,6.26,12.7,33.9
0.5839,6.26,12.6,33.8
0.5841,6.27,12.6,33.8
0.5843,6.28,12.7,33.8
0.5845,6.29,12.7,33.9
0.5846,6.29,12.7,33.9
0.5848,6.31,12.7,34.1
0.585,6.32,12.8,34.2
0.5851,6.3,12.7,34
0.5853,6.31,12.7,33.9
0.5855,6.34,12.8,34.2
0.5857,6.35,12.8,34.2
0.5858,6.36,12.8,34.2
0.586,6.32,12.7,33.8
0.5862,6.3,12.6,33.5
0.5863,6.34,12.7,33.8
0.5865,6.36,12.7,33.8
0.5867,6.32,12.6,33.3
0.5869,6.32,12.6,33.1
0.587,6.34,12.6,33.2
0.5872,6.27,12.4,32.7
0.5874,6.28,12.4,32.8
0.5875,6.31,12.5,32.8
0.5877,6.18,12,31.2
0.5879,6.21,12.1,31.6
0.5881,6.17,11.9,30.5
0.5882,5.96,11,24.7
0.5884,5.87,10.7,24.3
0.5886,5.88,10.8,24.5
0.5888,5.63,9.94,24
0.5889,5.62,9.9,23.9
0.5891,5.77,10.4,24.3
0.5893,5.62,9.84,23.7
0.5894,5.74,10.4,24.5
0.5896,6.02,11.4,28.7
0.5898,5.86,10.8,25.9
0.59,5.67,9.94,23.8
0.5901,5.55,9.71,23.6
0.5903,5.66,10.1,24.2
0.5905,6.01,11.3,28
0.5907,6.15,11.8,30.5
0.5908,6.1,11.6,29.5
0.591,5.96,11.1,26.2
0.5912,5.92,11,26
0.5914,5.97,11.2,27.6
0.5915,5.97,11.2,27.8
0.5917,6,11.3,28.3
0.5919,5.84,10.8,26.8
0.5921,5.56,9.75,23.9
0.5922,5.74,10.4,25.1
0.5924,5.79,10.6,25.5
0.5926,5.72,10.3,24.8
0.5928,6.14,11.9,31.8
0.5929,6.22,12.2,32.5
0.5931,6.2,12.1,32.3
0.5933,6.07,11.7,31.3
0.5935,6.05,11.6,30.7
0.5936,6.33,12.5,33.2
0.5938,6.31,12.4,33.1
0.594,6.3,12.3,32.7
0.5942,5.8,10.7,27.8
0.5944,5.54,9.64,23.6
0.5945,5.75,10.4,24.3
0.5947,5.64,9.85,23.8
0.5949,5.73,10.2,24.1
0.5951,5.89,10.7,24.5
0.5952,5.94,11.1,27.8
0.5954,6.32,12.4,32.7
0.5956,6.32,12.3,32.4
0.5958,6.13,11.7,30.1
0.5959,5.89,10.9,26.7
0.5961,6.02,11.5,30.3
0.5963,6.34,12.4,32.6
0.5965,6.4,12.5,33.1
0.5967,6.32,12.3,32.4
0.5968,5.93,10.9,26.1
0.597,5.93,10.9,26
0.5972,6.19,11.8,30.1
0.5974,6.38,12.5,33
0.5976,6.35,12.4,32.3
0.5977,6.12,11.6,28.7
0.5979,6.16,11.7,29.2
0.5981,6.36,12.3,31.9
0.5983,6.46,12.7,33.4
0.5984,6.5,12.8,33.5
0.5986,6.46,12.6,33.1
0.5988,6.44,12.5,32.5
0.599,6.38,12.2,30.8
0.5992,6.32,12,29.6
0.5993,6.41,12.4,31.8
0.5995,6.49,12.6,32.8
0.5997,6.59,12.9,33.6
0.5999,6.62,13,33.7
0.6001,6.55,12.7,32.7
0.6002,6.61,12.9,33.2
0.6004,6.67,13.1,33.9
0.6006,6.68,13.1,34.1
0.6008,6.74,13.3,34.6
0.601,6.75,13.3,34.5
0.6011,6.77,13.3,34.7
0.6013,6.8,13.4,34.7
0.6015,6.81,13.4,34.6
0.6017,6.76,13.2,34.1
0.6019,6.78,13.2,34
0.602,6.87,13.5,34.9
0.6022,6.89,13.6,35.1
0.6024,6.91,13.6,35.1
0.6026,6.93,13.7,35.3
0.6028,6.94,13.7,35.2
0.603,6.94,13.6,35
0.6031,6.96,13.7,35.2
0.6033,6.98,13.7,35.4
0.6035,7,13.8,35.6
0.6037,7.03,13.9,35.8
0.6039,7.04,13.9,35.8
0.604,7.06,14,36
0.6042,7.07,14,36.1
0.6044,7.08,14,36.1
0.6046,7.08,14,36.1
0.6048,7.1,14.1,36.2
0.605,7.11,14.1,36.4
0.6051,7.11,14.1,36.6
0.6053,7.12,14.1,36.7
0.6055,7.13,14.2,36.7
0.6057,7.13,14.1,36.6
0.6059,7.14,14.2,36.7
0.6061,7.15,14.2,36.9
0.6062,7.15,14.2,37
0.6064,7.16,14.3,37.1
0.6066,7.16,14.3,37.2
0.6068,7.17,14.3,37.4
0.607,7.17,14.3,37.4
0.6072,7.18,14.3,37.4
0.6073,7.18,14.4,37.5
0.6075,7.19,14.4,37.6
0.6077,7.18,14.4,37.6
0.6079,7.18,14.4,37.6
0.6081,7.17,14.4,37.7
0.6083,7.16,14.4,37.7
0.6085,7.16,14.4,37.7
0.6086,7.15,14.4,37.7
0.6088,7.15,14.3,37.6
0.609,7.15,14.3,37.6
0.6092,7.15,14.3,37.6
0.6094,7.15,14.3,37.6
0.6096,7.15,14.3,37.5
0.6098,7.15,14.3,37.5
0.6099,7.14,14.3,37.4
0.6101,7.13,14.3,37.3
0.6103,7.12,14.2,37.3
0.6105,7.1,14.2,37.3
0.6107,7.08,14.2,37.3
0.6109,7.05,14.1,37.1
0.6111,7.02,14.1,37.1
0.6112,7,14,36.9
0.6114,6.96,14,36.8
0.6116,6.91,13.9,36.8
0.6118,6.86,13.8,36.7
0.612,6.81,13.7,36.5
0.6122,6.75,13.6,36.3
0.6124,6.69,13.5,36.2
0.6126,6.63,13.4,36
0.6127,6.57,13.3,35.8
0.6129,6.49,13.2,35.6
0.6131,6.38,13,35.4
0.6133,6.26,12.8,35.2
0.6135,6.19,12.7,34.9
0.6137,6.13,12.6,34.6
0.6139,6.06,12.4,34.2
0.6141,5.98,12.3,33.7
0.6143,5.89,12.1,33.4
0.6144,5.8,11.9,33
0.6146,5.75,11.8,32.5
0.6148,5.68,11.6,32
0.615,5.63,11.5,31.6
0.6152,5.6,11.4,31
0.6154,5.57,11.3,30.5
0.6156,5.53,11.2,30
0.6158,5.47,11.1,29.5
0.616,5.38,10.9,29
0.6161,5.32,10.7,28.4
0.6163,5.3,10.6,27.4
0.6165,5.24,10.5,26.7
0.6167,5.2,10.3,25.7
0.6169,5.17,10.2,24.9
0.6171,5.09,10.1,24.6
0.6173,5,9.93,24.5
0.6175,4.9,9.81,24.4
0.6177,4.84,9.71,24.4
0.6179,4.77,9.61,24.3
0.618,4.7,9.51,24.3
0.6182,4.62,9.41,24.2
0.6184,4.59,9.35,24.2
0.6186,4.56,9.29,24.1
0.6188,4.57,9.27,24
0.619,4.53,9.23,24
0.6192,4.51,9.22,24.1
0.6194,4.51,9.23,24.1
0.6196,4.57,9.3,24.1
0.6198,4.59,9.32,24.1
0.62,4.58,9.35,24.2
0.6202,4.67,9.49,24.3
0.6203,4.74,9.6,24.4
0.6205,4.8,9.71,24.6
0.6207,4.89,9.85,25.1
0.6209,4.93,9.94,25.9
0.6211,4.98,10.1,26.9
0.6213,5.04,10.2,27.7
0.6215,5.09,10.4,28.5
0.6217,5.2,10.6,29.1
0.6219,5.33,10.9,29.6
0.6221,5.42,11.1,30.3
0.6223,5.52,11.3,31
0.6225,5.63,11.5,31.6
0.6227,5.73,11.7,32.3
0.6229,5.83,11.9,32.8
0.6231,5.94,12.1,33
0.6232,6.03,12.3,33.4
0.6234,6.12,12.4,33.8
0.6236,6.23,12.6,34
0.6238,6.33,12.8,34.3
0.624,6.44,12.9,34.2
0.6242,6.53,13,34.3
0.6244,6.62,13.1,34.4
0.6246,6.7,13.2,34.5
0.6248,6.76,13.3,34.7
0.625,6.83,13.5,35
0.6252,6.94,13.6,35.3
0.6254,7.04,13.8,35.6
0.6256,7.14,14,35.8
0.6258,7.22,14.1,36.2
0.626,7.31,14.2,36.3
0.6262,7.37,14.3,36.3
0.6264,7.44,14.4,36.7
0.6266,7.52,14.6,37.1
0.6268,7.56,14.7,37.2
0.627,7.6,14.7,37.2
0.6272,7.7,14.9,37.5
0.6274,7.69,14.9,37.7
0.6275,7.72,15,38
0.6277,7.8,15.2,38.1
0.6279,7.66,14.8,37.8
0.6281,7.73,15,38
0.6283,7.85,15.3,38.3
0.6285,7.9,15.4,38.4
0.6287,7.91,15.6,38.6
0.6289,7.91,15.6,38.8
0.6291,8.1,16.1,39.2
0.6293,8.08,16.1,39.3
0.6295,8.09,16.2,39.4
0.6297,8.17,16.5,39.8
0.6299,8.23,16.6,39.9
0.6301,8.39,17.1,40.3
0.6303,8.51,17.4,40.6
0.6305,8.54,17.5,40.7
0.6307,8.57,17.6,40.8
0.6309,8.57,17.6,40.8
0.6311,8.55,17.5,40.8
0.6313,8.53,17.4,40.7
0.6315,8.53,17.4,40.7
0.6317,8.34,16.9,40.3
0.6319,8.28,16.7,40
0.6321,8.33,16.8,40.1
0.6323,8.32,16.7,39.8
0.6325,8.37,16.9,40.1
0.6327,8.44,17.1,40.2
0.6329,8.6,17.5,40.5
0.6331,8.61,17.5,40.7
0.6333,8.53,17.3,40.6
0.6335,8.56,17.4,40.7
0.6337,8.68,17.7,40.9
0.6339,8.68,17.8,40.9
0.6341,8.7,17.8,41
0.6343,8.57,17.5,40.7
0.6345,8.61,17.6,40.8
0.6347,8.62,17.6,40.8
0.6349,8.62,17.6,40.8
0.6351,8.68,17.7,40.9
0.6353,8.67,17.7,40.8
0.6355,8.77,18,41.1
0.6357,8.81,18.1,41.2
0.6359,8.73,17.8,41
0.6361,8.65,17.6,40.8
0.6363,8.75,17.9,41
0.6365,8.83,18.1,41.3
0.6367,8.88,18.2,41.3
0.6369,8.8,18,41.1
0.6371,8.67,17.6,40.7
0.6373,8.7,17.6,40.7
0.6376,8.82,18,41
0.6378,8.9,18.3,41.3
0.638,8.9,18.2,41.2
0.6382,8.88,18.2,41.1
0.6384,8.83,18,40.9
0.6386,8.83,18,40.9
0.6388,8.9,18.2,41.1
0.639,8.87,18.1,41.1
0.6392,8.84,18,41
0.6394,8.87,18.1,41
0.6396,8.88,18.1,41
0.6398,8.88,18.1,41.1
0.64,8.87,18.1,41
0.6402,8.86,18,40.8
0.6404,8.87,18.1,41
0.6406,8.9,18.2,41.1
0.6408,8.85,18,41
0.641,8.81,17.9,40.9
0.6412,8.89,18.2,41.2
0.6414,8.93,18.3,41.2
0.6416,8.9,18.2,41.1
0.6418,8.9,18.2,41.1
0.6421,8.88,18.1,41.1
0.6423,8.93,18.3,41.3
0.6425,8.94,18.3,41.3
0.6427,8.87,18.1,41.1
0.6429,8.93,18.2,41.2
0.6431,8.97,18.4,41.4
0.6433,8.85,18,41.1
0.6435,8.84,17.9,40.9
0.6437,8.96,18.3,41.2
0.6439,9.01,18.4,41.2
0.6441,8.93,18.1,40.8
0.6443,8.91,18,40.7
0.6445,8.87,17.9,40.7
0.6447,8.88,17.8,40.6
0.645,8.88,17.8,40.5
0.6452,8.9,17.9,40.5
0.6454,8.91,17.9,40.4
0.6456,8.76,17.4,39.9
0.6458,8.71,17.2,39.5
0.646,8.28,15.8,38.3
0.6462,8.15,15.3,37.7
0.6464,8.29,15.8,38.3
0.6466,8.1,15,37.2
0.6468,7.97,14.7,36.6
0.647,7.78,14.3,36.2
0.6472,7.81,14.5,36.9
0.6475,7.77,14.4,36.3
0.6477,6.9,12.6,32
0.6479,7.02,13.1,34.6
0.6481,7.48,14,36.1
0.6483,7.43,13.9,36.4
0.6485,7.37,13.8,36.2
0.6487,7.31,13.7,36.1
0.6489,7.82,14.8,38.1
0.6491,7.7,14.6,37.7
0.6494,7.51,14.2,36.9
0.6496,7.65,14.6,37.6
0.6498,7.75,14.8,37.9
0.65,8.31,16.5,39.7
0.6502,8.92,18,40.8
0.6504,8.72,17.5,40.3
0.6506,8.8,17.7,40.6
0.6508,8.75,17.6,40.6
0.651,8.54,17,40.1
0.6513,8.34,16.4,39.4
0.6515,7.69,14.6,37.5
0.6517,6.85,12.6,33.3
0.6519,6.88,12.5,30.8
0.6521,7.68,14.2,36.1
0.6523,8.1,15.4,38.2
0.6525,8.12,15.6,38.5
0.6527,8.39,16.6,39.6
0.653,8.99,18.1,40.7
0.6532,8.86,17.8,40.6
0.6534,8.1,15.8,39.1
0.6536,7.98,15.3,38.5
0.6538,8.47,16.7,39.5
0.654,8.75,17.6,40.5
0.6542,8.66,17.3,40.3
0.6545,7.87,15.1,38.7
0.6547,7.93,15.2,38.5
0.6549,7.88,15,38.4
0.6551,7.95,15.3,38.7
0.6553,8.04,15.4,38.7
0.6555,7.76,14.6,37.3
0.6557,8.08,15.4,38.5
0.656,8.18,15.8,39
0.6562,8.23,16,39
0.6564,7.99,15.2,38.2
0.6566,7.97,15.3,38.6
0.6568,8.37,16.5,39.4
0.657,8.37,16.3,39
0.6572,7.91,14.9,37.6
0.6575,7.74,14.5,37
0.6577,7.96,15.1,38.1
0.6579,8.45,16.7,39.7
0.6581,8.55,16.9,39.8
0.6583,8.35,16.2,38.9
0.6585,8.44,16.5,39
0.6588,8.21,15.8,38.3
0.659,8.28,16.1,38.9
0.6592,8.73,17.6,40.4
0.6594,8.65,17.4,40.2
0.6596,8.6,17.1,39.7
0.6598,8.71,17.5,40
0.6601,8.56,16.9,39.5
0.6603,8.49,16.6,39.1
0.6605,8.68,17.3,39.9
0.6607,8.8,17.7,40.3
0.6609,8.85,17.9,40.6
0.6612,8.86,17.9,40.6
0.6614,8.73,17.5,40.1
0.6616,8.71,17.5,40.2
0.6618,8.75,17.8,40.6
0.662,8.73,17.8,40.6
0.6623,8.74,17.8,40.6
0.6625,8.76,17.9,40.7
0.6627,8.78,17.9,40.8
0.6629,8.72,17.7,40.5
0.6631,8.78,18,41
0.6633,8.82,18.1,41.1
0.6636,8.82,18.1,41
0.6638,8.88,18.3,41.4
0.664,8.89,18.3,41.4
0.6642,8.82,18.1,41.1
0.6645,8.77,18,41.1
0.6647,8.83,18.2,41.3
0.6649,8.86,18.3,41.4
0.6651,8.86,18.3,41.5
0.6653,8.85,18.3,41.5
0.6656,8.83,18.3,41.5
0.6658,8.81,18.3,41.4
0.666,8.81,18.3,41.4
0.6662,8.77,18.3,41.7
0.6664,8.76,18.3,41.7
0.6667,8.81,18.4,41.8
0.6669,8.83,18.5,41.9
0.6671,8.85,18.5,42
0.6673,8.88,18.5,41.9
0.6676,8.9,18.6,42
0.6678,8.93,18.7,42.2
0.668,8.97,18.8,42.3
0.6682,9.02,18.9,42.3
0.6684,9.07,18.9,42.1
0.6687,9.11,19,42.2
0.6689,9.14,19.1,42.5
0.6691,9.19,19.2,42.5
0.6693,9.26,19.3,42.5
0.6696,9.3,19.4,42.6
0.6698,9.35,19.5,42.7
0.67,9.44,19.7,42.8
0.6702,9.58,19.9,42.9
0.6705,9.71,20.2,43.2
0.6707,9.85,20.5,43.5
0.6709,9.97,20.7,43.7
0.6711,9.97,20.7,43.6
0.6714,9.97,20.6,43.5
0.6716,9.97,20.6,43.4
0.6718,9.98,20.5,43.2
0.672,10,20.5,43.2
0.6723,10.1,20.6,43.2
0.6725,10.1,20.6,43.1
0.6727,10.2,20.7,43.1
0.6729,10.3,20.9,43.3
0.6732,10.5,21.3,43.8
0.6734,10.7,21.7,44.3
0.6736,10.9,22.2,44.7
0.6739,11,22.5,45
0.6741,11,22.4,44.9
0.6743,11,22.3,44.8
0.6745,10.9,22.2,44.7
0.6748,10.9,22.2,44.5
0.675,11,22.2,44.6
0.6752,11,22.4,44.7
0.6754,11.1,22.5,44.8
0.6757,11.2,22.6,44.9
0.6759,11.2,22.7,45
0.6761,11.3,22.8,45.1
0.6764,11.3,22.8,45.1
0.6766,11.3,22.9,45.2
0.6768,11.4,23,45.3
0.677,11.4,23.1,45.4
0.6773,11.5,23.1,45.4
0.6775,11.5,23.2,45.5
0.6777,11.5,23.3,45.5
0.678,11.6,23.3,45.6
0.6782,11.6,23.3,45.6
0.6784,11.6,23.4,45.6
0.6787,11.6,23.4,45.6
0.6789,11.6,23.4,45.6
0.6791,11.7,23.5,45.7
0.6793,11.7,23.5,45.8
0.6796,11.7,23.6,45.7
0.6798,11.7,23.5,45.7
0.68,11.6,23.5,45.7
0.6803,11.6,23.5,45.8
0.6805,11.6,23.4,45.7
0.6807,11.5,23.3,45.5
0.681,11.6,23.4,45.6
0.6812,11.6,23.5,45.8
0.6814,11.5,23.3,45.6
0.6817,11.5,23.2,45.5
0.6819,11.5,23.2,45.5
0.6821,11.5,23.2,45.5
0.6824,11.4,23.1,45.4
0.6826,11.3,23,45.4
0.6828,11.3,23,45.4
0.6831,11.3,22.9,45.3
0.6833,11.2,22.8,45.3
0.6835,11.2,22.7,45.1
0.6838,11.2,22.6,45.1
0.684,11.1,22.6,45
0.6842,11.1,22.5,44.9
0.6845,11.2,22.6,45
0.6847,11.3,22.7,45
0.6849,11.3,22.9,45.1
0.6852,11.5,23.2,45.4
0.6854,11.4,23.2,45.6
0.6856,11.5,23.2,45.6
0.6859,11.6,23.3,45.6
0.6861,11.5,23.2,45.5
0.6863,11.5,23.2,45.3
0.6866,11.4,23,45.1
0.6868,11.4,22.9,45.3
0.687,11.4,23,45.1
0.6873,11.6,23.2,45.4
0.6875,11.7,23.5,45.7
0.6878,11.6,23.3,45.5
0.688,11.7,23.5,45.5
0.6882,11.9,23.8,45.9
0.6885,11.9,23.9,46
0.6887,11.9,23.8,45.9
0.6889,11.8,23.7,45.8
0.6892,11.8,23.7,45.6
0.6894,11.9,23.8,45.8
0.6897,12,23.9,45.9
0.6899,11.8,23.6,45.6
0.6901,11.8,23.4,44.7
0.6904,11.7,23.1,44.5
0.6906,11.5,22.7,44
0.6908,11.6,22.7,43.7
0.6911,11.6,22.6,43.7
0.6913,11.2,21.6,42.4
0.6916,11,20.8,41.1
0.6918,11,20.8,41.4
0.692,10.8,20.3,40.7
0.6923,9.75,17.9,39
0.6925,8.7,14.9,36.1
0.6928,8.84,15.7,36.9
0.693,8.19,14.6,35.8
0.6932,7.64,13.2,31.6
0.6935,7.87,13.8,33.3
0.6937,8.19,14.7,36.3
0.694,7.36,13.2,34.1
0.6942,6.31,10.1,23.1
0.6944,6.6,11.2,25
0.6947,8.08,14.5,37
0.6949,7.42,13.8,36.5
0.6952,7.16,13,33.2
0.6954,8.21,14.8,37.1
0.6957,7.32,13.7,35.9
0.6959,7.35,13.6,35.6
0.6961,7.35,13.4,34.7
0.6964,7.94,15,39
0.6966,9.5,18.8,41.4
0.6969,10.1,20.5,43.5
0.6971,10.5,21.2,43.7
0.6974,10.2,20.4,42.8
0.6976,10.2,20.2,42.2
0.6978,9.45,18.8,41.4
0.6981,9.12,18,40.8
0.6983,9.23,18.3,40.9
0.6986,8.65,16.7,39.8
0.6988,7.48,13.8,36
0.6991,6.57,11.7,29.1
0.6993,6.87,12.6,33.5
0.6995,7.17,13.4,35.9
0.6998,7.33,13.8,36.4
0.7,7.18,13.5,35.6
0.7003,7.12,13.5,35.7
0.7005,6.79,12.8,34.5
0.7008,6.56,12,31.6
0.701,7.22,13.4,34.5
0.7013,7,13,33.8
0.7015,7.05,13.1,34.5
0.7018,6.54,12.2,33.1
0.702,6.55,12.2,32.3
0.7022,7.3,13.7,35.6
0.7025,6.94,13.1,34.7
0.7027,6.3,11.4,29.9
0.703,6.72,12.5,33.3
0.7032,8.2,15.7,38.7
0.7035,9.04,18.3,41.2
0.7037,8.18,16.4,40.2
0.704,7.01,13.1,34.9
0.7042,7.25,13.6,35.4
0.7045,8.17,15.6,38.3
0.7047,8.24,16,39.1
0.705,8.34,16.2,38.7
0.7052,7.64,14.2,36.4
0.7055,7.46,13.7,35.7
0.7057,8.13,15.2,37.9
0.706,8.39,15.7,38.4
0.7062,8.56,16.2,38.7
0.7065,8.5,15.8,38.1
0.7067,8.46,15.5,37.6
0.707,9.09,17.8,40.6
0.7072,9.74,19.2,41.3
0.7075,9.61,18.6,40.3
0.7077,9.73,18.9,40.7
0.708,8.91,16.8,39.4
0.7082,9.06,17.2,39.6
0.7085,10.5,20.5,42
0.7087,10.6,20.6,42
0.709,9.72,18.6,40.1
0.7092,9.75,18.7,40.1
0.7095,10.2,19.1,40.2
0.7097,10.1,19,40.1
0.71,10,19.4,40.9
0.7102,9.92,19.1,40.8
0.7105,10.4,20.1,41.6
0.7107,10.4,20,41.2
0.711,10.2,19.4,40.3
0.7112,10.6,20.2,41
0.7115,11,21.2,42.2
0.7117,11.1,21.3,42
0.712,10.6,20.3,41.4
0.7123,10.5,20.1,41.3
0.7125,10.8,20.6,41.2
0.7128,10.8,20.4,41.2
0.713,10.2,19.1,39.7
0.7133,10.1,19.1,40.4
0.7135,10.6,20.1,41.2
0.7138,10.2,19.6,40.7
0.714,10.1,19.3,40.8
0.7143,9.92,18.8,39.9
0.7145,9.76,18.3,39.4
0.7148,9.21,17.2,38.9
0.7151,8.36,14.8,36
0.7153,8.33,14.7,35.5
0.7156,8.44,14.8,35
0.7158,7.98,13.9,32.1
0.7161,7.47,13.1,28.4
0.7163,6.97,12.2,24.4
0.7166,6.27,10,22.4
0.7168,5.4,8.15,15.7
0.7171,5.06,7.34,14.4
0.7174,4.78,6.6,13.9
0.7176,4.73,6.54,13.8
0.7179,4.69,6.57,13.9
0.7181,4.54,6.42,14
0.7184,4.49,6.49,13.9
0.7186,4.2,5.57,11.3
0.7189,4.12,5.45,12.1
0.7192,4.14,5.89,13.2
0.7194,3.97,5.41,11.3
0.7197,3.93,5.52,10.8
0.7199,3.85,5.6,11.3
0.7202,3.63,5.13,9.68
0.7205,3.59,5.04,9.57
0.7207,3.59,5.17,9.91
0.721,3.59,5.44,12.2
0.7212,3.52,5.96,13.7
0.7215,3.42,6.25,14.4
0.7218,3.29,6.18,14.5
0.722,3.23,6.04,14.2
0.7223,3.18,5.86,13.8
0.7225,3.13,5.5,12.9
0.7228,2.92,5.09,11.3
0.7231,2.81,5.03,10.7
0.7233,2.73,4.76,9.67
0.7236,2.58,4.36,7.57
0.7239,2.51,4.43,8.69
0.7241,2.36,4.31,8.6
0.7244,2.38,4.22,7.81
0.7246,2.2,4.13,7.89
0.7249,1.92,3.83,7.87
0.7252,1.81,3.66,7.79
0.7254,1.73,3.53,7.16
0.7257,1.59,3.31,7.33
0.726,1.49,3.16,7.6
0.7262,1.69,3.46,7.53
0.7265,1.81,3.61,7.26
0.7267,1.66,3.39,7.21
0.727,1.48,3.1,7.35
0.7273,1.41,2.98,7.09
0.7275,1.33,2.82,6.53
0.7278,1.49,3.1,6.35
0.7281,1.5,3.12,6.6
0.7283,1.64,3.37,7.77
0.7286,1.93,3.85,8.81
0.7289,2.02,3.99,8.74
0.7291,2,3.92,7.59
0.7294,2.03,3.98,7.72
0.7297,2.04,4.06,8.22
0.7299,2.13,4.21,9.25
0.7302,2.18,4.31,9.35
0.7305,2.37,4.44,8.52
0.7307,2.48,4.62,9.7
0.731,2.72,4.94,10.5
0.7313,2.9,4.99,9.66
0.7315,3.01,5.23,11.1
0.7318,3.19,5.29,11.3
0.7321,3.23,5.37,12
0.7323,3.29,5.92,13.9
0.7326,3.39,6.21,14.2
0.7329,3.34,6.02,13.9
0.7331,3.47,6.13,13.9
0.7334,3.71,6.28,14
0.7337,3.89,6.47,14.3
0.7339,4.13,7.34,16.9
0.7342,4.27,7.76,18.9
0.7345,4.39,7.6,18.1
0.7348,4.68,7.95,19.1
0.735,4.87,8.11,19.4
0.7353,4.89,8.37,20.6
0.7356,5.19,9.35,22.6
0.7358,5.45,9.55,22.7
0.7361,5.56,9.46,22.6
0.7364,5.66,9.51,22.3
0.7366,5.82,9.84,22.6
0.7369,5.75,9.77,22.7
0.7372,5.97,10.3,23.4
0.7375,6.68,12,24.5
0.7377,7.09,12.9,29.8
0.738,7.25,13.1,31
0.7383,7.11,12.6,28
0.7386,7.23,12.8,30.5
0.7388,8.08,14.5,34.9
0.7391,7.97,14.1,33.3
0.7394,8.05,14.1,33.3
0.7396,8.56,15,35.6
0.7399,8.8,15.5,36.1
0.7402,5.61,11.2,27.3
0.7405,5.64,11.5,29.9
0.7407,5.68,11.5,29.5
0.741,5.75,11.4,28.2
0.7413,5.87,11.7,30
0.7416,5.97,12,30.4
0.7418,6.15,12.5,32.2
0.7421,6.42,13.1,33.5
0.7424,6.71,13.5,33.8
0.7427,6.97,13.8,35.7
0.7429,7.28,14.6,37.6
0.7432,7.75,16,39.4
0.7435,8.05,16.6,39.7
0.7438,8.36,17.1,39.6
0.744,8.52,17.1,39.3
0.7443,8.8,17.5,39
0.7446,9.26,18.6,39.9
0.7449,9.66,19.4,40.8
0.7452,9.33,18.9,40.6
0.7454,8.59,17.5,39.8
0.7457,8.01,16.5,39.6
0.746,7.44,15.3,38.8
0.7463,6.98,14.5,38.2
0.7465,6.56,14,38.1
0.7468,6.13,13.2,37.3
0.7471,5.74,12.4,36
0.7474,5.44,11.9,35.5
0.7477,5.35,11.7,35.3
0.7479,5.37,11.7,35
0.7482,5.38,11.7,35.2
0.7485,5.41,11.8,35.2
0.7488,5.45,11.9,35.3
0.7491,5.48,12,35.6
0.7493,5.5,12,35.7
0.7496,5.53,12,35.7
0.7499,5.54,12,35.6
0.7502,5.57,12.1,35.6
0.7505,5.65,12.3,35.7
0.7508,5.74,12.5,35.9
0.751,5.84,12.7,36.3
0.7513,5.93,12.9,36.5
0.7516,6.04,13.1,36.8
0.7519,6.17,13.3,37.2
0.7522,6.29,13.5,37.5
0.7524,6.41,13.7,37.8
0.7527,6.53,13.9,36.7
0.753,6.75,14.3,36.8
0.7533,6.99,14.6,37.1
0.7536,7.26,14.9,37.4
0.7539,7.54,15.4,37.7
0.7541,7.84,15.9,38.2
0.7544,8.18,16.4,38.7
0.7547,8.52,17,39.4
0.755,8.89,17.5,39.6
0.7553,9.02,17.4,38.3
0.7556,9.12,17.4,38
0.7559,9.23,17.4,37.8
0.7561,9.35,17.5,37.6
0.7564,9.46,17.5,37.6
0.7567,9.58,17.6,37.6
0.757,9.69,17.8,37.8
0.7573,9.8,17.9,38
0.7576,9.66,17.7,39.2
0.7579,8.81,16.1,37.7
0.7582,8.08,14.7,35.9
0.7584,7.51,13.9,34.1
0.7587,7.01,13.2,31.8
0.759,6.58,12.5,29.5
0.7593,6.22,11.8,27.2
0.7596,5.92,11.2,25.3
0.7599,5.68,10.8,24.4
0.7602,5.53,10.5,24.3
0.7605,5.36,10.1,24.2
0.7607,5.21,9.87,24
0.761,5.09,9.69,23.9
0.7613,4.98,9.52,23.7
0.7616,4.87,9.35,23.6
0.7619,4.75,9.16,23.4
0.7622,4.65,9,23.3
0.7625,4.57,8.85,23.2
0.7628,4.66,9.05,23.4
0.7631,4.75,9.25,23.7
0.7634,4.84,9.45,23.9
0.7637,4.93,9.65,24.2
0.7639,5.02,9.84,24.4
0.7642,5.11,10.1,25
0.7645,5.21,10.3,26.3
0.7648,5.34,10.7,27.7
0.7651,5.43,10.9,28.6
0.7654,5.45,11,28.9
0.7657,5.49,11.1,29.2
0.766,5.51,11.1,29.3
0.7663,5.54,11.2,29.3
0.7666,5.54,11.2,29.4
0.7669,5.53,11.3,29.8
0.7672,5.52,11.3,30.2
0.7675,5.58,11.4,30.3
0.7678,5.63,11.4,29.6
0.768,5.64,11.3,29.1
0.7683,5.65,11.3,28.5
0.7686,5.63,11.2,28
0.7689,5.6,11.1,27.3
0.7692,5.57,10.9,26.4
0.7695,5.57,10.8,25.4
0.7698,5.56,10.7,24.5
0.7701,5.54,10.6,24.3
0.7704,5.61,10.8,24.3
0.7707,5.68,10.9,24.4
0.771,5.8,11.2,24.8
0.7713,5.97,11.5,25.8
0.7716,6.16,11.9,26.8
0.7719,6.33,12.1,27.5
0.7722,6.52,12.4,28.1
0.7725,6.69,12.6,28.9
0.7728,6.61,12.5,27.1
0.7731,6.5,12.2,25.8
0.7734,6.43,12,24.5
0.7737,6.47,12,24.4
0.774,6.6,12.1,24.5
0.7743,6.77,12.3,24.9
0.7746,6.91,12.4,25.5
0.7749,6.93,12.4,25
0.7752,6.91,12.3,24.3
0.7755,6.84,12.2,24.1
0.7758,6.83,12.2,24.1
0.7761,6.83,12.2,24
0.7764,6.83,12.2,24
0.7767,6.84,12.2,24
0.777,6.84,12.2,23.9
0.7773,6.8,12.1,23.9
0.7776,6.53,11.7,23.7
0.7779,5.89,10.6,23.2
0.7782,5.33,9.64,22.5
0.7785,4.86,8.95,21.6
0.7788,4.48,8.31,20.7
0.7791,4.15,7.77,19.5
0.7794,3.89,7.28,18.2
0.7797,3.64,6.78,16.7
0.78,3.42,6.43,15.2
0.7803,3.28,6.03,14.3
0.7806,3.12,5.65,13.6
0.7809,3.02,5.34,12.8
0.7812,2.97,5.17,12
0.7816,2.91,5,11
0.7819,2.85,4.85,9.97
0.7822,2.82,4.74,9.7
0.7825,2.77,4.6,9.41
0.7828,2.56,4.23,8.82
0.7831,2.36,3.92,8.07
0.7834,2.18,3.62,7.71
0.7837,2.03,3.36,7.29
0.784,1.91,3.17,6.84
0.7843,1.87,3.07,6.55
0.7846,1.85,2.99,6.43
0.7849,1.8,2.89,6.29
0.7852,1.8,2.87,6.26
0.7855,1.77,2.84,6.23
0.7859,1.76,2.81,6.19
0.7862,1.75,2.8,6.18
0.7865,1.74,2.79,6.16
0.7868,1.74,2.8,6.17
0.7871,1.74,2.8,6.19
0.7874,1.74,2.8,6.21
0.7877,1.73,2.79,6.18
0.788,1.73,2.78,6.19
0.7883,1.73,2.8,6.27
0.7886,1.73,2.81,6.35
0.789,1.74,2.85,6.45
0.7893,1.75,2.9,6.57
0.7896,1.76,2.96,6.77
0.7899,1.77,3.05,7.29
0.7902,1.79,3.05,7.23
0.7905,1.78,2.99,6.85
0.7908,1.78,2.95,6.6
0.7911,1.79,2.92,6.44
0.7915,1.79,2.9,6.37
0.7918,1.8,2.89,6.29
0.7921,1.81,2.9,6.19
0.7924,1.82,2.92,6.19
0.7927,1.85,3,6.36
0.793,1.88,3.08,6.47
0.7933,1.93,3.19,6.72
0.7937,2.01,3.33,7.28
0.794,2.09,3.47,7.64
0.7943,2.14,3.6,7.9
0.7946,2.2,3.75,8.17
0.7949,2.27,3.9,8.6
0.7952,2.32,4.01,8.78
0.7955,2.38,4.1,8.96
0.7959,2.43,4.19,9.08
0.7962,2.52,4.3,9.01
0.7965,2.58,4.4,9.09
0.7968,2.62,4.5,9.4
0.7971,2.65,4.58,9.61
0.7974,2.72,4.69,9.77
0.7978,2.79,4.83,9.95
0.7981,2.84,4.92,10.3
0.7984,2.93,5.03,10.6
0.7987,3.04,5.18,11.1
0.799,3.08,5.3,11.8
0.7994,3.2,5.52,12.4
0.7997,3.36,5.76,12.8
0.8,3.54,5.89,12.9
0.8003,3.61,6.01,13.2
0.8006,3.73,6.31,13.8
0.801,3.96,6.54,14.1
0.8013,4.11,6.7,14.3
0.8016,4.18,7,14.6
0.8019,4.31,7.47,15
0.8022,4.53,7.65,15.8
0.8026,4.71,7.81,16.5
0.8029,4.75,7.89,16.7
0.8032,4.86,8.18,18.2
0.8035,4.94,8.31,18.6
0.8039,4.93,8.21,18.3
0.8042,4.94,8.4,19
0.8045,4.93,8.15,18
0.8048,5.08,8.51,19.3
0.8052,5.31,9.14,20.8
0.8055,5.2,8.99,20.5
0.8058,5.15,8.95,20.5
0.8061,5.12,8.88,20.3
0.8065,5.05,8.64,19.7
0.8068,5.08,8.74,20
0.8071,5.1,8.72,19.9
0.8074,5.06,8.73,20.1
0.8078,5.09,8.86,20.4
0.8081,5.08,8.75,20
0.8084,5.12,8.73,19.9
0.8087,5.1,8.65,19.6
0.8091,5.02,8.52,19.3
0.8094,4.99,8.48,19.1
0.8097,4.98,8.33,18.4
0.81,5,8.25,17.5
0.8104,5,8.27,17.3
0.8107,4.98,8.14,16.7
0.811,4.94,7.95,15
0.8114,4.88,7.67,14.7
0.8117,4.97,7.93,15.4
0.812,5.04,8.09,16
0.8123,4.91,7.57,14.6
0.8127,4.93,7.52,14.5
0.813,4.94,7.55,14.6
0.8133,4.78,7,14.2
0.8137,4.75,6.59,13.3
0.814,4.9,7.1,14.1
0.8143,4.9,7.01,14
0.8147,4.88,6.72,13.3
0.815,4.82,6.53,13.3
0.8153,4.73,6.29,12.5
0.8157,4.81,6.6,13.3
0.816,4.85,6.84,13.6
0.8163,4.56,6.07,12.2
0.8167,4.51,5.97,12.1
0.817,4.58,6.22,12.8
0.8173,4.84,7.03,14.3
0.8177,4.96,7.37,14.4
0.818,4.62,6.24,13
0.8183,4.76,6.47,13.6
0.8187,4.96,7.17,14.3
0.819,4.86,6.82,13.9
0.8193,4.79,6.49,13.4
0.8197,4.98,7.25,14.4
0.82,4.9,6.79,14.1
0.8203,5.19,7.91,18
0.8207,6.49,10.2,21.7
0.821,6.55,10.4,22.1
0.8214,6.58,10.5,22.2
0.8217,6.43,10.2,22
0.822,5.87,9.12,19.8
0.8224,5.32,7.88,15
0.8227,4.81,6.39,13.4
0.823,4.46,5.27,9.05
0.8234,4.61,5.66,9.73
0.8237,5.19,7.36,14.1
0.8241,5.98,8.85,17.1
0.8244,5.64,8.59,17.8
0.8247,6,9.65,21.7
0.8251,7.33,11.9,23.2
0.8254,6.8,11,22.8
0.8258,5.61,8.58,18.8
0.8261,5.45,8.24,18.2
0.8264,5.99,9.32,20.9
0.8268,6.88,11.3,23.1
0.8271,6.91,11.5,23.2
0.8275,5.45,8.31,19.6
0.8278,5.23,7.44,14.5
0.8282,5.16,7.32,14.4
0.8285,5.65,8.8,20
0.8288,5.75,9.01,20.4
0.8292,5.62,8.71,19.6
0.8295,5.88,9.01,19.8
0.8299,6.16,9.63,21.4
0.8302,6.76,10.8,22.3
0.8306,5.62,8.68,19.4
0.8309,6.25,10.1,22.4
0.8313,7.05,11.3,22.8
0.8316,6.4,9.69,20.8
0.8319,6.1,9.11,18.9
0.8323,5.74,8.8,19.4
0.8326,6.69,11.2,23.1
0.833,7.12,11.5,23
0.8333,6.42,9.67,20.6
0.8337,6.69,10.1,21.3
0.834,6.55,10.2,21.6
0.8344,6.59,10.6,22.4
0.8347,7.2,11.8,23.3
0.8351,6.88,11.4,23
0.8354,6.31,9.9,21.5
0.8358,6,9.53,20.9
0.8361,5.95,9.61,21.3
0.8365,6.13,10.1,22.1
0.8368,6.02,9.99,22.1
0.8372,6.09,10.1,22.2
0.8375,5.79,9.64,21.7
0.8379,5.69,9.35,21.2
0.8382,5.74,10,22.7
0.8386,5.51,9.64,22.2
0.8389,5.48,9.53,22.1
0.8393,5.88,10.6,23.3
0.8396,6.02,10.6,23.1
0.84,6.09,10.6,22.9
0.8403,6.19,11,23.3
0.8407,5.79,10.2,22.7
0.841,5.24,9.2,21.7
0.8414,5,9.06,21.9
0.8418,5.05,9.09,21.7
0.8421,5.03,9.06,21.8
0.8425,5.64,10.3,22.9
0.8428,6.37,11.3,23.4
0.8432,6.59,11.6,23.5
0.8435,6.41,11.4,23.4
0.8439,6.1,10.9,23.1
0.8442,5.88,10.5,22.9
0.8446,6.1,11,23.2
0.845,6.47,11.6,23.5
0.8453,6.74,11.8,23.5
0.8457,6.93,12,23.6
0.846,6.96,12,23.5
0.8464,6.97,11.9,23.5
0.8467,7.08,12.2,23.6
0.8471,7.13,12.2,23.7
0.8475,7.02,12.1,23.6
0.8478,7.03,12,23.5
0.8482,6.99,11.9,23.5
0.8485,7.1,12.1,23.6
0.8489,7.3,12.3,23.6
0.8493,7.3,12.3,23.6
0.8496,7.3,12.3,23.6
0.85,7.22,12.2,23.5
0.8503,7.05,11.9,23.2
0.8507,6.96,11.7,23
0.8511,6.75,11.3,22.7
0.8514,6.49,10.8,22.3
0.8518,6.39,10.5,22
0.8522,6.21,10.2,21.7
0.8525,6,9.88,21.5
0.8529,5.9,9.83,21.3
0.8532,5.6,9.61,21.2
0.8536,5.31,9.26,20.7
0.854,5.16,8.96,20.1
0.8543,4.96,8.76,19.8
0.8547,4.61,8.41,19.8
0.8551,4.48,8.14,19.3
0.8554,4.43,7.94,18
0.8558,4.2,7.56,16.2
0.8562,3.86,7.12,14.9
0.8565,3.61,6.65,14.6
0.8569,3.32,6.16,14.1
0.8573,3,5.6,13.3
0.8576,2.81,5.2,12.6
0.858,2.65,4.93,11.7
0.8584,2.52,4.7,10.8
0.8587,2.49,4.61,10.2
0.8591,2.45,4.5,9.87
0.8595,2.31,4.24,9.49
0.8598,2.19,4.03,8.97
0.8602,1.96,3.67,8.21
0.8606,1.81,3.43,7.9
0.861,1.73,3.3,7.71
0.8613,1.63,3.15,7.53
0.8617,1.54,3.02,7.42
0.8621,1.41,2.81,7.21
0.8624,1.41,2.83,7.38
0.8628,1.53,3.07,7.84
0.8632,1.58,3.19,8.15
0.8636,1.53,3.13,8.13
0.8639,1.49,3.05,8.03
0.8643,1.57,3.18,8.09
0.8647,1.58,3.18,8.05
0.8651,1.59,3.19,8.02
0.8654,1.56,3.13,8.02
0.8658,1.69,3.32,8.55
0.8662,1.82,3.56,9.05
0.8666,1.74,3.46,9.11
0.8669,1.81,3.61,9.3
0.8673,1.85,3.73,9.51
0.8677,2.04,4.07,9.96
0.8681,2.26,4.44,11.1
0.8684,2.39,4.7,11.8
0.8688,2.5,4.94,12.5
0.8692,2.62,5.15,13
0.8696,2.63,5.16,13.1
0.8699,2.71,5.26,13.1
0.8703,2.74,5.3,13.1
0.8707,2.83,5.45,13.4
0.8711,3,5.69,13.6
0.8715,3.11,5.91,13.9
0.8718,3.3,6.15,14.1
0.8722,3.42,6.28,14.4
0.8726,3.41,6.26,14.4
0.873,3.3,6.06,14
0.8734,3.26,5.86,13.5
0.8737,3.08,5.53,12.8
0.8741,2.92,5.15,11.9
0.8745,2.87,4.98,11
0.8749,2.86,4.93,10.3
0.8753,2.79,4.81,9.93
0.8757,2.69,4.7,9.88
0.876,2.66,4.66,9.87
0.8764,2.65,4.69,9.91
0.8768,2.63,4.7,9.97
0.8772,2.62,4.72,9.98
0.8776,2.52,4.53,9.73
0.878,2.34,4.17,9.08
0.8783,2.2,3.84,7.96
0.8787,2.01,3.42,6.98
0.8791,1.81,3.06,6.13
0.8795,1.61,2.7,5.26
0.8799,1.34,2.25,4.52
0.8803,1.11,1.88,3.95
0.8807,1.02,1.72,3.54
0.8811,0.95,1.6,3.35
0.8814,0.692,1.24,2.74
0.8818,0.462,0.911,2.13
0.8822,0.387,0.781,1.9
0.8826,0.346,0.706,1.76
0.883,0.328,0.676,1.69
0.8834,0.29,0.603,1.59
0.8838,0.292,0.61,1.62
0.8842,0.332,0.691,1.79
0.8846,0.417,0.847,2.09
0.885,0.508,1,2.39
0.8853,0.505,1,2.41
0.8857,0.466,0.935,2.25
0.8861,0.431,0.868,2.11
0.8865,0.319,0.656,1.66
0.8869,0.201,0.421,1.15
0.8873,0.178,0.373,1.01
0.8877,0.201,0.419,1.13
0.8881,0.233,0.484,1.27
0.8885,0.276,0.568,1.43
0.8889,0.338,0.686,1.67
0.8893,0.31,0.633,1.6
0.8897,0.331,0.677,1.68
0.8901,0.367,0.743,1.86
0.8905,0.311,0.64,1.66
0.8909,0.329,0.676,1.72
0.8913,0.308,0.634,1.64
0.8917,0.334,0.685,1.75
0.8921,0.398,0.805,1.98
0.8925,0.357,0.728,1.86
0.8929,0.351,0.716,1.84
0.8933,0.361,0.734,1.87
0.8937,0.294,0.607,1.6
0.8941,0.27,0.559,1.48
0.8945,0.294,0.606,1.59
0.8949,0.307,0.63,1.63
0.8953,0.317,0.65,1.67
0.8957,0.284,0.588,1.56
0.8961,0.285,0.591,1.58
0.8965,0.376,0.768,1.95
0.8969,0.466,0.936,2.28
0.8973,0.589,1.14,2.73
0.8977,0.587,1.15,2.76
0.8981,0.569,1.13,2.76
0.8985,0.566,1.13,2.78
0.8989,0.508,1.02,2.62
0.8993,0.521,1.04,2.65
0.8997,0.581,1.15,2.82
0.9001,0.651,1.26,3.1
0.9005,0.74,1.4,3.35
0.9009,0.81,1.5,3.52
0.9013,0.864,1.59,3.78
0.9017,0.961,1.75,4.05
0.9021,1.07,1.93,4.28
0.9025,1.12,2.03,4.51
0.9029,1.16,2.11,4.78
0.9033,1.3,2.39,5.22
0.9038,1.48,2.69,5.95
0.9042,1.62,2.93,6.32
0.9046,1.59,2.93,6.43
0.905,1.7,3.13,6.81
0.9054,1.96,3.51,7.01
0.9058,2.11,3.77,7.57
0.9062,2.21,3.96,7.63
0.9066,2.42,4.18,7.54
0.907,2.68,4.35,7.73
0.9074,2.9,4.38,7.18
0.9079,3.06,4.66,8.2
0.9083,3.21,4.84,8.91
0.9087,3.34,4.81,8.53
0.9091,3.58,5.04,8.93
0.9095,3.79,5.25,9.32
0.9099,3.77,5.11,9.23
0.9103,3.85,5.33,10.1
0.9107,3.88,5.25,9.8
0.9112,3.83,5.32,11.9
0.9116,4.01,6.2,13.4
0.912,3.96,5.44,11.7
0.9124,4.02,5.72,12.8
0.9128,4.03,5.86,12.9
0.9132,3.84,5.18,9.63
0.9137,3.83,4.96,8.05
0.9141,4.04,5.46,11.8
0.9145,4.43,6.43,13.3
0.9149,4.42,6.31,13.2
0.9153,4.18,5.58,11.6
0.9158,4.08,5.2,9.6
0.9162,4.14,5.7,11.5
0.9166,4.5,6.46,13.7
0.917,4.67,6.78,14
0.9174,4.39,5.75,11.6
0.9179,4.35,5.4,10
0.9183,4.56,6.19,12.6
0.9187,4.47,6.34,13.4
0.9191,4.46,6.45,13.8
0.9195,4.33,6.12,12.9
0.92,4.28,6.28,13.5
0.9204,4.35,7.08,14.8
0.9208,4.26,6.49,14.3
0.9212,4.15,6.18,13.2
0.9217,4.04,5.89,12.7
0.9221,4.06,6,13.2
0.9225,4.1,6.48,14.3
0.9229,3.94,6.14,13.7
0.9234,3.85,5.98,13.1
0.9238,3.74,5.6,11.4
0.9242,3.63,5.61,11.4
0.9246,3.53,5.42,11.3
0.9251,3.49,5.26,11
0.9255,3.59,5.72,12.3
0.9259,3.69,5.87,12.8
0.9264,3.81,5.9,12.8
0.9268,4.03,6.32,13.4
0.9272,4.2,6.4,13.4
0.9276,4.2,5.98,11.7
0.9281,3.99,5.37,9.36
0.9285,3.91,5.13,8.39
0.9289,3.99,5.24,8.4
0.9294,3.95,5.18,8
0.9298,3.85,5.02,7.66
0.9302,3.81,4.9,7.21
0.9307,3.82,4.85,6.94
0.9311,3.83,4.81,6.82
0.9315,3.77,4.6,6.38
0.932,3.78,4.55,6.23
0.9324,3.77,4.39,5.61
0.9328,3.79,4.46,5.95
0.9333,3.82,4.51,5.88
0.9337,3.77,4.28,5.28
0.9341,3.71,4.22,5.25
0.9346,3.64,4.14,5.22
0.935,3.81,4.62,6.22
0.9355,3.85,4.66,6.23
0.9359,3.72,4.21,5.26
0.9363,3.85,4.57,6.02
0.9368,3.87,4.56,5.98
0.9372,3.74,4.21,5.26
0.9376,3.78,4.29,5.3
0.9381,3.8,4.28,5.3
0.9385,3.87,4.46,5.82
0.939,4.17,5.02,7.42
0.9394,4.51,5.46,8.81
0.9398,4.81,6.17,10.7
0.9403,4.82,6.12,10.9
0.9407,4.65,5.43,8.44
0.9412,4.39,5.13,7.47
0.9416,4.29,5.09,7.41
0.9421,4.4,5.15,7.52
0.9425,4.36,5.07,6.58
0.943,4.05,4.77,6.37
0.9434,4.22,5.06,7.29
0.9438,4.4,5.14,7.35
0.9443,3.97,4.41,5.32
0.9447,4.18,4.98,7.19
0.9452,4.68,5.28,7.73
0.9456,4.33,5.07,7.15
0.9461,4.02,4.56,5.47
0.9465,4.26,5.01,6.53
0.947,4.46,5.11,6.8
0.9474,4.37,5.11,7.41
0.9479,4.41,5.14,7.43
0.9483,4.19,4.98,6.55
0.9488,4.46,5.21,7.89
0.9492,4.68,5.37,8.03
0.9497,4.21,5.01,7.31
0.9501,3.99,4.47,5.3
0.9506,4.29,5.15,7.86
0.951,4.83,5.86,8.9
0.9515,4.64,5.45,8.23
0.9519,4.16,4.93,6.49
0.9524,4.01,4.63,5.32
0.9528,4.15,4.88,6.34
0.9533,4.58,5.27,7.82
0.9537,4.64,5.32,7.87
0.9542,4.43,5.13,7.22
0.9547,4.32,5.08,7.17
0.9551,4.47,5.19,7.54
0.9556,4.29,5.07,7.18
0.956,4.3,5.18,8.05
0.9565,4.27,5.14,8
0.9569,4.08,4.85,6.33
0.9574,4.4,5.3,9.24
0.9579,4.55,5.74,9.5
0.9583,4.36,5.3,8.1
0.9588,4.23,5.14,7.81
0.9592,4.06,4.89,6.53
0.9597,4.03,4.9,6.68
0.9602,4.25,5.2,8.04
0.9606,4.06,5.08,7.92
0.9611,3.94,5.01,7.91
0.9615,3.94,5.14,8.11
0.962,3.68,4.81,7.42
0.9625,3.45,4.49,6.3
0.9629,3.26,4.65,7.42
0.9634,3.06,4.9,8.53
0.9639,2.88,4.55,8.04
0.9643,3,4.52,7.32
0.9648,2.84,4.49,7.44
0.9653,2.52,4.35,7.31
0.9657,2.46,4.58,7.96
0.9662,2.45,4.31,7.71
0.9667,2.43,4.23,6.57
0.9671,2.4,4.37,7.7
0.9676,2.46,4.64,9.71
0.9681,2.45,4.55,9.48
0.9685,2.32,4.29,8.22
0.969,1.99,3.91,8.05
0.9695,1.79,3.46,7.48
0.9699,1.71,3.2,6.51
0.9704,1.43,2.71,5.92
0.9709,1.06,2.11,5.22
0.9713,1.16,2.26,5.3
0.9718,1.56,2.94,6.38
0.9723,1.78,3.39,6.91
0.9728,1.87,3.5,6.95
0.9732,1.76,3.36,6.95
0.9737,1.62,3.12,6.17
0.9742,1.5,2.87,5.76
0.9747,1.49,2.85,6.13
0.9751,1.57,2.93,6.09
0.9756,1.59,2.9,5.48
0.9761,1.61,2.88,5.32
0.9766,1.53,2.73,5.33
0.977,1.51,2.65,5.48
0.9775,1.43,2.5,5.27
0.978,1.37,2.36,5.06
0.9785,1.41,2.4,5.02
0.979,1.36,2.28,4.83
0.9794,1.3,2.18,4.6
0.9799,1.3,2.16,4.56
0.9804,1.24,2.06,4.37
0.9809,1.13,1.88,4.14
0.9814,1.11,1.83,4.06
0.9818,1.04,1.7,3.86
0.9823,0.989,1.61,3.68
0.9828,0.951,1.53,3.46
0.9833,0.836,1.36,3.17
0.9838,0.832,1.35,3.18
0.9843,0.852,1.37,3.25
0.9847,0.834,1.35,3.21
0.9852,0.919,1.45,3.37
0.9857,0.887,1.38,3.19
0.9862,0.854,1.33,2.98
0.9867,0.807,1.26,2.77
0.9872,0.739,1.17,2.58
0.9877,0.574,1.01,2.16
0.9881,0.438,0.869,1.82
0.9886,0.394,0.8,1.68
0.9891,0.439,0.871,1.82
0.9896,0.536,0.974,1.99
0.9901,0.558,0.996,2.04
0.9906,0.566,1.01,2.1
0.9911,0.613,1.05,2.21
0.9916,0.636,1.08,2.28
0.9921,0.685,1.14,2.51
0.9926,0.758,1.21,2.7
0.993,0.74,1.19,2.65
0.9935,0.712,1.16,2.58
0.994,0.718,1.16,2.57
0.9945,0.716,1.16,2.51
0.995,0.688,1.12,2.36
0.9955,0.629,1.06,2.22
0.996,0.574,1.01,2.09
0.9965,0.63,1.06,2.17
0.997,0.771,1.18,2.44
0.9975,0.849,1.26,2.58
0.998,0.851,1.27,2.59
0.9985,0.761,1.18,2.42
0.999,0.727,1.16,2.31
0.9995,0.821,1.26,2.56
1,0.889,1.34,2.72
1.0005,0.89,1.35,2.73
1.001,0.885,1.34,2.73
1.0015,0.877,1.33,2.72
1.002,0.866,1.32,2.71
1.0025,0.891,1.36,2.75
1.003,0.928,1.4,2.82
1.0035,0.946,1.42,2.86
1.004,0.909,1.38,2.8
1.0045,0.795,1.26,2.64
1.005,0.708,1.18,2.49
1.0055,0.667,1.15,2.42
1.006,0.626,1.11,2.3
1.0065,0.616,1.11,2.32
1.007,0.649,1.14,2.47
1.0076,0.635,1.14,2.47
1.0081,0.607,1.11,2.39
1.0086,0.589,1.09,2.3
1.0091,0.595,1.09,2.27
1.0096,0.592,1.08,2.24
1.0101,0.568,1.06,2.2
1.0106,0.554,1.05,2.2
1.0111,0.542,1.04,2.21
1.0116,0.52,1.02,2.19
1.0121,0.516,1.01,2.21
1.0127,0.573,1.09,2.32
1.0132,0.641,1.14,2.45
1.0137,0.662,1.14,2.43
1.0142,0.658,1.13,2.36
1.0147,0.664,1.12,2.33
1.0152,0.684,1.12,2.29
1.0157,0.726,1.13,2.27
1.0163,0.809,1.18,2.32
1.0168,0.867,1.21,2.38
1.0173,0.898,1.23,2.41
1.0178,0.914,1.24,2.37
1.0183,0.933,1.24,2.32
1.0188,0.94,1.23,2.27
1.0194,0.933,1.21,2.21
1.0199,0.928,1.19,2.15
1.0204,0.925,1.18,2.12
1.0209,0.908,1.15,2.03
1.0215,0.901,1.14,1.99
1.022,0.911,1.15,2
1.0225,0.908,1.14,1.99
1.023,0.89,1.11,1.93
1.0235,0.883,1.09,1.9
1.0241,0.879,1.09,1.88
1.0246,0.876,1.07,1.85
1.0251,0.87,1.06,1.82
1.0256,0.882,1.08,1.88
1.0262,0.901,1.11,1.95
1.0267,0.912,1.13,1.99
1.0272,0.921,1.15,2.06
1.0277,0.935,1.18,2.16
1.0283,0.945,1.19,2.21
1.0288,0.945,1.19,2.23
1.0293,0.946,1.19,2.24
1.0299,0.947,1.2,2.28
1.0304,0.948,1.19,2.21
1.0309,0.942,1.17,2.08
1.0315,0.936,1.15,1.97
1.032,0.935,1.14,1.92
1.0325,0.931,1.13,1.86
1.0331,0.939,1.14,1.91
1.0336,0.952,1.16,1.96
1.0341,0.969,1.19,2.05
1.0347,0.983,1.21,2.16
1.0352,0.996,1.25,2.24
1.0357,1.01,1.29,2.33
1.0363,1.03,1.34,2.49
1.0368,1.05,1.38,2.63
1.0373,1.09,1.43,2.76
1.0379,1.11,1.49,2.83
1.0384,1.13,1.53,2.94
1.039,1.15,1.57,3.06
1.0395,1.17,1.61,3.18
1.04,1.2,1.66,3.29
1.0406,1.22,1.69,3.35
1.0411,1.23,1.72,3.38
1.0417,1.25,1.74,3.42
1.0422,1.28,1.79,3.46
1.0428,1.31,1.86,3.62
1.0433,1.35,1.94,3.91
1.0438,1.4,2.04,4.15
1.0444,1.46,2.17,4.44
1.0449,1.52,2.3,4.88
1.0455,1.58,2.41,5.01
1.046,1.64,2.52,5.11
1.0466,1.72,2.63,5.21
1.0471,1.81,2.74,5.3
1.0477,1.92,2.91,5.7
1.0482,2.07,3.24,6.41
1.0488,2.29,3.71,7.61
1.0493,2.65,4.48,9.42
1.0499,3.35,6.08,13.8
1.0504,3.72,6.87,14.8
1.051,3.84,7.09,14.8
1.0515,4.01,7.33,14.9
1.0521,4.2,7.61,15.5
1.0526,4.19,7.48,14.8
1.0532,4.43,7.8,15
1.0537,4.54,7.92,15
1.0543,4.79,8.28,16.2
1.0549,5.34,9.01,19.3
1.0554,5.5,9.17,19.9
1.056,5.59,9.24,19.6
1.0565,5.75,9.43,19.9
1.0571,5.9,9.58,20
1.0576,5.99,9.67,20
1.0582,6.03,9.71,19.7
1.0588,6.06,9.72,19.2
1.0593,6.2,9.89,19.5
1.0599,6.34,10.1,20.4
1.0604,6.21,9.93,20.2
1.061,6.12,9.82,19.9
1.0616,6.07,9.73,19.6
1.0621,6.01,9.63,19.2
1.0627,5.93,9.49,18.6
1.0633,5.89,9.44,18.4
1.0638,5.84,9.38,18.1
1.0644,5.85,9.34,17.8
1.065,5.81,9.25,17
1.0655,5.68,9.1,16.4
1.0661,5.57,8.94,15.5
1.0667,5.44,8.75,15
1.0672,5.32,8.57,14.9
1.0678,5.18,8.36,14.8
1.0684,5.06,8.18,14.7
1.0689,4.98,8.04,14.6
1.0695,4.88,7.9,14.5
1.0701,4.79,7.79,14.4
1.0707,4.78,7.76,14.4
1.0712,4.79,7.74,14.4
1.0718,4.77,7.66,14.3
1.0724,4.76,7.59,14.2
1.073,4.77,7.6,14.2
1.0735,4.77,7.63,14.2
1.0741,4.75,7.54,14.1
1.0747,4.71,7.3,13.8
1.0753,4.71,7.4,13.9
1.0758,4.62,7.34,13.9
1.0764,4.53,7.21,13.7
1.077,4.42,6.92,13.2
1.0776,4.34,6.68,12.9
1.0782,4.25,6.76,13.1
1.0787,4.17,6.71,13.1
1.0793,4.09,6.59,12.9
1.0799,4.02,6.39,12.3
1.0805,3.92,6.24,11.7
1.0811,3.81,6.12,11.2
1.0817,3.73,6.08,11.3
1.0823,3.64,6.03,11.3
1.0828,3.56,5.93,10.9
1.0834,3.48,5.66,9.84
1.084,3.4,5.49,9.66
1.0846,3.33,5.54,9.79
1.0852,3.29,5.45,9.69
1.0858,3.33,5.22,9.26
1.0864,3.4,5.21,9.22
1.087,3.38,5.32,9.34
1.0875,3.38,5.31,9.35
1.0881,3.42,5.35,9.4
1.0887,3.4,5.25,9.14
1.0893,3.4,5.19,8.9
1.0899,3.39,5.05,8.44
1.0905,3.25,4.9,8.05
1.0911,3.08,4.76,8.03
1.0917,3.06,4.77,8.07
1.0923,2.86,4.43,7.59
1.0929,2.86,4.4,7.45
1.0935,2.71,4.27,7.64
1.0941,2.57,4.12,7.47
1.0947,2.58,4.19,7.4
1.0953,2.33,3.89,6.89
1.0959,2.31,3.87,6.77
1.0965,2.41,3.99,7.13
1.0971,2.48,4.11,7.58
1.0977,2.57,4.17,7.23
1.0983,2.36,3.94,6.84
1.0989,2.29,3.86,6.75
1.0995,2.61,4.13,6.67
1.1001,2.54,4.06,6.57
1.1007,2.66,4.17,6.83
1.1013,2.82,4.32,7.14
1.1019,2.79,4.25,6.83
1.1025,2.86,4.24,6.51
1.1031,2.74,4.14,6.47
1.1038,2.61,4.04,6.45
1.1044,2.67,4.04,6.39
1.105,2.4,3.72,6.16
1.1056,1.28,2.37,4.97
1.1062,1.52,2.57,4.88
1.1068,2.33,3.47,5.52
1.1074,2.05,3.08,5.16
1.108,1.6,2.51,4.38
1.1086,1.64,2.57,4.51
1.1093,1.8,2.72,4.73
1.1099,1.73,2.62,4.52
1.1105,1.52,2.31,4.14
1.1111,1.55,2.38,4.18
1.1117,1.36,2.16,4.07
1.1123,1.02,1.68,3.34
1.113,1.02,1.73,3.49
1.1136,0.804,1.4,3.04
1.1142,0.629,1.15,2.65
1.1148,0.757,1.38,3.15
1.1154,0.651,1.22,2.83
1.1161,0.489,0.969,2.36
1.1167,0.452,0.911,2.27
1.1173,0.397,0.811,2.05
1.1179,0.458,0.92,2.25
1.1186,0.496,0.969,2.25
1.1192,0.525,0.998,2.24
1.1198,0.606,1.1,2.33
1.1204,0.654,1.13,2.26
1.1211,0.549,0.983,2.03
1.1217,0.449,0.834,1.77
1.1223,0.288,0.582,1.33
1.123,0.156,0.341,0.848
1.1236,0.163,0.353,0.866
1.1242,0.24,0.489,1.11
1.1249,0.254,0.514,1.17
1.1255,0.222,0.464,1.07
1.1261,0.183,0.391,0.943
1.1268,0.16,0.348,0.861
1.1274,0.14,0.307,0.773
1.128,0.126,0.274,0.709
1.1287,0.138,0.3,0.767
1.1293,0.138,0.298,0.756
1.1299,0.139,0.302,0.774
1.1306,0.147,0.316,0.814
1.1312,0.171,0.367,0.937
1.1319,0.155,0.338,0.87
1.1325,0.143,0.313,0.83
1.1331,0.144,0.316,0.836
1.1338,0.133,0.292,0.779
1.1344,0.14,0.306,0.802
1.1351,0.101,0.218,0.576
1.1357,0.0767,0.172,0.48
1.1364,0.113,0.251,0.685
1.137,0.141,0.309,0.818
1.1377,0.151,0.33,0.875
1.1383,0.173,0.373,0.992
1.139,0.194,0.419,1.1
1.1396,0.203,0.437,1.12
1.1403,0.2,0.433,1.12
1.1409,0.208,0.448,1.15
1.1416,0.216,0.462,1.16
1.1422,0.234,0.495,1.2
1.1429,0.221,0.467,1.15
1.1435,0.188,0.402,1.01
1.1442,0.224,0.466,1.13
1.1448,0.249,0.507,1.18
1.1455,0.252,0.511,1.17
1.1461,0.277,0.546,1.2
1.1468,0.251,0.502,1.12
1.1474,0.231,0.467,1.04
1.1481,0.229,0.463,1.03
1.1488,0.214,0.436,0.989
1.1494,0.164,0.348,0.834
1.1501,0.163,0.346,0.827
1.1507,0.15,0.324,0.796
1.1514,0.126,0.279,0.711
1.1521,0.119,0.267,0.688
1.1527,0.0992,0.225,0.601
1.1534,0.0849,0.195,0.528
1.1541,0.073,0.169,0.47
1.1547,0.0653,0.149,0.414
1.1554,0.0561,0.129,0.361
1.1561,0.0522,0.121,0.338
1.1567,0.0526,0.121,0.334
1.1574,0.0601,0.136,0.377
1.1581,0.0817,0.18,0.5
1.1587,0.0913,0.2,0.553
1.1594,0.0793,0.173,0.486
1.1601,0.0662,0.145,0.401
1.1608,0.0646,0.14,0.381
1.1614,0.0579,0.126,0.343
1.1621,0.043,0.099,0.267
1.1628,0.046,0.109,0.303
1.1635,0.0522,0.124,0.351
1.1641,0.0545,0.129,0.366
1.1648,0.0609,0.143,0.407
1.1655,0.0701,0.16,0.447
1.1662,0.0706,0.157,0.441
1.1669,0.0672,0.149,0.417
1.1675,0.0694,0.153,0.427
1.1682,0.0888,0.195,0.533
1.1689,0.101,0.224,0.605
1.1696,0.0924,0.207,0.567
1.1703,0.105,0.234,0.624
1.171,0.131,0.292,0.748
1.1716,0.129,0.288,0.743
1.1723,0.129,0.287,0.748
1.173,0.146,0.32,0.817
1.1737,0.155,0.337,0.842
1.1744,0.171,0.367,0.898
1.1751,0.201,0.422,0.975
1.1758,0.216,0.45,1.01
1.1765,0.244,0.498,1.08
1.1772,0.255,0.515,1.1
1.1779,0.215,0.446,1.02
1.1786,0.21,0.439,1.02
1.1792,0.229,0.474,1.07
1.1799,0.187,0.398,0.981
1.1806,0.168,0.36,0.938
1.1813,0.19,0.404,1.01
1.182,0.185,0.395,0.996
1.1827,0.188,0.402,1.01
1.1834,0.177,0.376,0.98
1.1841,0.166,0.356,0.944
1.1848,0.183,0.39,1
1.1855,0.171,0.368,0.967
1.1862,0.193,0.412,1.03
1.1869,0.19,0.407,1
1.1876,0.14,0.306,0.813
1.1884,0.151,0.328,0.857
1.1891,0.197,0.416,1
1.1898,0.254,0.52,1.15
1.1905,0.246,0.506,1.14
1.1912,0.228,0.472,1.09
1.1919,0.197,0.417,1.01
1.1926,0.199,0.423,1.02
1.1933,0.243,0.507,1.13
1.194,0.267,0.551,1.17
1.1947,0.288,0.588,1.19
1.1955,0.295,0.598,1.19
1.1962,0.322,0.645,1.21
1.1969,0.335,0.669,1.23
1.1976,0.413,0.773,1.35
1.1983,0.502,0.835,1.4
1.199,0.478,0.818,1.38
1.1998,0.432,0.78,1.33
1.2005,0.391,0.737,1.25
1.2012,0.42,0.769,1.28
1.2019,0.456,0.794,1.29
1.2026,0.496,0.822,1.32
1.2034,0.526,0.842,1.34
1.2041,0.595,0.892,1.37
1.2048,0.648,0.924,1.39
1.2055,0.686,0.943,1.41
1.2063,0.742,0.969,1.43
1.207,0.741,0.966,1.43
1.2077,0.759,0.976,1.44
1.2085,0.832,1.01,1.57
1.2092,0.848,1.02,1.59
1.2099,0.818,1.01,1.55
1.2107,0.819,1,1.54
1.2114,0.841,1.01,1.56
1.2121,0.846,1.01,1.56
1.2129,0.837,1.01,1.53
1.2136,0.845,1.01,1.53
1.2143,0.874,1.02,1.57
1.2151,0.882,1.03,1.58
1.2158,0.881,1.03,1.59
1.2165,0.886,1.04,1.62
1.2173,0.892,1.06,1.65
1.218,0.901,1.08,1.69
1.2188,0.917,1.1,1.77
1.2195,0.931,1.12,1.85
1.2203,0.929,1.13,1.89
1.221,0.934,1.14,1.92
1.2217,0.952,1.17,1.98
1.2225,0.965,1.19,2.06
1.2232,0.977,1.21,2.15
1.224,0.989,1.25,2.22
1.2247,1,1.3,2.29
1.2255,1.01,1.33,2.39
1.2262,1.02,1.34,2.46
1.227,1.01,1.34,2.48
1.2277,1.01,1.34,2.51
1.2285,0.996,1.34,2.53
1.2293,0.979,1.32,2.52
1.23,0.956,1.29,2.51
1.2308,0.942,1.28,2.48
1.2315,0.988,1.36,2.64
1.2323,1.04,1.44,2.77
1.233,1.09,1.53,2.89
1.2338,1.13,1.59,3.01
1.2346,1.09,1.55,2.89
1.2353,1.1,1.57,2.91
1.2361,1.19,1.68,3.12
1.2369,1.21,1.72,3.16
1.2376,1.28,1.82,3.26
1.2384,1.38,1.95,3.38
1.2392,1.45,2.04,3.45
1.2399,1.56,2.21,3.73
1.2407,1.62,2.31,3.96
1.2415,1.71,2.45,4.13
1.2422,1.76,2.54,4.23
1.243,1.86,2.68,4.49
1.2438,1.94,2.8,4.81
1.2446,1.97,2.87,4.98
1.2453,2,2.93,5.06
1.2461,1.94,2.83,4.98
1.2469,1.95,2.83,4.99
1.2477,1.96,2.85,5.05
1.2484,1.94,2.84,5.09
1.2492,1.92,2.84,5.15
1.25,1.92,2.84,5.2
1.2508,1.77,2.65,4.98
1.2516,1.64,2.46,4.69
1.2523,1.56,2.3,4.38
1.2531,1.49,2.19,4.22
1.2539,1.44,2.1,4.12
1.2547,1.4,2.01,3.98
1.2555,1.37,1.97,3.92
1.2563,1.35,1.94,3.91
1.2571,1.32,1.9,3.87
1.2579,1.3,1.87,3.83
1.2587,1.28,1.84,3.79
1.2594,1.26,1.81,3.76
1.2602,1.25,1.8,3.8
1.261,1.28,1.87,4.01
1.2618,1.32,1.95,4.22
1.2626,1.35,2.04,4.48
1.2634,1.38,2.14,4.87
1.2642,1.44,2.3,5.27
1.265,1.52,2.52,5.93
1.2658,1.48,2.39,5.55
1.2666,1.43,2.27,5.24
1.2674,1.4,2.18,5.03
1.2682,1.37,2.12,4.87
1.269,1.35,2.05,4.67
1.2698,1.33,1.99,4.42
1.2706,1.34,2.01,4.48
1.2715,1.37,2.07,4.61
1.2723,1.39,2.13,4.73
1.2731,1.42,2.2,4.86
1.2739,1.46,2.26,4.96
1.2747,1.5,2.33,5.06
1.2755,1.53,2.36,5.05
1.2763,1.53,2.35,4.96
1.2771,1.54,2.34,4.87
1.278,1.55,2.33,4.78
1.2788,1.56,2.32,4.69
1.2796,1.57,2.31,4.6
1.2804,1.52,2.2,4.25
1.2812,1.42,2.01,3.89
1.2821,1.36,1.89,3.48
1.2829,1.31,1.79,3.31
1.2837,1.27,1.69,3.11
1.2845,1.23,1.63,2.87
1.2853,1.19,1.58,2.77
1.2862,1.16,1.51,2.7
1.287,1.13,1.46,2.63
1.2878,1.11,1.42,2.55
1.2887,1.09,1.39,2.47
1.2895,1.07,1.36,2.38
1.2903,1.05,1.34,2.33
1.2912,1.04,1.33,2.32
1.292,1.03,1.32,2.31
1.2928,1.03,1.31,2.31
1.2937,1.02,1.3,2.32
1.2945,1.01,1.29,2.31
1.2953,1.01,1.27,2.27
1.2962,0.999,1.23,2.18
1.297,0.99,1.21,2.08
1.2979,0.982,1.19,1.99
1.2987,0.975,1.18,1.94
1.2995,0.965,1.16,1.88
1.3004,0.96,1.15,1.86
1.3012,0.96,1.15,1.87
1.3021,0.948,1.14,1.87
1.3029,0.942,1.14,1.87
1.3038,0.943,1.15,1.9
1.3046,0.919,1.12,1.85
1.3055,0.907,1.1,1.82
1.3063,0.923,1.12,1.85
1.3072,0.905,1.1,1.79
1.308,0.893,1.08,1.69
1.3089,0.905,1.1,1.71
1.3098,0.865,1.05,1.64
1.3106,0.824,1.02,1.58
1.3115,0.826,1.02,1.59
1.3123,0.758,0.985,1.51
1.3132,0.822,1.02,1.63
1.3141,0.779,1.01,1.62
1.3149,0.744,0.987,1.58
1.3158,0.748,0.996,1.63
1.3167,0.614,0.924,1.44
1.3175,0.601,0.923,1.45
1.3184,0.431,0.811,1.35
1.3193,0.498,0.873,1.43
1.3201,0.595,0.97,1.62
1.321,0.678,1.01,1.69
1.3219,0.575,0.967,1.65
1.3228,0.533,0.953,1.65
1.3236,0.398,0.887,1.64
1.3245,0.304,0.67,1.33
1.3254,0.391,0.771,1.39
1.3263,0.603,1.02,1.85
1.3271,0.735,1.09,1.9
1.328,0.687,1.03,1.73
1.3289,0.636,0.996,1.66
1.3298,0.358,0.704,1.33
1.3307,0.155,0.383,0.969
1.3316,0.122,0.384,1.05
1.3324,0.435,0.776,1.35
1.3333,0.523,0.846,1.4
1.3342,0.469,0.835,1.51
1.3351,0.463,0.846,1.56
1.336,0.453,0.84,1.57
1.3369,0.34,0.702,1.5
1.3378,0.274,0.568,1.27
1.3387,0.304,0.618,1.35
1.3396,0.314,0.665,1.47
1.3405,0.243,0.541,1.42
1.3414,0.197,0.388,0.955
1.3423,0.209,0.404,0.947
1.3432,0.198,0.381,0.825
1.3441,0.205,0.403,0.859
1.345,0.203,0.412,0.906
1.3459,0.162,0.343,0.856
1.3468,0.15,0.326,0.83
1.3477,0.151,0.311,0.735
1.3486,0.188,0.376,0.87
1.3495,0.198,0.406,0.905
1.3504,0.148,0.305,0.721
1.3514,0.167,0.349,0.87
1.3523,0.161,0.334,0.864
1.3532,0.119,0.239,0.571
1.3541,0.12,0.25,0.625
1.355,0.128,0.262,0.627
1.3559,0.102,0.221,0.567
1.3569,0.0628,0.146,0.434
1.3578,0.0727,0.16,0.462
1.3587,0.101,0.207,0.51
1.3596,0.0885,0.19,0.473
1.3605,0.11,0.247,0.692
1.3615,0.126,0.268,0.713
1.3624,0.104,0.226,0.6
1.3633,0.0994,0.226,0.62
1.3643,0.0971,0.206,0.554
1.3652,0.0937,0.199,0.502
1.3661,0.101,0.229,0.588
1.3671,0.115,0.256,0.653
1.368,0.118,0.255,0.641
1.3689,0.158,0.323,0.799
1.3699,0.201,0.392,0.889
1.3708,0.149,0.337,0.83
1.3717,0.111,0.235,0.66
1.3727,0.121,0.26,0.705
1.3736,0.144,0.316,0.81
1.3746,0.137,0.274,0.715
1.3755,0.13,0.265,0.638
1.3765,0.119,0.265,0.668
1.3774,0.103,0.227,0.599
1.3784,0.108,0.221,0.55
1.3793,0.114,0.234,0.572
1.3803,0.103,0.222,0.579
1.3812,0.103,0.214,0.55
1.3822,0.113,0.245,0.621
1.3831,0.11,0.238,0.61
1.3841,0.0959,0.205,0.468
1.385,0.104,0.223,0.549
1.386,0.117,0.237,0.577
1.387,0.0955,0.197,0.485
1.3879,0.096,0.204,0.534
1.3889,0.116,0.236,0.574
1.3899,0.101,0.202,0.485
1.3908,0.0802,0.167,0.401
1.3918,0.091,0.184,0.462
1.3928,0.0946,0.191,0.472
1.3937,0.0916,0.2,0.512
1.3947,0.127,0.265,0.641
1.3957,0.135,0.281,0.687
1.3966,0.103,0.23,0.605
1.3976,0.082,0.174,0.427
1.3986,0.0797,0.169,0.419
1.3996,0.08,0.19,0.53
1.4006,0.0834,0.194,0.541
1.4015,0.0764,0.162,0.426
1.4025,0.0748,0.155,0.374
1.4035,0.104,0.206,0.469
1.4045,0.11,0.223,0.522
1.4055,0.085,0.194,0.519
1.4065,0.0955,0.205,0.512
1.4075,0.103,0.218,0.545
1.4085,0.0739,0.173,0.507
1.4094,0.0736,0.167,0.427
1.4104,0.101,0.204,0.47
1.4114,0.108,0.22,0.524
1.4124,0.116,0.234,0.551
1.4134,0.164,0.336,0.936
1.4144,0.193,0.402,1.01
1.4154,0.168,0.347,0.858
1.4164,0.183,0.374,1.01
1.4174,0.191,0.392,1.02
1.4184,0.19,0.369,0.809
1.4194,0.207,0.394,0.869
1.4205,0.25,0.492,1.2
1.4215,0.241,0.486,1.19
1.4225,0.23,0.447,0.984
1.4235,0.263,0.507,1.11
1.4245,0.215,0.442,1.05
1.4255,0.228,0.45,1.02
1.4265,0.296,0.56,1.15
1.4276,0.305,0.57,1.18
1.4286,0.267,0.526,1.21
1.4296,0.325,0.661,1.38
1.4306,0.366,0.709,1.37
1.4316,0.315,0.63,1.22
1.4327,0.343,0.674,1.27
1.4337,0.37,0.71,1.29
1.4347,0.467,0.841,1.43
1.4358,0.599,0.925,1.53
1.4368,0.594,0.906,1.47
1.4378,0.468,0.809,1.37
1.4388,0.427,0.772,1.33
1.4399,0.554,0.869,1.44
1.4409,0.493,0.827,1.42
1.442,0.442,0.773,1.34
1.443,0.533,0.837,1.41
1.444,0.502,0.812,1.4
1.4451,0.471,0.774,1.35
1.4461,0.441,0.756,1.32
1.4472,0.427,0.751,1.33
1.4482,0.474,0.808,1.43
1.4493,0.531,0.863,1.61
1.4503,0.586,0.919,1.71
1.4514,0.484,0.845,1.58
1.4524,0.459,0.815,1.43
1.4535,0.544,0.873,1.54
1.4545,0.544,0.867,1.51
1.4556,0.589,0.902,1.53
1.4567,0.625,0.925,1.52
1.4577,0.592,0.9,1.44
1.4588,0.636,0.922,1.43
1.4599,0.638,0.92,1.42
1.4609,0.691,0.953,1.48
1.462,0.769,0.998,1.57
1.4631,0.767,1,1.57
1.4641,0.825,1.04,1.63
1.4652,0.827,1.03,1.61
1.4663,0.775,0.984,1.42
1.4674,0.763,0.963,1.37
1.4684,0.757,0.942,1.29
1.4695,0.751,0.925,1.21
1.4706,0.635,0.862,1.18
1.4717,0.572,0.83,1.15
1.4728,0.591,0.836,1.15
1.4738,0.6,0.844,1.15
1.4749,0.677,0.879,1.18
1.476,0.722,0.889,1.17
1.4771,0.684,0.862,1.13
1.4782,0.519,0.768,1.03
1.4793,0.522,0.76,1.02
1.4804,0.637,0.825,1.03
1.4815,0.693,0.849,1.1
1.4826,0.677,0.844,1.09
1.4837,0.653,0.833,1.07
1.4848,0.699,0.85,1.1
1.4859,0.689,0.844,1.09
1.487,0.679,0.839,1.07
1.4881,0.692,0.845,1.06
1.4892,0.677,0.835,1.03
1.4903,0.664,0.827,1.03
1.4914,0.672,0.829,1.03
1.4925,0.677,0.83,1.03
1.4937,0.671,0.826,1.03
1.4948,0.651,0.816,1.02
1.4959,0.645,0.813,1.02
1.497,0.643,0.813,1.02
1.4981,0.653,0.818,1.02
1.4993,0.669,0.826,1.03
1.5004,0.674,0.83,1.03
1.5015,0.684,0.836,1.03
1.5026,0.696,0.843,1.04
1.5038,0.708,0.851,1.07
1.5049,0.721,0.86,1.1
1.506,0.705,0.849,1.06
1.5072,0.708,0.846,1.03
1.5083,0.704,0.84,1.03
1.5094,0.696,0.834,1.02
1.5106,0.693,0.831,1.02
1.5117,0.685,0.827,1.02
1.5129,0.681,0.825,1.02
1.514,0.685,0.827,1.02
1.5152,0.689,0.829,1.02
1.5163,0.703,0.837,1.03
1.5175,0.715,0.845,1.03
1.5186,0.729,0.855,1.05
1.5198,0.746,0.866,1.1
1.5209,0.757,0.874,1.13
1.5221,0.766,0.89,1.15
1.5232,0.775,0.905,1.17
1.5244,0.785,0.921,1.19
1.5256,0.793,0.933,1.2
1.5267,0.798,0.94,1.21
1.5279,0.802,0.946,1.22
1.5291,0.805,0.951,1.25
1.5302,0.81,0.958,1.28
1.5314,0.816,0.962,1.29
1.5326,0.821,0.965,1.29
1.5337,0.826,0.968,1.3
1.5349,0.831,0.972,1.3
1.5361,0.843,0.982,1.33
1.5373,0.858,0.993,1.36
1.5385,0.877,1.01,1.39
1.5396,0.899,1.02,1.42
1.5408,0.918,1.04,1.47
1.542,0.936,1.08,1.55
1.5432,0.954,1.11,1.62
1.5444,0.977,1.16,1.68
1.5456,1,1.19,1.79
1.5468,1.02,1.21,1.87
1.548,1.04,1.26,1.93
1.5492,1.08,1.33,1.99
1.5504,1.13,1.38,2.13
1.5516,1.15,1.43,2.24
1.5528,1.19,1.51,2.39
1.554,1.25,1.6,2.62
1.5552,1.32,1.69,2.78
1.5564,1.32,1.72,2.82
1.5576,1.33,1.75,2.93
1.5588,1.34,1.77,3.07
1.5601,1.34,1.8,3.19
1.5613,1.36,1.85,3.31
1.5625,1.38,1.9,3.41
1.5637,1.41,1.96,3.54
1.5649,1.47,2.07,3.9
1.5662,1.53,2.18,4.1
1.5674,1.59,2.28,4.28
1.5686,1.65,2.44,4.68
1.5699,1.74,2.61,5.07
1.5711,1.69,2.56,5.08
1.5723,1.62,2.46,5
1.5736,1.56,2.36,4.94
1.5748,1.5,2.27,4.85
1.576,1.46,2.2,4.63
1.5773,1.42,2.13,4.38
1.5785,1.4,2.06,4.24
1.5798,1.37,2,4.14
1.581,1.41,2.07,4.25
1.5823,1.46,2.19,4.54
1.5835,1.54,2.32,4.87
1.5848,1.63,2.52,5.17
1.586,1.71,2.65,5.32
1.5873,1.81,2.77,5.57
1.5886,1.93,2.96,5.91
1.5898,2.09,3.19,6.17
1.5911,2.19,3.33,6.33
1.5924,2.28,3.46,6.5
1.5936,2.39,3.64,6.79
1.5949,2.51,3.8,7.04
1.5962,2.59,3.94,7.29
1.5974,2.62,3.98,7.33
1.5987,2.7,4.1,7.56
1.6,2.72,4.13,7.68
1.6013,2.57,3.9,7.14
1.6026,2.5,3.81,6.77
1.6038,2.17,3.32,6.2
1.6051,2.05,3.11,5.57
1.6064,2.05,3.11,5.7
1.6077,1.8,2.7,4.95
1.609,1.75,2.61,4.64
1.6103,1.66,2.47,4.4
1.6116,1.47,2.15,3.95
1.6129,1.43,2.07,3.76
1.6142,1.21,1.77,3.28
1.6155,1.12,1.58,2.7
1.6168,1.07,1.53,2.7
1.6181,0.864,1.23,2.25
1.6194,0.834,1.18,2.06
1.6207,0.801,1.17,2.08
1.6221,0.706,1.05,1.84
1.6234,0.562,0.924,1.61
1.6247,0.456,0.817,1.5
1.626,0.512,0.846,1.43
1.6273,0.467,0.763,1.25
1.6287,0.416,0.715,1.21
1.63,0.359,0.665,1.19
1.6313,0.305,0.563,1.05
1.6327,0.224,0.455,0.99
1.634,0.213,0.434,0.922
1.6353,0.235,0.455,0.915
1.6367,0.187,0.386,0.836
1.638,0.231,0.453,0.902
1.6393,0.221,0.425,0.873
1.6407,0.261,0.519,0.983
1.642,0.277,0.544,0.987
1.6434,0.249,0.467,0.865
1.6447,0.211,0.411,0.829
1.6461,0.164,0.325,0.689
1.6474,0.11,0.265,0.644
1.6488,0.0717,0.159,0.389
1.6502,0.0748,0.158,0.394
1.6515,0.143,0.319,0.703
1.6529,0.168,0.33,0.706
1.6543,0.117,0.214,0.469
1.6556,0.112,0.204,0.429
1.657,0.177,0.4,0.869
1.6584,0.195,0.407,0.871
1.6598,0.189,0.391,0.886
1.6611,0.221,0.428,0.893
1.6625,0.175,0.324,0.687
1.6639,0.173,0.309,0.63
1.6653,0.0788,0.2,0.497
1.6667,0.0615,0.182,0.472
1.6681,0.153,0.317,0.737
1.6694,0.156,0.337,0.76
1.6708,0.16,0.321,0.718
1.6722,0.221,0.408,0.81
1.6736,0.206,0.383,0.789
1.675,0.225,0.42,0.87
1.6764,0.245,0.464,0.909
1.6779,0.226,0.437,0.899
1.6793,0.287,0.5,0.961
1.6807,0.227,0.44,0.932
1.6821,0.252,0.486,0.938
1.6835,0.271,0.488,0.931
1.6849,0.203,0.392,0.854
1.6863,0.197,0.384,0.845
1.6878,0.19,0.366,0.791
1.6892,0.222,0.423,0.865
1.6906,0.193,0.396,0.84
1.692,0.133,0.299,0.718
1.6935,0.112,0.242,0.572
1.6949,0.132,0.279,0.683
1.6964,0.139,0.284,0.681
1.6978,0.122,0.248,0.574
1.6992,0.121,0.24,0.558
1.7007,0.105,0.211,0.467
1.7021,0.0744,0.167,0.417
1.7036,0.0595,0.14,0.344
1.705,0.0506,0.119,0.303
1.7065,0.0457,0.0997,0.246
1.7079,0.0522,0.109,0.257
1.7094,0.0596,0.124,0.301
1.7109,0.0797,0.162,0.418
1.7123,0.0834,0.166,0.415
1.7138,0.0957,0.179,0.401
1.7153,0.133,0.259,0.664
1.7167,0.142,0.278,0.683
1.7182,0.128,0.234,0.518
1.7197,0.1,0.19,0.443
1.7212,0.0788,0.146,0.328
1.7227,0.0662,0.129,0.293
1.7241,0.0612,0.119,0.27
1.7256,0.0655,0.126,0.276
1.7271,0.0663,0.135,0.315
1.7286,0.0744,0.167,0.381
1.7301,0.0717,0.172,0.416
1.7316,0.0799,0.188,0.52
1.7331,0.104,0.227,0.55
1.7346,0.102,0.22,0.507
1.7361,0.131,0.291,0.723
1.7376,0.151,0.312,0.728
1.7391,0.14,0.265,0.566
1.7406,0.171,0.361,0.895
1.7422,0.22,0.444,0.962
1.7437,0.185,0.361,0.78
1.7452,0.209,0.426,0.931
1.7467,0.241,0.47,0.971
1.7483,0.182,0.359,0.809
1.7498,0.198,0.39,0.914
1.7513,0.237,0.455,0.982
1.7528,0.208,0.404,0.871
1.7544,0.156,0.314,0.738
1.7559,0.167,0.353,0.83
1.7575,0.203,0.411,0.942
1.759,0.177,0.347,0.854
1.7606,0.194,0.374,0.835
1.7621,0.191,0.376,0.838
1.7637,0.155,0.307,0.689
1.7652,0.146,0.297,0.694
1.7668,0.144,0.295,0.698
1.7683,0.147,0.295,0.686
1.7699,0.121,0.251,0.622
1.7715,0.106,0.218,0.524
1.773,0.102,0.209,0.477
1.7746,0.0696,0.158,0.396
1.7762,0.0788,0.163,0.411
1.7778,0.114,0.226,0.544
1.7794,0.139,0.287,0.683
1.7809,0.17,0.339,0.808
1.7825,0.141,0.294,0.768
1.7841,0.0965,0.208,0.524
1.7857,0.104,0.228,0.539
1.7873,0.132,0.268,0.597
1.7889,0.112,0.242,0.56
1.7905,0.0683,0.16,0.444
1.7921,0.0699,0.166,0.445
1.7937,0.111,0.239,0.551
1.7953,0.153,0.303,0.67
1.7969,0.18,0.343,0.735
1.7986,0.174,0.343,0.837
1.8002,0.257,0.512,1.13
1.8018,0.299,0.559,1.17
1.8034,0.288,0.53,1.13
1.8051,0.299,0.547,1.15
1.8067,0.293,0.583,1.32
1.8083,0.381,0.697,1.43
1.81,0.276,0.569,1.31
1.8116,0.281,0.614,1.49
1.8132,0.367,0.712,1.58
1.8149,0.328,0.633,1.39
1.8165,0.395,0.704,1.41
1.8182,0.4,0.708,1.41
1.8198,0.447,0.801,1.65
1.8215,0.425,0.763,1.61
1.8232,0.49,0.888,1.9
1.8248,0.613,1.03,1.97
1.8265,0.517,0.93,1.94
1.8282,0.58,1.07,2.22
1.8298,0.662,1.15,2.21
1.8315,0.615,1.05,1.99
1.8332,0.51,0.894,1.81
1.8349,0.463,0.815,1.63
1.8365,0.43,0.789,1.63
1.8382,0.378,0.724,1.62
1.8399,0.377,0.726,1.66
1.8416,0.408,0.803,1.74
1.8433,0.462,0.897,1.88
1.845,0.524,0.97,1.95
1.8467,0.452,0.858,1.84
1.8484,0.404,0.759,1.66
1.8501,0.481,0.913,1.96
1.8519,0.518,0.99,2.1
1.8536,0.651,1.17,2.27
1.8553,0.688,1.2,2.26
1.857,0.636,1.14,2.19
1.8587,0.628,1.13,2.14
1.8605,0.571,1.01,1.94
1.8622,0.645,1.12,2.2
1.8639,0.728,1.21,2.21
1.8657,0.807,1.27,2.21
1.8674,0.933,1.36,2.38
1.8692,0.971,1.41,2.43
1.8709,0.996,1.45,2.44
1.8727,1.03,1.5,2.45
1.8744,1.02,1.49,2.49
1.8762,1.06,1.55,2.58
1.8779,1.14,1.6,2.63
1.8797,1.14,1.59,2.61
1.8815,1.11,1.54,2.54
1.8832,1.12,1.55,2.53
1.885,1.15,1.58,2.52
1.8868,1.11,1.52,2.42
1.8886,1.11,1.51,2.36
1.8904,1.1,1.49,2.3
1.8921,1.07,1.44,2.26
1.8939,1.07,1.43,2.25
1.8957,1.03,1.39,2.19
1.8975,1.01,1.35,2.14
1.8993,1.03,1.38,2.16
1.9011,1.02,1.41,2.25
1.9029,0.975,1.35,2.18
1.9048,0.972,1.27,1.96
1.9066,0.945,1.25,1.96
1.9084,0.909,1.2,1.92
1.9102,0.879,1.14,1.82
1.912,0.825,1.06,1.63
1.9139,0.839,1.07,1.63
1.9157,0.819,1.03,1.55
1.9175,0.802,0.997,1.48
1.9194,0.767,0.96,1.32
1.9212,0.723,0.951,1.35
1.9231,0.727,0.944,1.33
1.9249,0.631,0.868,1.19
1.9268,0.604,0.822,1.12
1.9286,0.694,0.87,1.16
1.9305,0.686,0.865,1.16
1.9324,0.625,0.817,1.05
1.9342,0.633,0.825,1.05
1.9361,0.652,0.828,1.03
1.938,0.621,0.802,1.02
1.9399,0.6,0.792,1.02
1.9417,0.559,0.742,1.02
1.9436,0.535,0.684,0.905
1.9455,0.524,0.676,0.897
1.9474,0.483,0.638,0.887
1.9493,0.494,0.632,0.894
1.9512,0.506,0.629,0.864
1.9531,0.509,0.658,0.886
1.955,0.486,0.648,0.913
1.9569,0.502,0.674,0.956
1.9589,0.509,0.689,0.963
1.9608,0.503,0.678,0.952
1.9627,0.505,0.672,0.925
1.9646,0.469,0.631,0.898
1.9666,0.504,0.678,0.956
1.9685,0.499,0.676,0.959
1.9704,0.516,0.691,0.957
1.9724,0.528,0.693,0.943
1.9743,0.505,0.65,0.885
1.9763,0.514,0.668,0.913
1.9782,0.537,0.703,0.958
1.9802,0.504,0.652,0.908
1.9822,0.477,0.617,0.862
1.9841,0.507,0.648,0.867
1.9861,0.529,0.705,0.989
1.9881,0.523,0.716,0.998
1.99,0.503,0.679,0.968
1.992,0.505,0.66,0.923
1.994,0.501,0.663,0.956
1.996,0.511,0.686,0.975
1.998,0.506,0.675,0.969
2,0.519,0.683,0.962
2.002,0.521,0.687,0.963
2.004,0.515,0.679,0.956
2.006,0.517,0.689,0.961
2.008,0.515,0.691,0.973
2.0101,0.514,0.699,0.993
2.0121,0.511,0.684,0.981
2.0141,0.498,0.653,0.94
2.0161,0.498,0.65,0.945
2.0182,0.484,0.622,0.893
2.0202,0.486,0.63,0.875
2.0222,0.492,0.65,0.935
2.0243,0.495,0.662,0.955
2.0263,0.494,0.674,0.999
2.0284,0.493,0.685,1.01
2.0305,0.483,0.669,0.997
2.0325,0.474,0.651,0.982
2.0346,0.469,0.652,0.993
2.0367,0.458,0.636,0.989
2.0387,0.448,0.619,0.965
2.0408,0.445,0.619,0.969
2.0429,0.437,0.61,0.961
2.045,0.427,0.597,0.939
2.0471,0.42,0.588,0.926
2.0492,0.413,0.58,0.909
2.0513,0.404,0.566,0.872
2.0534,0.397,0.557,0.871
2.0555,0.388,0.543,0.859
2.0576,0.38,0.53,0.847
2.0597,0.371,0.52,0.84
2.0619,0.363,0.509,0.828
2.064,0.354,0.497,0.808
2.0661,0.345,0.485,0.786
2.0683,0.336,0.472,0.76
2.0704,0.328,0.458,0.737
2.0725,0.319,0.446,0.725
2.0747,0.31,0.436,0.711
2.0768,0.301,0.426,0.695
2.079,0.293,0.416,0.675
2.0812,0.285,0.405,0.65
2.0833,0.277,0.394,0.626
2.0855,0.269,0.382,0.616
2.0877,0.262,0.374,0.605
2.0899,0.256,0.366,0.592
2.0921,0.249,0.358,0.578
2.0942,0.244,0.351,0.563
2.0964,0.239,0.344,0.547
2.0986,0.234,0.338,0.532
2.1008,0.23,0.332,0.527
2.103,0.228,0.329,0.524
2.1053,0.225,0.324,0.52
2.1075,0.225,0.323,0.519
2.1097,0.224,0.322,0.517
2.1119,0.224,0.323,0.518
2.1142,0.225,0.324,0.52
2.1164,0.228,0.328,0.523
2.1186,0.23,0.332,0.527
2.1209,0.233,0.337,0.531
2.1231,0.237,0.343,0.545
2.1254,0.242,0.35,0.562
2.1277,0.248,0.357,0.577
2.1299,0.254,0.365,0.591
2.1322,0.26,0.373,0.603
2.1345,0.267,0.381,0.614
2.1368,0.266,0.383,0.619
2.139,0.273,0.394,0.628
2.1413,0.27,0.395,0.641
2.1436,0.271,0.397,0.651
2.1459,0.285,0.412,0.677
2.1482,0.263,0.393,0.656
2.1505,0.25,0.38,0.643
2.1529,0.265,0.399,0.676
2.1552,0.235,0.372,0.646
2.1575,0.243,0.379,0.653
2.1598,0.223,0.366,0.648
2.1622,0.19,0.325,0.606
2.1645,0.198,0.33,0.605
2.1668,0.146,0.264,0.502
2.1692,0.13,0.25,0.49
2.1716,0.118,0.223,0.45
2.1739,0.119,0.216,0.44
2.1763,0.134,0.234,0.449
2.1786,0.137,0.236,0.462
2.181,0.173,0.285,0.524
2.1834,0.176,0.288,0.523
2.1858,0.195,0.312,0.552
2.1882,0.196,0.309,0.534
2.1906,0.191,0.301,0.523
2.193,0.194,0.302,0.521
2.1954,0.165,0.262,0.467
2.1978,0.115,0.213,0.421
2.2002,0.0346,0.0893,0.286
2.2026,0.0284,0.0661,0.214
2.2051,0.0751,0.177,0.395
2.2075,0.162,0.261,0.455
2.2099,0.163,0.256,0.447
2.2124,0.155,0.246,0.435
2.2148,0.135,0.228,0.427
2.2173,0.12,0.2,0.376
2.2198,0.114,0.197,0.375
2.2222,0.106,0.185,0.36
2.2247,0.109,0.186,0.359
2.2272,0.103,0.181,0.356
2.2297,0.0979,0.177,0.358
2.2321,0.0853,0.166,0.353
2.2346,0.0814,0.166,0.359
2.2371,0.0752,0.154,0.349
2.2396,0.0785,0.165,0.359
2.2422,0.0783,0.169,0.364
2.2447,0.0703,0.162,0.37
2.2472,0.063,0.149,0.356
2.2497,0.0674,0.145,0.315
2.2523,0.0625,0.135,0.314
2.2548,0.06,0.129,0.288
2.2573,0.079,0.16,0.327
2.2599,0.0574,0.135,0.318
2.2624,0.0395,0.0903,0.222
2.265,0.0635,0.136,0.297
2.2676,0.0532,0.117,0.289
2.2701,0.0426,0.0859,0.2
2.2727,0.054,0.106,0.229
2.2753,0.0411,0.0877,0.211
2.2779,0.0454,0.0975,0.231
2.2805,0.0501,0.101,0.23
2.2831,0.0322,0.0652,0.144
2.2857,0.0408,0.0803,0.182
2.2883,0.0413,0.085,0.186
2.291,0.0299,0.0657,0.147
2.2936,0.0226,0.0538,0.132
2.2962,0.0238,0.0577,0.162
2.2989,0.0229,0.0551,0.162
2.3015,0.0176,0.039,0.0935
2.3041,0.0214,0.0425,0.0921
2.3068,0.0253,0.0447,0.0919
2.3095,0.0475,0.102,0.251
2.3121,0.101,0.168,0.313
2.3148,0.0733,0.15,0.304
2.3175,0.0158,0.0472,0.176
2.3202,0.0217,0.0513,0.127
2.3229,0.0425,0.087,0.19
2.3256,0.0517,0.0948,0.194
2.3283,0.0466,0.0874,0.187
2.331,0.0381,0.08,0.186
2.3337,0.0327,0.0677,0.154
2.3364,0.036,0.0753,0.179
2.3392,0.0292,0.0696,0.181
2.3419,0.0315,0.0813,0.21
2.3447,0.0356,0.0822,0.206
2.3474,0.0246,0.0547,0.124
2.3502,0.0297,0.0651,0.147
2.3529,0.0307,0.0641,0.146
2.3557,0.0267,0.0564,0.123
2.3585,0.0391,0.0781,0.162
2.3613,0.0589,0.104,0.203
2.3641,0.0556,0.0999,0.203
2.3669,0.0445,0.0813,0.164
2.3697,0.0188,0.0531,0.131
2.3725,0.0185,0.0505,0.139
2.3753,0.0416,0.0859,0.193
2.3781,0.0509,0.108,0.227
2.381,0.0511,0.104,0.221
2.3838,0.0492,0.0995,0.209
2.3866,0.056,0.108,0.218
2.3895,0.0491,0.0946,0.195
2.3923,0.0478,0.0945,0.209
2.3952,0.0639,0.125,0.268
2.3981,0.0734,0.14,0.279
2.401,0.08,0.146,0.287
2.4038,0.0816,0.149,0.3
2.4067,0.0833,0.149,0.299
2.4096,0.0925,0.164,0.32
2.4125,0.107,0.182,0.347
2.4155,0.114,0.189,0.354
2.4184,0.0945,0.17,0.333
2.4213,0.0745,0.142,0.296
2.4242,0.059,0.125,0.292
2.4272,0.0684,0.149,0.329
2.4301,0.104,0.189,0.372
2.4331,0.11,0.202,0.394
2.4361,0.105,0.197,0.399
2.439,0.104,0.191,0.382
2.442,0.104,0.188,0.37
2.445,0.112,0.208,0.42
2.448,0.129,0.248,0.493
2.451,0.168,0.308,0.59
2.454,0.176,0.313,0.602
2.457,0.2,0.35,0.642
2.46,0.244,0.4,0.705
2.4631,0.23,0.387,0.708
2.4661,0.273,0.45,0.811
2.4691,0.284,0.476,0.845
2.4722,0.277,0.463,0.832
2.4752,0.318,0.507,0.864
2.4783,0.32,0.515,0.886
2.4814,0.325,0.531,0.937
2.4845,0.327,0.536,0.932
2.4876,0.313,0.519,0.923
2.4907,0.339,0.549,0.963
2.4938,0.428,0.657,1.09
2.4969,0.422,0.679,1.15
2.5,0.343,0.585,1.05
2.5031,0.415,0.669,1.16
2.5063,0.449,0.721,1.21
2.5094,0.361,0.617,1.15
2.5126,0.351,0.6,1.12
2.5157,0.364,0.625,1.15
2.5189,0.328,0.58,1.13
2.5221,0.338,0.595,1.14
2.5253,0.292,0.539,1.09
2.5284,0.332,0.598,1.19
2.5316,0.415,0.699,1.28
2.5349,0.329,0.589,1.17
2.5381,0.368,0.676,1.34
2.5413,0.482,0.801,1.41
2.5445,0.397,0.704,1.36
2.5478,0.3,0.569,1.19
2.551,0.233,0.473,1.02
2.5543,0.239,0.453,0.949
2.5575,0.235,0.445,0.866
2.5608,0.179,0.346,0.742
2.5641,0.124,0.262,0.607
2.5674,0.0942,0.213,0.539
2.5707,0.0857,0.183,0.478
2.574,0.0957,0.18,0.424
2.5773,0.154,0.293,0.704
2.5806,0.21,0.377,0.793
2.584,0.16,0.325,0.726
2.5873,0.0694,0.152,0.513
2.5907,0.0793,0.192,0.549
2.594,0.137,0.281,0.631
2.5974,0.172,0.366,0.843
2.6008,0.174,0.344,0.829
2.6042,0.174,0.319,0.691
2.6076,0.22,0.409,0.847
2.611,0.243,0.434,0.853
2.6144,0.303,0.537,1.06
2.6178,0.457,0.77,1.43
2.6212,0.493,0.82,1.52
2.6247,0.518,0.861,1.61
2.6281,0.677,1.04,1.78
2.6316,0.749,1.14,1.94
2.635,0.825,1.22,2.09
2.6385,0.912,1.31,2.16
2.642,1.01,1.42,2.27
2.6455,1.13,1.57,2.49
2.649,1.25,1.7,2.69
2.6525,1.24,1.71,2.64
2.656,1.27,1.76,2.69
2.6596,1.42,1.9,2.74
2.6631,1.44,1.88,2.69
2.6667,1.55,1.95,2.71
2.6702,1.51,1.94,2.73
2.6738,1.53,1.98,2.76
2.6774,1.69,2.1,2.79
2.681,1.7,2.15,2.83
2.6846,1.65,2.16,2.95
2.6882,1.55,2.09,2.95
2.6918,1.58,2.07,2.84
2.6954,1.68,2.13,2.85
2.6991,1.77,2.23,3.18
2.7027,1.72,2.25,3.26
2.7064,1.74,2.23,3.24
2.71,1.65,2.09,2.83
2.7137,1.66,2.15,3.06
2.7174,1.73,2.18,3.06
2.7211,1.68,2.09,2.79
2.7248,1.7,2.13,2.87
2.7285,1.68,2.2,3.24
2.7322,1.59,2.12,3.13
2.736,1.62,2.09,2.86
2.7397,1.64,2.07,2.81
2.7435,1.87,2.35,3.33
2.7473,1.78,2.4,3.37
2.751,1.69,2.25,3.26
2.7548,1.61,2.15,3.02
2.7586,1.42,1.99,2.84
2.7624,1.33,1.82,2.76
2.7663,1.35,1.84,2.74
2.7701,1.4,1.94,2.79
2.7739,1.33,1.88,2.8
2.7778,1.43,1.92,2.79
2.7816,1.22,1.69,2.69
2.7855,1.11,1.46,2.27
2.7894,1.11,1.43,2.24
2.7933,0.964,1.19,1.76
2.7972,0.952,1.15,1.65
2.8011,0.908,1.07,1.56
2.805,0.827,0.977,1.24
2.809,0.807,0.957,1.2
2.8129,0.768,0.935,1.19
2.8169,0.704,0.858,1.14
2.8209,0.681,0.836,1.02
2.8249,0.705,0.846,1.02
2.8289,0.624,0.791,1.01
2.8329,0.582,0.726,0.941
2.8369,0.643,0.809,1.01
2.8409,0.603,0.786,1.01
2.845,0.552,0.68,0.87
2.849,0.557,0.681,0.865
2.8531,0.568,0.723,0.952
2.8571,0.6,0.758,0.969
2.8612,0.564,0.69,0.872
2.8653,0.553,0.688,0.896
2.8694,0.575,0.722,0.926
2.8736,0.58,0.719,0.917
2.8777,0.572,0.724,0.933
2.8818,0.578,0.735,0.952
2.886,0.598,0.769,0.99
2.8902,0.576,0.731,0.972
2.8944,0.492,0.609,0.848
2.8986,0.47,0.592,0.849
2.9028,0.534,0.644,0.863
2.907,0.545,0.66,0.867
2.9112,0.501,0.601,0.826
2.9155,0.519,0.625,0.871
2.9197,0.56,0.686,0.874
2.924,0.56,0.679,0.871
2.9283,0.534,0.647,0.863
2.9326,0.544,0.667,0.868
2.9369,0.571,0.699,0.873
2.9412,0.57,0.699,0.876
2.9455,0.54,0.66,0.868
2.9499,0.571,0.713,0.929
2.9542,0.604,0.738,0.938
2.9586,0.57,0.701,0.894
2.963,0.563,0.693,0.892
2.9674,0.588,0.724,0.934
2.9718,0.622,0.781,0.999
2.9762,0.657,0.807,1.01
2.9806,0.637,0.791,0.998
2.9851,0.618,0.759,0.966
2.9895,0.609,0.737,0.915
2.994,0.556,0.671,0.865
2.9985,0.464,0.584,0.817
3.003,0.532,0.644,0.864
3.0075,0.594,0.717,0.889
3.012,0.605,0.737,0.938
3.0166,0.636,0.786,0.994
3.0211,0.666,0.807,1
3.0257,0.637,0.785,0.991
3.0303,0.601,0.75,0.968
3.0349,0.639,0.804,1.01
3.0395,0.705,0.84,1.02
3.0441,0.657,0.809,1.01
3.0488,0.585,0.727,0.965
3.0534,0.569,0.7,0.954
3.0581,0.634,0.81,1.02
3.0628,0.664,0.824,1.02
3.0675,0.616,0.783,1.01
3.0722,0.618,0.78,1
3.0769,0.699,0.841,1.03
3.0817,0.742,0.869,1.11
3.0864,0.712,0.851,1.03
3.0912,0.653,0.816,1.02
3.096,0.687,0.828,1.02
3.1008,0.665,0.815,1.02
3.1056,0.569,0.695,0.871
3.1104,0.548,0.657,0.862
3.1153,0.58,0.737,0.993
3.1201,0.639,0.813,1.03
3.125,0.617,0.788,1.02
3.1299,0.562,0.734,0.992
3.1348,0.619,0.803,1.06
3.1397,0.634,0.83,1.11
3.1447,0.524,0.708,0.993
3.1496,0.528,0.697,0.972
3.1546,0.504,0.689,0.995
3.1596,0.499,0.71,1.01
3.1646,0.436,0.675,0.997
3.1696,0.277,0.484,0.81
3.1746,0.225,0.413,0.759
3.1797,0.218,0.389,0.677
3.1847,0.166,0.329,0.652
3.1898,0.109,0.234,0.479
3.1949,0.137,0.262,0.48
3.2,0.1,0.213,0.432
3.2051,0.0784,0.152,0.299
3.2103,0.0602,0.133,0.292
3.2154,0.0438,0.0852,0.177
3.2206,0.049,0.0889,0.171
3.2258,0.037,0.0715,0.148
3.231,0.0332,0.0593,0.114
3.2362,0.0243,0.0487,0.102
3.2415,0.0218,0.0413,0.0851
3.2468,0.0214,0.0402,0.084
3.252,0.0191,0.0352,0.0698
3.2573,0.0158,0.0312,0.0662
3.2626,0.0203,0.0357,0.0674
3.268,0.0218,0.0362,0.0675
3.2733,0.0247,0.0412,0.0749
3.2787,0.0282,0.0442,0.0761
3.2841,0.0316,0.0524,0.0954
3.2895,0.0362,0.0561,0.0969
3.2949,0.0357,0.0568,0.0993
3.3003,0.0334,0.054,0.0983
3.3058,0.0235,0.0387,0.0713
3.3113,0.00958,0.0294,0.0623
3.3167,0.00301,0.0104,0.041
3.3223,0.00728,0.0197,0.0558
3.3278,0.0236,0.0487,0.0985
3.3333,0.0342,0.0576,0.106
3.3389,0.0352,0.0573,0.103
3.3445,0.0308,0.0523,0.0975
3.3501,0.0275,0.0483,0.0929
3.3557,0.0265,0.0466,0.0922
3.3613,0.0293,0.0524,0.1
3.367,0.0288,0.0513,0.1
3.3727,0.0291,0.0534,0.109
3.3784,0.0307,0.0553,0.11
3.3841,0.0276,0.0531,0.116
3.3898,0.0289,0.055,0.118
3.3956,0.0336,0.0698,0.159
3.4014,0.0342,0.0715,0.16
3.4072,0.037,0.0811,0.192
3.413,0.0503,0.101,0.213
3.4188,0.0542,0.107,0.222
3.4247,0.0409,0.0898,0.211
3.4305,0.0386,0.0946,0.277
3.4364,0.0547,0.113,0.277
3.4423,0.0446,0.0884,0.189
3.4483,0.0434,0.088,0.194
3.4542,0.0691,0.15,0.36
3.4602,0.0707,0.153,0.363
3.4662,0.043,0.0958,0.252
3.4722,0.0385,0.0842,0.221
3.4783,0.0428,0.0863,0.197
3.4843,0.0393,0.0821,0.199
3.4904,0.0384,0.0816,0.201
3.4965,0.0469,0.0916,0.196
3.5026,0.0524,0.0986,0.216
3.5088,0.0571,0.105,0.219
3.5149,0.082,0.166,0.41
3.5211,0.115,0.219,0.447
3.5273,0.0631,0.148,0.4
3.5336,0.0413,0.0744,0.159
3.5398,0.0331,0.0618,0.135
3.5461,0.0388,0.0741,0.166
3.5524,0.0477,0.0863,0.187
3.5587,0.0544,0.107,0.231
3.5651,0.063,0.131,0.284
3.5714,0.0547,0.114,0.274
3.5778,0.0484,0.0946,0.22
3.5842,0.0467,0.0987,0.239
3.5907,0.0576,0.129,0.32
3.5971,0.0993,0.195,0.393
3.6036,0.0802,0.171,0.377
3.6101,0.0815,0.188,0.52
3.6166,0.135,0.247,0.533
3.6232,0.0951,0.189,0.394
3.6298,0.113,0.247,0.564
3.6364,0.156,0.286,0.577
3.643,0.111,0.223,0.466
3.6496,0.16,0.318,0.684
3.6563,0.232,0.404,0.74
3.663,0.166,0.325,0.69
3.6697,0.21,0.402,0.817
3.6765,0.311,0.52,0.958
3.6832,0.21,0.412,0.907
3.69,0.217,0.416,0.848
3.6969,0.307,0.54,1.01
3.7037,0.253,0.493,1
3.7106,0.142,0.3,0.739
3.7175,0.203,0.469,1.03
3.7244,0.242,0.497,1.04
3.7313,0.119,0.238,0.562
3.7383,0.116,0.223,0.498
3.7453,0.149,0.281,0.638
3.7523,0.181,0.358,0.834
3.7594,0.146,0.311,0.795
3.7665,0.123,0.245,0.564
3.7736,0.134,0.25,0.548
3.7807,0.162,0.289,0.596
3.7879,0.137,0.265,0.582
3.7951,0.105,0.194,0.412
3.8023,0.129,0.235,0.515
3.8095,0.186,0.336,0.694
3.8168,0.183,0.335,0.697
3.8241,0.174,0.35,0.859
3.8314,0.161,0.332,0.858
3.8388,0.0931,0.181,0.448
3.8462,0.085,0.214,0.631
3.8536,0.231,0.457,0.96
3.861,0.23,0.44,0.95
3.8685,0.127,0.256,0.619
3.876,0.131,0.265,0.64
3.8835,0.193,0.377,0.794
3.8911,0.211,0.437,0.947
3.8986,0.175,0.419,1.04
3.9062,0.166,0.342,0.966
3.9139,0.234,0.44,0.94
3.9216,0.237,0.469,0.954
3.9293,0.269,0.544,1.15
3.937,0.332,0.596,1.11
3.9448,0.36,0.625,1.11
3.9526,0.315,0.586,1.13
3.9604,0.427,0.817,1.38
3.9683,0.632,0.928,1.39
3.9761,0.316,0.696,1.31
3.9841,0.536,0.943,1.52
3.992,0.751,0.984,1.43
4,0.556,0.873,1.4
4.008,0.438,0.768,1.28
4.0161,0.764,1.02,1.72
4.0241,0.899,1.15,1.9
4.0323,0.727,1,1.66
4.0404,0.512,0.807,1.31
4.0486,0.693,0.969,1.6
4.0568,0.947,1.23,2
4.065,0.894,1.15,1.93
4.0733,0.752,1.01,1.71
4.0816,0.928,1.28,2.25
4.09,1.06,1.36,2.07
4.0984,0.942,1.2,1.95
4.1068,0.929,1.2,1.95
4.1152,0.905,1.17,1.83
4.1237,0.963,1.2,1.86
4.1322,0.954,1.16,1.71
4.1408,0.896,1.08,1.58
4.1494,0.813,1.01,1.47
4.158,0.783,0.959,1.36
4.1667,0.773,0.935,1.27
4.1754,0.791,0.956,1.29
4.1841,0.717,0.882,1.19
4.1929,0.632,0.792,1.03
4.2017,0.642,0.788,1.01
4.2105,0.677,0.817,1.02
4.2194,0.671,0.821,1.06
4.2283,0.69,0.845,1.15
4.2373,0.701,0.857,1.18
4.2463,0.712,0.871,1.21
4.2553,0.838,1.05,1.63
4.2644,0.864,1.08,1.68
4.2735,0.892,1.12,1.79
4.2827,0.847,1.09,1.8
4.2918,0.597,0.787,1.14
4.3011,0.49,0.587,0.737
4.3103,0.58,0.755,1.11
4.3197,0.808,1.01,1.47
4.329,0.966,1.2,1.97
4.3384,0.896,1.14,1.91
4.3478,0.804,0.986,1.45
